Price,BBCA_Close,BBCA_High,BBCA_Low,BBCA_Open,BBCA_Volume,BBRI_Close,BBRI_High,BBRI_Low,BBRI_Open,BBRI_Volume,BMRI_Close,BMRI_High,BMRI_Low,BMRI_Open,BMRI_Volume,BBNI_Close,BBNI_High,BBNI_Low,BBNI_Open,BBNI_Volume,BBTN_Close,BBTN_High,BBTN_Low,BBTN_Open,BBTN_Volume
Ticker,BBCA_BBCA.JK,BBCA_BBCA.JK,BBCA_BBCA.JK,BBCA_BBCA.JK,BBCA_BBCA.JK,BBRI_BBRI.JK,BBRI_BBRI.JK,BBRI_BBRI.JK,BBRI_BBRI.JK,BBRI_BBRI.JK,BMRI_BMRI.JK,BMRI_BMRI.JK,BMRI_BMRI.JK,BMRI_BMRI.JK,BMRI_BMRI.JK,BBNI_BBNI.JK,BBNI_BBNI.JK,BBNI_BBNI.JK,BBNI_BBNI.JK,BBNI_BBNI.JK,BBTN_BBTN.JK,BBTN_BBTN.JK,BBTN_BBTN.JK,BBTN_BBTN.JK,BBTN_BBTN.JK
Date,,,,,,,,,,,,,,,,,,,,,,,,,
2023-10-02,8522.4228515625,8545.900600464876,8334.600860343491,8358.078609245867,93663000,4558.3603515625,4601.773307291667,4558.3603515625,4558.3603515625,81674600,5229.52734375,5272.7465779958675,5207.917726627065,5207.917726627065,33296500,4511.0400390625,4598.633049529733,4511.0400390625,4521.989165370905,52562400,1124.348388671875,1128.8820515294228,1106.2137372416835,1106.2137372416835,12355800
2023-10-03,8639.810546875,8639.810546875,8475.466324515965,8522.421816618546,98380200,4580.06689453125,4601.773372704384,4558.360416358116,4558.360416358116,54462700,5251.13720703125,5251.13720703125,5186.308352623457,5186.308352623457,37093100,4565.78564453125,4576.734770777129,4521.989139547737,4532.938265793615,49593400,1142.4830322265625,1147.0166950528583,1119.814718095083,1128.8820437476747,23001400
2023-10-04,8639.810546875,8686.766038977581,8569.377308721127,8639.810546875,112582800,4558.3603515625,4580.066829427084,4514.947395833334,4558.3603515625,121445000,5294.3564453125,5294.3564453125,5164.698736447704,5251.137209024235,69154000,4543.88720703125,4587.683710231551,4489.1415780308735,4576.734584431476,57958800,1133.4156494140625,1147.0166372070312,1119.8146616210938,1147.0166372070312,24373900
2023-10-05,8522.4228515625,8639.81159607438,8522.4228515625,8639.81159607438,72855700,4493.240234375,4580.066132623792,4493.240234375,4558.359658061594,116814800,5294.3564453125,5359.185299744898,5272.746827168367,5315.966063456633,69566800,4543.88720703125,4554.836332831325,4532.938081231175,4554.836332831325,69727000,1128.8819580078125,1142.4829454536898,1124.3482955258535,1133.4156204897715,11212000
2023-10-06,8475.4677734375,8545.901023632272,8475.4677734375,8545.901023632272,53344400,4493.240234375,4558.359658061594,4493.240234375,4514.946708937197,70202300,5207.91748046875,5315.9655609764,5207.91748046875,5315.9655609764,25913600,4554.83642578125,4576.734677828275,4532.938173734225,4576.734677828275,41840100,1137.9493408203125,1147.0166662451754,1128.8820153954493,1133.415678107881,11251100
2023-10-09,8498.9443359375,8569.377576290573,8475.466589153142,8475.466589153142,43774500,4449.8271484375,4536.653044016769,4449.8271484375,4514.9465701219515,144477000,5099.86962890625,5229.52733133607,5099.86962890625,5207.917714264433,45321700,4467.24365234375,4554.836665134804,4423.447145948223,4554.836665134804,55808900,1137.9493408203125,1147.0166662451754,1128.8820153954493,1137.9493408203125,9371200
2023-10-10,8381.5556640625,8451.988904936974,8381.5556640625,8451.988904936974,71966100,4493.240234375,4558.359658061594,4449.827285250603,4449.827285250603,98457000,5186.30859375,5251.137451171875,5099.8701171875,5099.8701171875,42820800,4554.83642578125,4554.83642578125,4511.039921687199,4532.938173734225,27090900,1133.4156494140625,1142.482974609375,1128.8819868164062,1137.9493120117188,8401500
2023-10-11,8381.5556640625,8475.466651895133,8381.5556640625,8381.5556640625,84305800,4558.3603515625,4580.066829427084,4471.534440104167,4471.534440104167,100394800,5229.52734375,5337.575429364669,5143.088875258264,5143.088875258264,72955000,4532.9384765625,4554.836730072464,4511.040223052536,4554.836730072464,63713600,1124.348388671875,1137.9493772445187,1124.348388671875,1133.4157143869709,6198500
2023-10-12,8498.9443359375,8545.899829506216,8451.988842368784,8451.988842368784,71064500,4601.77294921875,4666.89237774543,4580.06647304319,4601.77294921875,174022400,5251.13720703125,5337.575679574974,5229.527588895318,5251.13720703125,91341800,4664.32763671875,4751.920643981074,4554.836377640845,4554.836377640845,71485100,1128.8819580078125,1142.4829454536898,1124.3482955258535,1124.3482955258535,6895000
2023-10-13,8522.4228515625,8569.378349367253,8475.467353757747,8545.900600464876,62941800,4580.06689453125,4623.4798508775175,4558.360416358116,4580.06689453125,84648800,5251.13720703125,5315.966061439043,5207.917970759388,5251.13720703125,39914700,4532.9384765625,4708.12450464221,4532.9384765625,4686.226251132247,49138900,1128.8819580078125,1137.9492829717308,1119.8146330438944,1128.8819580078125,7336100
2023-10-16,8545.900390625,8569.378138950893,8498.944893973214,8569.378138950893,29429200,4558.3603515625,4623.47978515625,4558.3603515625,4623.47978515625,45782300,5207.91748046875,5251.13671267181,5164.6982482656895,5207.91748046875,53416400,4554.83642578125,4620.531181922326,4511.039921687199,4554.83642578125,35029400,1119.814697265625,1128.882022749557,1115.281034523659,1124.348360007591,6486300
2023-10-17,8405.0341796875,8522.422925213861,8405.0341796875,8498.94517610859,59606000,4471.5341796875,4580.066562689623,4471.5341796875,4558.360086089199,127287200,5186.30859375,5207.918212890625,5121.479736328125,5186.30859375,74702300,4554.83642578125,4576.734677828275,4511.039921687199,4554.83642578125,29834000,1119.814697265625,1128.882022749557,1110.747371781693,1119.814697265625,5338000
2023-10-18,8311.1220703125,8405.033054157839,8311.1220703125,8381.555308196504,50919200,4471.5341796875,4536.653609488774,4449.827703087075,4449.827703087075,77217600,5056.650390625,5143.0888588408125,5035.040773571047,5121.479241786859,80637400,4489.1416015625,4576.734608422256,4467.243349847561,4554.836356707317,46027500,1110.747314453125,1124.3483019770408,1106.213651945153,1119.8146394690689,4446200
2023-10-19,8217.2119140625,8311.122907366072,8217.2119140625,8287.64515904018,89509700,4341.29541015625,4471.534272460937,4341.29541015625,4428.121318359375,195831400,4948.6025390625,5013.431393286026,4926.992920987991,4991.821775211517,160277800,4327.0947265625,4467.243543617156,4292.057522298836,4467.243543617156,96750500,1097.1463623046875,1115.281012921294,1092.612699650536,1110.7473502671423,17673100
2023-10-20,8428.5107421875,8475.46623378743,8193.733284187847,8193.733284187847,64554500,4384.708984375,4428.121944616337,4306.565655940594,4323.930840037129,173353600,4970.2119140625,5013.431148097826,4883.773445991847,4905.383063009511,82132000,4353.37255859375,4401.548713668731,4300.8167530574065,4327.094655825578,48517500,1097.1463623046875,1106.2136876129907,1088.0790369963843,1088.0790369963843,11902500
2023-10-23,8311.1220703125,8381.555308196504,8311.1220703125,8334.599816273834,50633500,4341.29541015625,4406.414841308594,4332.612819335937,4341.29541015625,82756100,4905.38330078125,4948.602536911481,4862.164064651019,4926.992918846366,73897500,4370.89111328125,4423.446918250564,4335.853909968374,4353.372511624812,36582200,1079.01171875,1097.1463694852941,1069.944393382353,1088.079044117647,12666200
2023-10-24,8240.689453125,8334.600444043803,8240.689453125,8240.689453125,76963200,4428.12109375,4428.12109375,4297.88223805147,4341.295189950981,104021500,4970.2119140625,5013.431148097826,4905.383063009511,4926.992680027174,72469200,4379.650390625,4445.345146484375,4353.37248828125,4379.650390625,43655100,1110.747314453125,1119.8146394690689,1069.9443518813775,1079.0116768973214,9378600
2023-10-25,8334.6005859375,8381.556082196303,8287.645089678697,8287.645089678697,54748400,4493.240234375,4514.946708937197,4428.120810688406,4428.120810688406,142215000,5056.650390625,5099.869624732906,4991.821539463142,5035.040773571047,90426500,4353.37255859375,4423.4469659755405,4344.613257671026,4423.4469659755405,49108000,1106.2137451171875,1124.3483966764857,1106.2137451171875,1110.7474080070122,7738500
2023-10-26,8193.7333984375,8405.033113583453,8193.7333984375,8381.555367456125,63199400,4271.83447265625,4493.240527641482,4271.83447265625,4493.240527641482,330618800,4926.99267578125,5056.650377775493,4926.99267578125,5013.431143777412,86348700,4274.5390625,4370.891377433401,4230.74255571209,4362.132076075819,77078100,1083.54541015625,1110.7473869802564,1074.478084548248,1106.2137241762553,12488200
2023-10-27,8170.25634765625,8264.167340158046,8170.25634765625,8193.7340957817,52450700,4341.29541015625,4384.708364257813,4289.1998652343755,4297.882456054687,129599800,4926.99267578125,4991.821526778372,4926.99267578125,4970.211909779331,90177000,4248.2607421875,4292.057244684278,4248.2607421875,4274.538643685567,39350600,1092.6126708984375,1101.679995968134,1079.0116832938927,1083.545345828741,7685100
2023-10-30,8311.1220703125,8311.1220703125,8170.255594544491,8170.255594544491,51958200,4341.29541015625,4363.001887207031,4315.247637695313,4323.9302285156255,108523700,4948.6025390625,4948.6025390625,4862.164066764465,4926.992920987991,81547000,4248.2607421875,4257.020042686856,4213.223540190077,4248.2607421875,34312600,1101.6800537109375,1101.6800537109375,1083.5454026210455,1092.6127281659915,5511800
2023-10-31,8217.2119140625,8287.64515904018,8193.734165736607,8264.167410714286,64907600,4306.56494140625,4341.295303836946,4306.56494140625,4323.930122621598,106760300,4905.38330078125,5056.650627237059,4883.773682716134,5013.431391106828,99449400,4195.705078125,4248.26088286143,4134.389972599165,4248.26088286143,62061200,1110.747314453125,1110.747314453125,1083.5453394052934,1097.1463269292092,7473700
2023-11-01,8076.34619140625,8240.690445301145,8076.34619140625,8217.21269474473,67027600,4193.69140625,4306.565087991718,4193.69140625,4271.834724378882,191567200,4883.7734375,4926.992671460177,4862.1638205199115,4926.992671460177,74281200,4221.98291015625,4318.335217234504,4195.7050082258165,4318.335217234504,58008400,1083.54541015625,1110.7473869802564,1074.478084548248,1110.7473869802564,8955300
2023-11-02,8311.1220703125,8358.077562235168,8193.733340505825,8193.733340505825,56050900,4341.29541015625,4406.414841308594,4263.152092773437,4289.1998652343755,208075400,5099.86962890625,5121.479245977886,4948.602309404793,4970.21192647643,115678200,4265.77978515625,4309.576292190709,4213.2239767149,4221.983278121792,61528700,1092.6126708984375,1115.280983572679,1083.545345828741,1083.545345828741,10661600
2023-11-03,8358.0791015625,8405.034602133075,8311.123600991925,8381.556851847788,60414100,4428.12109375,4493.240521599265,4363.001665900735,4363.001665900735,125504000,5035.04052734375,5164.698223326851,5035.04052734375,5121.478991332484,53379500,4283.29833984375,4327.09484638612,4274.539038535277,4300.816942460698,37333500,1088.0791015625,1101.680090332031,1083.5454386393228,1097.1464274088542,10516900
2023-11-06,8498.9443359375,8498.9443359375,8405.033348800069,8428.511095584427,84994200,4514.947265625,4514.947265625,4428.121356670673,4428.121356670673,122333800,5121.4794921875,5121.4794921875,5056.6506378560125,5099.869874077004,58266100,4353.37255859375,4379.650461361922,4327.094655825578,4362.131859516474,54278500,1101.6800537109375,1110.7473792558835,1088.0790653935185,1097.1463909384645,10759300
2023-11-07,8428.5107421875,8475.46623378743,8358.077504787605,8451.988487987464,60648200,4558.3603515625,4580.066829427084,4493.24091796875,4536.653873697917,137039400,5078.26025390625,5164.698726313165,5013.431399601063,5143.089108211436,56161300,4327.0947265625,4353.372629760248,4300.816823364752,4353.372629760248,38213600,1097.1463623046875,1110.7473502671423,1092.612699650536,1106.2136876129907,8227700
2023-11-08,8451.9892578125,8451.9892578125,8358.078266059027,8405.033761935763,31829300,4536.6533203125,4558.359795529306,4493.240369878888,4514.946845095694,86713700,5056.650390625,5056.650390625,4948.602305355235,4991.821539463142,63442400,4274.5390625,4335.8541720030735,4257.020459784836,4327.094870645492,30691100,1097.1463623046875,1101.680024958839,1088.0790369963843,1097.1463623046875,7750200
2023-11-09,8451.9892578125,8498.944753689235,8358.078266059027,8358.078266059027,46076800,4514.947265625,4580.066697340745,4514.947265625,4536.653742863582,66236400,5078.26025390625,5099.869872007978,5013.431399601063,5035.0410177027925,45026200,4257.0205078125,4335.854220920139,4257.0205078125,4274.539110725309,32999400,1097.1463623046875,1106.2136876129907,1092.612699650536,1092.612699650536,4511000
2023-11-10,8287.6455078125,8451.989753009915,8287.6455078125,8405.034254382083,50754600,4406.4150390625,4471.534473137315,4384.708561037562,4471.534473137315,113811900,4991.82177734375,5056.650631594967,4991.82177734375,5056.650631594967,59611500,4257.0205078125,4265.7798092689045,4221.983301986883,4257.0205078125,37753900,1101.6800537109375,1106.2137164834105,1092.6127281659915,1101.6800537109375,5973800
2023-11-13,8334.6005859375,8381.556082196303,8311.122837808098,8334.6005859375,20827700,4363.001953125,4449.827862639925,4363.001953125,4406.414907882462,63126900,5035.04052734375,5056.650143340933,5013.430911346566,5056.650143340933,17444600,4283.29833984375,4300.816942460698,4265.779737226802,4283.29833984375,17199700,1097.1463623046875,1106.2136876129907,1088.0790369963843,1097.1463623046875,5031900
2023-11-14,8381.5556640625,8405.033411020659,8334.600170146183,8358.077917104341,37195700,4406.4150390625,4449.827995112377,4384.708561037562,4406.4150390625,85419500,5035.04052734375,5099.8693753353,5013.430911346566,5035.04052734375,50587800,4274.5390625,4327.094870645492,4274.5390625,4300.8169665727455,27961100,1092.6126708984375,1101.679995968134,1092.6126708984375,1097.1463334332857,2788200
2023-11-15,8498.9443359375,8498.9443359375,8405.033348800069,8428.511095584427,84977900,4558.3603515625,4601.773307291667,4493.24091796875,4514.947395833334,193790400,5121.4794921875,5164.698728408492,5078.260255966508,5099.869874077004,74255700,4362.13232421875,4401.549182570124,4344.613720507028,4353.373022362889,93350800,1128.8819580078125,1142.4829454536898,1110.7473080799762,1128.8819580078125,27722600
2023-11-16,8522.4228515625,8522.4228515625,8405.03410705062,8498.945102660124,48714300,4558.3603515625,4580.066829427084,4493.24091796875,4580.066829427084,99488800,5121.4794921875,5121.4794921875,5035.041019745518,5056.6506378560125,36004500,4335.85400390625,4370.89120797822,4300.816799834281,4353.372605942235,38121600,1128.8819580078125,1133.4156204897715,1119.8146330438944,1128.8819580078125,5074500
2023-11-17,8522.4228515625,8522.4228515625,8428.511855952996,8475.467353757747,57050500,4536.6533203125,4558.359795529306,4493.240369878888,4493.240369878888,70727500,5099.86962890625,5143.088863049524,5056.650394762976,5078.260011834614,33963900,4362.13232421875,4370.891626074611,4292.0579093718625,4327.095116795306,48489500,1169.68505859375,1174.218721611555,1124.3484284156975,1124.3484284156975,45268800
2023-11-20,8334.6005859375,8475.467074713908,8334.6005859375,8428.511578455105,49216000,4558.3603515625,4580.066829427084,4493.24091796875,4493.24091796875,54123600,5078.26025390625,5121.4794901097075,5035.0410177027925,5035.0410177027925,20014600,4362.13232421875,4401.549182570124,4353.373022362889,4379.650927930472,52108800,1165.1513671875,1178.752355909533,1156.0840413728113,1174.2186930021887,13146000
2023-11-21,8240.689453125,8358.078191773504,8240.689453125,8287.644948584402,107614800,4514.947265625,4558.360220102163,4493.240788386418,4536.653742863582,104110500,5078.26025390625,5121.4794901097075,5035.0410177027925,5056.650635804521,55094300,4445.34521484375,4467.2434671336205,4370.8911570581895,4379.650457974138,129449900,1142.4830322265625,1165.1513463580418,1133.4157065739707,1165.1513463580418,11512900
2023-11-22,8334.6005859375,8334.6005859375,8240.689593419895,8240.689593419895,40364800,4580.06689453125,4601.773372704384,4493.240981838714,4493.240981838714,103585500,5078.26025390625,5099.869872007978,5035.0410177027925,5035.0410177027925,21111100,4445.34521484375,4467.2434671336205,4401.548710264009,4467.2434671336205,28872800,1142.4830322265625,1147.0166950528583,1133.4157065739707,1137.9493694002665,10704200
2023-11-23,8381.5556640625,8428.511157978817,8311.122423188026,8311.122423188026,55542100,4645.18603515625,4688.598988755841,4601.773081556658,4623.479558356455,174572400,5099.86962890625,5143.088863049524,5099.86962890625,5143.088863049524,36725600,4511.0400390625,4532.938291679308,4445.345281212075,4467.243533828883,80157000,1151.5504150390625,1160.6177411417323,1142.4830889363927,1142.4830889363927,9032800
2023-11-24,8381.5556640625,8428.511157978817,8358.077917104341,8381.5556640625,43631900,4688.5986328125,4732.011583116319,4666.89215766059,4688.5986328125,92571400,5078.26025390625,5121.4794901097075,5056.650635804521,5121.4794901097075,27087900,4554.83642578125,4598.632929875301,4532.938173734225,4532.938173734225,61211100,1147.0167236328125,1156.0840495113328,1137.9493977542922,1151.5503865720727,8163700
2023-11-27,8334.6005859375,8405.033830325703,8334.6005859375,8358.0783340669,35679000,4645.18603515625,4732.011942355432,4645.18603515625,4710.305465555636,76019100,5099.86962890625,5121.479245977886,5078.260011834614,5099.86962890625,39719300,4620.53125,4686.226007109005,4576.734745260664,4576.734745260664,79553000,1169.68505859375,1174.218721611555,1147.0167435047238,1147.0167435047238,24245600
2023-11-28,8334.6005859375,8405.033830325703,8311.122837808098,8334.6005859375,69070600,4645.18603515625,4710.305465555636,4623.479558356455,4623.479558356455,147993400,5099.86962890625,5121.479245977886,5078.260011834614,5099.86962890625,58255800,4532.9384765625,4686.226251132247,4532.9384765625,4686.226251132247,43142000,1174.21875,1183.2860762548262,1169.685086872587,1174.21875,26158700
2023-11-29,8358.0791015625,8405.034602133075,8358.0791015625,8358.0791015625,54715600,4601.77294921875,4666.89237774543,4601.77294921875,4645.18590156987,106197800,5056.650390625,5121.479241786859,5035.040773571047,5056.650390625,36796600,4576.73486328125,4576.73486328125,4467.24359860945,4489.14185154381,48041400,1160.6177978515625,1178.7524509429932,1151.5504713058472,1178.7524509429932,12237200
2023-11-30,8428.5107421875,8428.5107421875,8358.077504787605,8381.55525058757,205312100,4580.06689453125,4666.892807223786,4580.06689453125,4666.892807223786,224426400,5056.650390625,5121.479241786859,5035.040773571047,5056.650390625,117365000,4620.53125,4620.53125,4511.039988151659,4511.039988151659,127524100,1174.21875,1174.21875,1151.5504343629343,1160.6177606177605,17928400
2023-12-01,8405.0341796875,8428.511928792772,8358.078681476956,8381.556430582228,80566400,4645.18603515625,4666.892511956045,4580.066604756863,4580.066604756863,99499500,5099.86962890625,5099.86962890625,5035.04077769134,5056.650394762976,31365100,4598.63330078125,4642.429808407738,4554.836793154762,4642.429808407738,31223300,1151.5504150390625,1178.7523933470718,1147.0167519877277,1174.218730295737,18840100
2023-12-04,8421.546875,8515.905943627451,8421.546875,8445.136642156864,54747400,4775.4248046875,4840.54423384233,4732.011851917614,4732.011851917614,235595700,5186.30859375,5207.918212890625,5099.8701171875,5121.479736328125,66145100,4642.4296875,4686.226193985849,4598.633181014151,4620.5314342570755,34104500,1169.68505859375,1169.68505859375,1151.550406522529,1156.0840695403342,13555100
2023-12-05,8397.95703125,8445.136565133427,8327.18773042486,8445.136565133427,94363900,4732.01171875,4775.4246702981645,4710.305242975917,4710.305242975917,114689900,5164.69873046875,5186.308348587866,5078.260257992286,5186.308348587866,58668400,4642.4296875,4664.3279407429245,4576.7349277712265,4642.4296875,29788300,1165.1513671875,1169.6850300948443,1156.0840413728113,1169.6850300948443,11062900
2023-12-06,8303.59765625,8445.136252663353,8303.59765625,8350.777188387785,81852800,4710.3056640625,4732.012141777073,4688.599186347927,4710.3056640625,119716700,5013.431640625,5143.08935546875,5013.431640625,5121.479736328125,88747200,4576.73486328125,4664.32787501869,4576.73486328125,4642.429622084331,32453700,1147.0167236328125,1165.151375389853,1142.4830606935525,1165.151375389853,8324200
2023-12-07,8327.1875,8327.1875,8232.828434844192,8256.418201133145,91322500,4753.71826171875,4753.71826171875,4688.598833476027,4688.598833476027,102126600,4970.2119140625,5035.040765115489,4948.602297044837,5013.431148097826,97966700,4620.53125,4642.429502369669,4511.039988151659,4576.734745260664,36511000,1110.747314453125,1147.0166145169005,1110.747314453125,1142.4829520089286,22094100
2023-12-08,8256.41796875,8350.77703125,8256.41796875,8303.5975,43891600,4666.89208984375,4732.0115143531975,4666.89208984375,4710.305039516716,130542600,4926.99267578125,4991.821526778372,4883.773441783169,4970.211909779331,98036700,4445.34521484375,4576.734728582975,4445.34521484375,4554.836476293103,47842200,1106.2137451171875,1115.2810708968366,1097.1464193375384,1106.2137451171875,18702700
2023-12-11,8256.41796875,8280.007734375,8185.648671875,8185.648671875,78642800,4601.77294921875,4666.89237774543,4601.77294921875,4623.47942539431,124468600,4991.82177734375,5013.431395427489,4883.773686925054,4883.773686925054,68655000,4532.9384765625,4554.836730072464,4423.447209012681,4445.345462522645,36394800,1097.1463623046875,1110.7473502671423,1092.612699650536,1106.2136876129907,11109600
2023-12-12,8209.2392578125,8256.41879377694,8209.2392578125,8209.2392578125,87589300,4623.47998046875,4688.59941681338,4623.47998046875,4666.892938031837,134501600,5013.431640625,5035.041259765625,4970.21240234375,5013.431640625,55110500,4620.53125,4642.429502369669,4576.734745260664,4598.632997630332,40554100,1092.6126708984375,1106.2136585029823,1088.0790083635893,1106.2136585029823,8649300
2023-12-13,8185.6484375,8256.417732348704,8185.6484375,8209.238202449567,51560500,4601.77294921875,4645.18590156987,4580.06647304319,4601.77294921875,98881600,4948.6025390625,4991.821775211517,4926.992920987991,4970.212157137008,121450600,4532.9384765625,4620.531490602355,4489.141969542573,4620.531490602355,39240500,1083.54541015625,1097.1463985682533,1083.54541015625,1092.6127357642522,9472900
2023-12-14,8539.49609375,8539.49609375,8256.418875172652,8280.008643387431,115332800,4818.83740234375,4818.83740234375,4710.3050284170895,4732.011503202421,239261700,5143.0888671875,5207.917718454569,5013.4311646533615,5035.040781742385,171595800,4686.22607421875,4730.02257958528,4576.734810802424,4576.734810802424,85061100,1110.747314453125,1119.8146394690689,1097.1463269292092,1097.1463269292092,15351100
2023-12-15,8704.6240234375,8704.6240234375,8563.085421430387,8610.264955432758,275013500,4818.83740234375,4862.250351914415,4818.83740234375,4840.543877129083,252448800,5099.86962890625,5186.308097192797,5099.86962890625,5143.088863049524,142382200,4620.53125,4751.92076421801,4620.53125,4751.92076421801,58451500,1115.281005859375,1124.3483311102643,1106.2136806084857,1115.281005859375,7070600
2023-12-18,8681.0341796875,8704.62394648013,8633.854646102242,8681.0341796875,111712200,4775.4248046875,4840.54423384233,4775.4248046875,4840.54423384233,102780900,5121.4794921875,5143.089110297996,5056.6506378560125,5056.6506378560125,101458600,4554.83642578125,4642.429433969351,4532.938173734225,4598.632929875301,51524600,1106.2137451171875,1119.8147337866612,1101.680082227363,1119.8147337866612,8122300
2023-12-19,8728.212890625,8728.212890625,8610.264067778717,8610.264067778717,65174500,4818.83740234375,4818.83740234375,4732.011503202421,4732.011503202421,135207300,5164.69873046875,5164.69873046875,5121.479494230518,5143.089112349634,40763200,4554.83642578125,4598.632929875301,4532.938173734225,4554.83642578125,42678100,1115.281005859375,1115.281005859375,1106.2136806084857,1106.2136806084857,2866000
2023-12-20,8775.392578125,8775.392578125,8704.623283140121,8728.213048135081,72938100,4818.83740234375,4949.076251055743,4818.83740234375,4949.076251055743,138470900,5121.4794921875,5164.698728408492,5099.869874077004,5099.869874077004,65361000,4554.83642578125,4598.632929875301,4532.938173734225,4576.734677828275,54306000,1106.2137451171875,1119.8147337866612,1097.1464193375384,1115.2810708968366,18767500
2023-12-21,8798.982421875,8798.982421875,8728.213126256702,8775.3926566689,88116700,4840.5439453125,4862.250420403588,4797.130995130325,4818.837470221412,99049600,5164.69873046875,5164.69873046875,5121.479494230518,5143.089112349634,50363900,4511.0400390625,4576.734796912925,4489.141786445692,4576.734796912925,48767200,1101.6800537109375,1133.4156931182486,1092.6127281659915,1106.2137164834105,17570600
2023-12-22,8798.982421875,8822.5721870811,8751.802891462801,8751.802891462801,64449600,4927.3701171875,4949.07659347467,4862.250688325991,4905.66364090033,109411300,5164.69873046875,5164.69873046875,5121.479494230518,5143.089112349634,29975600,4598.63330078125,4598.63330078125,4532.938539341518,4554.836793154762,35234900,1092.6126708984375,1106.2136585029823,1092.6126708984375,1101.679995968134,14894600
2023-12-27,8846.162109375,8869.751875,8798.982578125,8846.162109375,64464700,4883.95751953125,4970.783430989583,4883.95751953125,4949.076953125,122236700,5186.30859375,5207.918212890625,5121.479736328125,5186.30859375,43114900,4620.53125,4664.327754739336,4598.632997630332,4642.429502369669,31289300,1097.1463623046875,1101.680024958839,1088.0790369963843,1097.1463623046875,15806500
2023-12-28,8869.751953125,8893.34171895778,8798.982655626662,8798.982655626662,70184600,4970.78271484375,4992.489189581059,4927.3697653691315,4949.07624010644,121434600,5294.3564453125,5315.966063456633,5186.308354591837,5229.527590880102,75118700,4686.22607421875,4730.02257958528,4598.6330634856895,4642.42956885222,37566900,1128.8819580078125,1142.4829454536898,1097.1463206340989,1101.679983116058,23858500
2023-12-29,8869.751953125,8916.931484790559,8822.572421459441,8893.34171895778,79903400,4970.78271484375,4992.489189581059,4927.3697653691315,4992.489189581059,93126000,5229.52734375,5294.356195118801,5186.308109504132,5294.356195118801,63097100,4708.12451171875,4730.022765261628,4664.328004632995,4708.12451171875,38423300,1133.4156494140625,1142.482974609375,1124.34832421875,1142.482974609375,10717300
2024-01-02,8893.341796875,8893.341796875,8822.572498756632,8869.752030835543,30545200,5000.744140625,5000.744140625,4956.684720883811,4978.714430754405,91143100,5294.3564453125,5294.3564453125,5207.91797273597,5229.527590880102,26235700,4708.12451171875,4708.12451171875,4642.429751090116,4708.12451171875,20147500,1147.0167236328125,1151.5503865720727,1119.8147459972517,1133.4157348150322,18356000
2024-01-03,8822.5732421875,8893.342546269218,8798.98347416026,8893.342546269218,34603300,4934.65478515625,4978.714202880859,4934.65478515625,4956.684494018555,83659700,5272.74658203125,5315.965816310195,5229.527347752305,5272.74658203125,30053900,4686.22607421875,4730.02257958528,4664.327821535485,4708.124326902015,27547700,1137.9493408203125,1147.0166662451754,1124.348352683018,1142.483003532744,8177200
2024-01-04,8940.5224609375,8940.5224609375,8846.163384832618,8869.75315385884,56501800,5022.7734375,5022.7734375,4912.6248972039475,4934.6546052631575,92683500,5488.8427734375,5532.062007874016,5272.746601254921,5294.356218473179,135344500,4905.20849609375,4970.903252737863,4664.327721732004,4686.225973946708,77162400,1174.21875,1178.752413127413,1137.949444980695,1137.949444980695,46643300
2024-01-05,9034.880859375,9058.470626631854,8940.521790347584,8964.11155760444,85290100,5066.83251953125,5154.95134595788,5022.773106317934,5044.802812924592,134929600,5553.67138671875,5596.8906193002185,5488.842537846546,5532.061770428016,114339400,4883.31005859375,5036.597818280549,4883.31005859375,4970.903064129064,69463500,1174.21875,1192.3534025096524,1169.685086872587,1174.21875,56421700
2024-01-08,9034.880859375,9082.060393888707,8940.521790347584,9058.470626631854,50896000,4956.6845703125,5110.892534722222,4956.6845703125,5066.833116319444,152015000,5532.0625,5704.939453125,5510.452880859375,5618.5009765625,151018300,4883.31005859375,4949.0048127452355,4861.411807209922,4883.31005859375,60606600,1165.1513671875,1196.8870075389104,1165.1513671875,1174.2186930021887,29209000
2024-01-09,9082.060546875,9082.060546875,9034.881011566558,9058.47077922078,59848600,5022.7734375,5022.7734375,4956.684313322368,4956.684313322368,105666200,5510.45263671875,5575.2814912683825,5488.843018535539,5553.671873085172,77953400,4949.00537109375,4949.00537109375,4905.208863384955,4905.208863384955,34897000,1205.954345703125,1205.954345703125,1165.1513791191846,1174.2187050267269,72285300
2024-01-10,9011.2919921875,9105.651070639726,9011.2919921875,9105.651070639726,52774900,5022.7734375,5022.7734375,4956.684313322368,4956.684313322368,82626400,5553.67138671875,5575.281003009484,5467.232921555812,5510.452154137281,50019800,4905.20849609375,4970.903252737863,4883.310243879046,4927.106748308454,37988500,1210.488037109375,1224.0890262903793,1196.8870479283707,1210.488037109375,37578100
2024-01-11,9034.880859375,9105.65016114556,9034.880859375,9082.060393888707,39381500,5066.83251953125,5110.891932744566,5022.773106317934,5066.83251953125,116804400,5575.28125,5618.500484496124,5532.062015503876,5553.671632751938,32120200,4905.20849609375,4992.8015049525675,4883.310243879046,4949.005000523159,22855800,1233.15625,1233.15625,1201.4206112132354,1210.4879365808824,30546800
2024-01-12,9152.8291015625,9152.8291015625,9058.470038659794,9105.649570111147,68253400,5154.9521484375,5154.9521484375,5088.863018329327,5110.892728365385,109715700,5683.32958984375,5769.768062693085,5640.1103534190825,5683.32958984375,114039700,4905.20849609375,4949.005000523159,4883.310243879046,4905.20849609375,40942900,1224.0889892578125,1246.7573038736978,1219.5553263346353,1237.6899780273436,38989300
2024-01-15,9176.4189453125,9200.008711238754,9105.64964753374,9200.008711238754,88399500,5132.921875,5199.010997854078,5088.862459763948,5154.951582618026,115126700,5618.50048828125,5726.548574594351,5596.89087101863,5683.329340069111,83066800,4927.10693359375,4970.903439670139,4905.2086805555555,4949.0051866319445,51408800,1228.6226806640625,1233.1563436923432,1205.9543655226591,1224.0890176357818,31625800
2024-01-16,9152.8291015625,9200.008633013853,9129.239335836823,9152.8291015625,44869200,5132.921875,5176.981290236052,5088.862459763948,5132.921875,97074300,5640.1103515625,5726.5488243833815,5618.50073335728,5640.1103515625,83516800,4905.20849609375,4927.106748308454,4883.310243879046,4927.106748308454,37795700,1201.420654296875,1233.156294221698,1201.420654296875,1233.156294221698,33671300
2024-01-17,9200.0078125,9200.0078125,9105.64875801282,9200.0078125,107706100,5088.8623046875,5132.921718580898,5066.832597740801,5132.921718580898,107941600,5640.1103515625,5726.5488243833815,5618.50073335728,5640.1103515625,80929000,4861.412109375,4927.1068676097975,4795.717351140203,4905.208614864865,61481200,1210.488037109375,1219.5553632300443,1201.4207109887054,1201.4207109887054,23833300
2024-01-18,9129.240234375,9200.00953851744,9082.060698280038,9129.240234375,71048900,5066.83251953125,5110.891932744566,5022.773106317934,5110.891932744566,87259100,5640.1103515625,5661.719969767721,5596.89111515206,5640.1103515625,78209900,4861.412109375,4905.208614864865,4795.717351140203,4861.412109375,33241700,1210.488037109375,1224.0890262903793,1201.4207109887054,1215.0217001697097,16203500
2024-01-19,9082.060546875,9223.599152800323,9058.47077922078,9223.599152800323,63176500,5110.892578125,5110.892578125,5022.773740571121,5066.833159348061,75370700,5640.1103515625,5640.1103515625,5553.671878741619,5618.50073335728,74814000,4817.61572265625,4883.310482510653,4795.717469371449,4883.310482510653,29776100,1228.6226806640625,1242.2236697489045,1210.4880285509398,1210.4880285509398,43778700
2024-01-22,9082.060546875,9105.65031452922,8987.701476258117,9058.47077922078,52868300,5088.8623046875,5110.8920116342,5022.773183847403,5088.8623046875,97545600,5618.50048828125,5661.719722806491,5575.281253756009,5618.50048828125,96993100,4839.51416015625,4905.208922511312,4773.819397801188,4839.51416015625,30949600,1246.75732421875,1255.8246502130683,1224.0890092329546,1228.6226722301137,50723000
2024-01-23,9058.470703125,9058.470703125,8916.932098388672,8916.932098388672,92348600,5022.7734375,5066.832853618421,4978.714021381579,5022.7734375,122999700,5618.50048828125,5661.719722806491,5575.281253756009,5640.11010554387,77037800,4751.9208984375,4839.513910390265,4708.124392461117,4839.513910390265,48824300,1205.954345703125,1246.7573122870654,1196.8870197955828,1246.7573122870654,30784600
2024-01-24,8987.701171875,9058.470472440946,8940.52163816437,9058.470472440946,84906000,4978.7138671875,5022.773281941372,4912.6247450566925,5000.743574564436,104225000,5532.0625,5596.891357421875,5488.84326171875,5575.28173828125,97290600,4795.71728515625,4817.615537599886,4730.022527825343,4773.819032712615,42436800,1169.68505859375,1210.488025753997,1160.6177325581396,1205.9543627361918,51088200
2024-01-25,8964.111328125,9034.880628083882,8916.931794819078,8916.931794819078,63212700,4868.5654296875,4978.713968820702,4868.5654296875,4912.624845340781,120478800,5424.01416015625,5532.062250996016,5402.404541988297,5467.233396492156,99094100,4730.02294921875,4839.514221191406,4730.02294921875,4817.615966796875,47955600,1169.68505859375,1187.819710664971,1160.6177325581396,1169.68505859375,20418600
2024-01-26,8822.5732421875,8916.932314296457,8775.393706133022,8869.752778241978,78977300,4780.44677734375,4824.5061946464575,4758.417068692396,4802.476485995104,185244400,5445.62353515625,5467.233152359251,5380.794683547247,5402.404300750248,77236800,4751.9208984375,4751.9208984375,4686.226139472927,4730.022645449309,30545600,1165.1513671875,1169.6850300948443,1151.550378465467,1169.6850300948443,12158100
2024-01-29,9011.2919921875,9011.2919921875,8846.163604896106,8869.753374509162,73452800,4912.62451171875,4912.62451171875,4758.416567404708,4758.416567404708,145629600,5596.89111328125,5596.89111328125,5424.0141676972735,5488.843022291265,124753000,4883.31005859375,4883.31005859375,4773.818801674608,4773.818801674608,63056100,1187.8197021484375,1187.8197021484375,1160.6177242366412,1165.1513872219407,14744100
2024-01-30,9105.650390625,9105.650390625,8940.52201566548,8964.11178351684,73136400,4956.6845703125,4978.714279513889,4824.506315104167,4868.5657335069445,150513700,5748.158203125,5791.377437734962,5575.28126468515,5596.890881990132,123330900,4949.00537109375,4970.903624948147,4861.4123556761615,4883.310609530558,55020500,1174.21875,1187.8197393822393,1169.685086872587,1187.8197393822393,23658600
2024-01-31,9011.2919921875,9152.830609865838,9011.2919921875,9152.830609865838,102581200,5022.7734375,5088.862561677632,5000.743729440789,5044.803145559211,245117200,5748.158203125,5791.377437734962,5748.158203125,5748.158203125,128185000,5036.59814453125,5080.39465013587,4970.903386124321,4992.80163892663,70045600,1183.2860107421875,1196.8869993714081,1174.2186849893737,1178.7523478657806,22739900
2024-02-01,9152.8291015625,9176.418867288176,9034.880272934117,9105.649570111147,104208700,5066.83251953125,5110.891932744566,5044.802812924592,5088.862226137908,156633900,5661.7197265625,5726.548578393368,5618.500492008588,5683.329343839456,168145800,5014.69970703125,5036.59795902702,4949.004951043941,5036.59795902702,49179400,1174.21875,1183.2860762548262,1169.685086872587,1178.752413127413,19645200
2024-02-02,9152.8291015625,9247.188164465206,9082.05980438547,9223.598398739528,99324000,5154.9521484375,5154.9521484375,5066.8333082932695,5110.892728365385,177209700,5769.76806640625,5769.76806640625,5704.939211727528,5726.548829953769,120116200,5058.49658203125,5102.293089234983,5036.5983284293825,5036.5983284293825,44074200,1160.6177978515625,1183.2861142158508,1156.0841345787048,1174.2187876701355,18959200
2024-02-05,9034.880859375,9129.239928402416,8987.701324861293,9129.239928402416,57983300,5088.8623046875,5132.921718580898,5066.832597740801,5110.8920116342,113760000,5899.42529296875,6007.473375257555,5769.767594222184,5791.377210679945,150535100,5036.59814453125,5102.292902938179,5014.69989172894,5058.49639733356,47096400,1151.5504150390625,1165.1514041930673,1142.4830889363927,1160.6177411417323,22453300
2024-02-06,9082.060546875,9200.009385146104,9082.060546875,9200.009385146104,87651000,5132.921875,5199.010997854078,5110.892167381974,5199.010997854078,126704300,5921.03515625,5985.86400832573,5856.2063041742695,5899.425538891423,90146000,5058.49658203125,5102.293089234983,5036.5983284293825,5058.49658203125,41834000,1142.4830322265625,1160.617683531746,1137.9493694002665,1156.08402070545,13277700
2024-02-07,9152.8291015625,9176.418867288176,9105.649570111147,9152.8291015625,92953500,5154.9521484375,5199.011568509615,5132.922438401442,5154.9521484375,147005300,6007.4736328125,6007.4736328125,5921.035163275629,5942.644780659847,88745500,5036.59814453125,5102.292902938179,5036.59814453125,5058.49639733356,39906900,1137.9493408203125,1156.0839916700386,1133.415678107881,1142.483003532744,24323400
2024-02-12,9247.1884765625,9247.1884765625,9152.829410475128,9200.008943518813,87949400,5309.16015625,5309.16015625,5154.952184906639,5176.981895098547,171514600,6137.13134765625,6223.5698173415485,6093.9121128136,6180.3505824989,162771300,5211.7841796875,5255.580685399159,5036.598156840861,5058.4964096966905,64615800,1233.15625,1242.223575367647,1151.5503216911766,1156.083984375,90087700
2024-02-13,9176.4189453125,9247.18824309126,9152.829179386246,9200.008711238754,66072400,5287.1298828125,5331.189298502604,5243.070467122396,5331.189298502604,145852200,6072.30224609375,6158.740712230316,6072.30224609375,6137.131095696174,102668900,5146.08935546875,5233.682365774601,5124.191102892287,5233.682365774601,74976200,1219.5552978515625,1246.757274755315,1210.4879722169785,1233.1562863034387,35366700
2024-02-15,9294.3681640625,9412.31699863182,9294.3681640625,9388.727231717956,164748900,5397.2783203125,5529.456564891582,5375.248612882653,5529.456564891582,308685100,6223.56982421875,6374.837146335178,6180.350589328342,6310.008293999566,220530000,5255.58056640625,5452.664837646485,5255.58056640625,5386.970080566406,128792500,1255.8245849609375,1278.4928987688968,1233.1562711529784,1246.7572594377539,107323500
2024-02-16,9388.7265625,9435.906092964824,9317.957266802763,9412.316327732413,142277200,5419.30810546875,5463.367520960366,5397.278397722942,5419.30810546875,130814400,6223.56982421875,6396.446763780382,6223.56982421875,6374.837146335178,142022100,5255.58056640625,5365.07182820638,5255.58056640625,5277.478818766276,62601000,1237.68994140625,1273.959243718521,1228.6226158281822,1260.3582553514193,47138800
2024-02-19,9317.9580078125,9412.317076246045,9270.778473595728,9341.547774920886,53341300,5375.24853515625,5441.337656490138,5353.218828044954,5397.278242267546,111382900,6180.3505859375,6331.617907970935,6158.740968504152,6180.3505859375,83753500,5146.08935546875,5299.377123503989,5146.08935546875,5277.478870927526,67950100,1224.0889892578125,1246.7573038736978,1215.0216634114583,1237.6899780273436,31298800
2024-02-20,9459.49609375,9459.49609375,9294.367733011222,9294.367733011222,63997700,5551.486328125,5551.486328125,5441.337789868551,5441.337789868551,160872600,6180.3505859375,6266.789055670892,6180.3505859375,6266.789055670892,87312000,5277.47900390625,5277.47900390625,5167.987738265041,5167.987738265041,37554100,1323.82958984375,1323.82958984375,1224.089004307577,1228.6226672864939,162716100
2024-02-21,9412.3173828125,9435.907150689223,9294.368543428885,9388.727614935777,75371600,5551.486328125,5617.575451078869,5485.397205171131,5573.51603577629,168423000,6266.7890625,6266.7890625,6115.521740301724,6158.740975215517,128063900,5255.58056640625,5299.377071126302,5189.8858093261715,5277.478818766276,54476400,1337.4305419921875,1346.497867700609,1305.6949020127117,1323.829553429555,95834900
2024-02-22,9317.9580078125,9412.317076246045,9317.9580078125,9412.317076246045,66913000,5507.4267578125,5551.486171875,5485.39705078125,5507.4267578125,100256000,6137.13134765625,6223.5698173415485,6137.13134765625,6201.960199920224,85735800,5211.7841796875,5277.478938254989,5167.98767397584,5255.580685399159,37676100,1346.4979248046875,1360.0989139441288,1323.8296095722853,1341.9642617582072,79653900
2024-02-23,9270.7783203125,9365.13738718591,9247.188553594147,9341.547620467558,55192300,5397.2783203125,5441.337735172194,5331.189198022959,5397.2783203125,148643000,6093.912109375,6137.131344193262,6050.6928745567375,6093.912109375,109404700,5167.98779296875,5255.580806408898,5102.293032888639,5255.580806408898,50216600,1323.82958984375,1346.4979047383347,1287.5602860124143,1346.4979047383347,83249900
2024-02-26,9247.1884765625,9317.957776128029,9176.419176996971,9200.008943518813,41356000,5441.33740234375,5463.367108426113,5353.218578014296,5375.2482840966595,98920800,6093.912109375,6115.521726784131,6007.473639738475,6007.473639738475,65407700,5167.98779296875,5189.886046328787,5080.394779528601,5167.98779296875,27500000,1323.82958984375,1328.363252822667,1301.161274949165,1323.82958984375,22804100
2024-02-27,9317.9580078125,9341.547774920886,9200.00917227057,9200.00917227057,43735800,5397.2783203125,5463.367442602041,5397.2783203125,5397.2783203125,99187500,6115.52197265625,6137.131590934187,6029.083499544501,6029.083499544501,58066100,5255.58056640625,5255.58056640625,5124.191052246094,5167.987556966145,38645200,1314.76220703125,1341.9641837284482,1305.6948814655173,1319.2958698141165,31630000
2024-02-28,9435.9072265625,9435.9072265625,9341.548154296876,9412.317458496094,54043100,5485.3974609375,5485.3974609375,5375.248917545181,5375.248917545181,97236700,6158.7412109375,6158.7412109375,6072.302737801535,6072.302737801535,49888400,5233.6826171875,5255.580870815899,5167.987856302301,5211.7843635591,27278600,1319.2958984375,1328.3632241999571,1301.161246912586,1319.2958984375,25165600
2024-02-29,9317.9580078125,9435.90684335443,9294.368240704114,9435.90684335443,126671200,5397.2783203125,5463.367442602041,5397.2783203125,5419.308027742347,173774600,6050.69287109375,6180.35057547433,6050.69287109375,6158.740958077567,150713600,5255.58056640625,5255.58056640625,5167.987556966145,5233.682314046224,48736000,1296.6275634765625,1328.3632031420727,1292.0939006672038,1319.2958775233556,31163300
2024-03-01,9270.7783203125,9365.13738718591,9247.188553594147,9341.547620467558,51520600,5397.2783203125,5441.337735172194,5353.218905452806,5441.337735172194,76286400,6072.30224609375,6115.521479162033,6029.083013025467,6093.911862627891,90739400,5167.98779296875,5233.682553048861,5102.293032888639,5189.886046328787,71774400,1305.69482421875,1319.2958119710286,1287.5601738823784,1292.0938364664712,31758200
2024-03-04,9200.0078125,9270.777103365384,9200.0078125,9247.18733974359,43822900,5331.189453125,5397.278578576963,5331.189453125,5397.278578576963,70354900,6072.30224609375,6093.911862627891,6029.083013025467,6050.692629559609,44707200,5146.08935546875,5189.885860621675,5080.394597739361,5167.987608045212,35600700,1278.492919921875,1310.2285597780917,1269.4255942486702,1310.2285597780917,42691800
2024-03-05,9247.1884765625,9341.547542649872,9223.598710040656,9341.547542649872,61952900,5397.2783203125,5441.337735172194,5353.218905452806,5375.248612882653,115084600,6072.30224609375,6137.131095696174,6050.692629559609,6115.521479162033,92557200,5167.98779296875,5211.784299688824,5124.191286248676,5146.089539608713,49795500,1224.0889892578125,1287.5602701822916,1219.5553263346353,1278.4929443359374,111696100
2024-03-06,9388.7265625,9435.906092964824,9223.598205873115,9341.547032035176,70242200,5463.3681640625,5463.3681640625,5375.249322706653,5375.249322706653,84108800,6115.52197265625,6137.131590934187,6050.693117822438,6050.693117822438,74178100,5211.7841796875,5211.7841796875,5146.08942112001,5167.98767397584,28923100,1255.8245849609375,1260.3582477225293,1228.6226083913866,1233.1562711529784,41312300
2024-03-07,9553.8564453125,9601.035983314043,9435.907600308641,9483.087138310186,118369300,5485.3974609375,5529.456878294428,5463.367752259036,5463.367752259036,117724700,6137.13134765625,6158.740965077574,6072.302495392275,6115.521730234925,94950400,5233.6826171875,5277.479124444299,5211.7843635591,5233.6826171875,47464200,1237.68994140625,1260.3582553514193,1237.68994140625,1260.3582553514193,27127200
2024-03-08,9577.4453125,9718.98391317734,9553.855545720444,9671.804379618226,100947200,5595.54541015625,5639.604822834646,5507.426584799458,5529.4562911386565,163060000,6158.7412109375,6201.960447505482,6137.131592653509,6180.350829221491,109032400,5343.173828125,5365.072081518954,5233.682561155225,5255.58081454918,73185000,1251.2908935546875,1255.8245562124944,1233.1562429234602,1242.223568239074,31098900
2024-03-13,9435.9072265625,9813.343515625,9435.9072265625,9813.343515625,141622600,5639.60546875,5683.664886474609,5595.546051025391,5595.546051025391,195173100,6288.39892578125,6288.39892578125,6180.350834272981,6266.789307479596,126022700,5452.6650390625,5474.563292231425,5343.173773217872,5343.173773217872,87861700,1251.2908935546875,1273.9592068437219,1237.689905581267,1255.8245562124944,39976000
2024-03-14,9742.57421875,9742.57421875,9459.497001740316,9483.086769824455,110681100,5625.88330078125,5671.622189405488,5534.405523532774,5648.752745093369,271254000,6396.44677734375,6396.44677734375,6245.179454906566,6266.7890723975925,161193000,5386.97021484375,5474.563226467226,5321.275456126144,5452.664973561357,88145400,1292.0938720703125,1296.6275347793312,1251.2909076891447,1255.8245703981634,65310000
2024-03-15,9577.4453125,9718.98391317734,9483.086245381774,9624.624846059114,154176800,5465.79736328125,5557.275143419849,5442.927918246601,5488.6668083159,305995800,6396.44677734375,6482.885247307854,6288.398689888619,6439.666012325802,250581100,5323.1796875,5460.848127693966,5254.345467403017,5460.848127693966,144447600,1264.8919677734375,1296.6276085419465,1264.8919677734375,1292.0939455750167,60084100
2024-03-18,9577.4453125,9695.394146397783,9577.4453125,9601.035079279556,62444100,5488.66650390625,5580.144278971355,5465.797060139974,5488.66650390625,110564700,6201.96044921875,6418.056632118359,6201.96044921875,6418.056632118359,105778200,5323.1796875,5414.958647629311,5323.1796875,5346.124427532328,48979300,1237.68994140625,1269.425580929487,1237.68994140625,1264.8919181404533,39741700
2024-03-19,9601.03515625,9671.804457156019,9577.445389281327,9577.445389281327,55004800,5488.66650390625,5534.405391438802,5465.797060139974,5488.66650390625,114338600,6288.39892578125,6353.227780686211,6245.179689177942,6266.789307479596,100836600,5369.06884765625,5392.013586321448,5323.1793703258545,5323.1793703258545,34162200,1265.8216552734375,1279.9386254065985,1242.2933717181693,1251.7046851402765,30806900
2024-03-20,9553.8564453125,9577.446214313271,9506.676907310957,9530.266676311729,66269700,5580.14453125,5580.14453125,5488.66675204918,5488.66675204918,120885400,6405.568359375,6405.568359375,6360.138796542553,6405.568359375,83416700,5392.013671875,5414.958410904255,5369.068932845745,5369.068932845745,32725900,1284.644287109375,1289.3499438387134,1256.4103467333448,1265.8216601920215,24944600
2024-03-21,9553.8564453125,9648.215521315586,9483.087138310186,9601.035983314043,90279400,5580.14453125,5671.62231045082,5580.14453125,5648.752865650615,136020000,6405.568359375,6541.85704787234,6405.568359375,6450.997922207446,81774800,5323.1796875,5437.903387661639,5323.1796875,5414.958647629311,50976000,1341.1121826171875,1374.051780084978,1294.0556148060582,1298.761271587171,111976900
2024-03-22,9530.265625,9553.855391398516,9388.72702660891,9435.906559405941,91968200,5603.01416015625,5603.01416015625,5534.405823501275,5534.405823501275,46529200,6405.568359375,6428.283140791224,6314.709233710106,6360.138796542553,65219900,5369.06884765625,5392.013586321448,5323.1793703258545,5369.06884765625,29927600,1468.1649169921875,1477.5762305626502,1326.9952134352463,1341.1121837909404,218608600
2024-03-25,9725.74609375,9725.74609375,9580.94590376861,9725.74609375,66971000,5717.361328125,5717.361328125,5603.0141015625,5717.361328125,115729600,6587.28662109375,6587.28662109375,6360.138806573276,6587.28662109375,78212700,5437.9033203125,5437.9033203125,5346.124361319884,5437.9033203125,43514000,1491.6932373046875,1496.3988942047022,1430.5196976044951,1496.3988942047022,97619900
2024-03-26,9701.61328125,9701.61328125,9605.079815764926,9701.61328125,65742700,5763.10009765625,5763.10009765625,5671.622318328373,5763.10009765625,120748400,6519.142578125,6564.572143129355,6473.713013120644,6564.572143129355,74274300,5460.84814453125,5460.84814453125,5369.06918411896,5460.84814453125,29383900,1505.8101806640625,1515.2214942932128,1468.1649261474608,1515.2214942932128,86123300
2024-03-27,9725.74609375,9725.74609375,9653.345998759305,9677.479363756203,39514100,5717.361328125,5785.9696640625,5694.4918828125,5763.10021875,73308900,6519.142578125,6587.2869256315325,6519.142578125,6541.8573606271775,46295700,5437.9033203125,5483.792799808808,5414.9585805643455,5460.848060060654,19643200,1501.1044921875,1515.221462333464,1477.5762086108934,1496.3988354721787,56030000
2024-03-28,9725.74609375,9749.879458746898,9629.212633762407,9677.479363756203,79229700,5534.40576171875,5671.622433496901,5511.536316422392,5580.144652311466,288926900,6587.28662109375,6587.28662109375,6473.712713833513,6496.42749528556,90900900,5414.95849609375,5460.847974874206,5369.069017313294,5460.847974874206,40077400,1463.459228515625,1501.1044819822648,1444.636601782305,1501.1044819822648,43278200
2024-04-01,9508.5458984375,9749.879550682106,9484.412533213039,9725.746185457645,79248700,5420.05810546875,5511.5358794007125,5328.5803315367875,5488.666435917721,217207800,6269.27978515625,6587.286730780118,6132.991094174592,6587.286730780118,158358600,5185.51123046875,5414.958630047013,5093.732270637444,5414.958630047013,100174400,1402.2857666015625,1463.459306755322,1350.5235403176123,1463.459306755322,138819700
2024-04-02,9556.8125,9605.079229797979,9460.27904040404,9580.94586489899,76763100,5191.3642578125,5442.928164578745,5145.625365673183,5351.450380300111,412180900,6269.27978515625,6269.27978515625,6087.56153051404,6269.27978515625,135764900,5024.89794921875,5162.566386183647,4979.008470230451,5162.566386183647,121164600,1388.168701171875,1411.6969842425847,1345.8177916445975,1402.285671014301,99865700
2024-04-03,9194.8125,9460.279527559056,9194.8125,9412.01279527559,177418400,5145.625,5191.363888888889,5054.147222222222,5099.886111111111,333518700,6155.7060546875,6314.709532114853,6064.846924729013,6314.709532114853,115372600,4887.2294921875,5070.787407387031,4795.450534587734,5001.953189187207,126994500,1378.7574462890625,1388.168759915609,1364.6404758492426,1383.4631031023357,36682500
2024-04-04,9508.5458984375,9508.5458984375,9243.078880968433,9243.078880968433,75993500,5214.2333984375,5259.972287897478,5168.494508977522,5168.494508977522,131936100,6246.56494140625,6291.994504616478,6132.991033380682,6132.991033380682,63174900,4910.17431640625,4933.119056202541,4818.395357221087,4818.395357221087,163113100,1425.81396484375,1439.930934792698,1374.0517416976074,1378.7573983472566,66510000
2024-04-05,9484.412109375,9605.078930104963,9484.412109375,9605.078930104963,70428600,5168.494140625,5214.233026825222,5145.62469752489,5145.62469752489,178817800,6201.13525390625,6269.2795973557695,6201.13525390625,6201.13525390625,46111500,4864.28466796875,4933.118884968308,4864.28466796875,4887.229406968602,36818200,1411.697021484375,1435.2253051757812,1406.9913647460937,1425.8139916992186,26906100
2024-04-16,9146.5458984375,9243.07936438407,8929.345600057717,9025.879066004287,283265900,4894.06103515625,5099.886031961887,4894.06103515625,4916.930479245765,600717500,6019.4169921875,6110.276116597877,5724.124837853774,5769.5544000589625,180012400,4772.505859375,4864.284818209135,4634.837421123798,4657.782160832332,164123600,1317.5838623046875,1383.4630554199218,1308.1725490025112,1359.934772164481,114716500
2024-04-17,9194.8125,9339.612696850394,9194.8125,9218.945866141732,95620700,4848.322265625,5031.277822818396,4848.322265625,5008.408378169222,244002000,6019.4169921875,6155.705678803066,6019.4169921875,6087.561335495283,83840200,4818.3955078125,4910.174469866071,4818.3955078125,4818.3955078125,68948000,1294.0556640625,1341.1122336647727,1284.6443501420456,1322.2896058238637,67115200
2024-04-18,9146.5458984375,9243.07936438407,9122.412531950857,9194.812631410785,127134000,5008.408203125,5031.277646974886,4848.322096175799,4848.322096175799,247410700,6178.42041015625,6269.279533835019,6110.276067397173,6178.42041015625,106893900,4864.28466796875,4910.1741459684545,4818.395189969045,4818.395189969045,57785900,1336.406494140625,1336.406494140625,1298.761240784551,1303.4668974540602,41495800
2024-04-19,9146.5458984375,9170.679264924142,8977.612333031002,9025.879066004287,147784300,4825.45263671875,4916.930411822423,4802.583192942831,4894.060968046505,258211500,6110.2763671875,6178.420713289963,6042.132021085037,6110.2763671875,47943300,4795.45068359375,4841.340163819527,4749.561203367973,4818.395423706639,52519300,1294.0556640625,1317.5839488636364,1270.5273792613636,1317.5839488636364,50946500
2024-04-22,9025.87890625,9098.279004428476,9025.87890625,9074.145638368984,128908000,4848.322265625,4871.1917102741745,4711.105597729953,4756.844487028302,342282800,6110.2763671875,6246.565059392426,5973.987674982574,6246.565059392426,121727900,4910.17431640625,4910.17431640625,4726.616398035923,4818.395357221087,62509300,1279.9385986328125,1308.1725383085363,1251.7046589570887,1298.761225083295,36392600
2024-04-23,9387.87890625,9436.145635845116,9074.145163881749,9074.145163881749,178833000,4848.322265625,4939.800044221698,4779.7139316774765,4894.061154923349,281403100,6201.13525390625,6291.994378505609,6110.276129306892,6223.85003505609,106699200,4818.3955078125,4979.00869140625,4818.3955078125,4933.119210379465,45322700,1289.3499755859375,1312.8782598119583,1275.2330050503251,1289.3499755859375,29441100
2024-04-24,9605.0791015625,9605.0791015625,9412.012184948178,9484.412278678548,132832700,4779.7138671875,4894.06108889055,4711.10553416567,4802.58331152811,471241400,6405.568359375,6405.568359375,6269.27967087766,6291.994452293883,117586500,4864.28466796875,4910.1741459684545,4772.505711969339,4864.28466796875,44771200,1294.0556640625,1331.7009197443183,1289.3500071022727,1298.7613210227273,55140300
2024-04-25,9436.1455078125,9653.345788043478,9363.745414402174,9653.345788043478,104874100,4711.10595703125,4756.844849817961,4619.628171457828,4688.236510637895,479170900,6314.70947265625,6428.283384034959,6291.9946903805085,6405.568601759218,111803500,4864.28466796875,4887.229406968602,4795.450450969192,4864.28466796875,35922300,1270.52734375,1294.0556278935185,1261.1160300925926,1294.0556278935185,29692900
2024-04-26,9291.345703125,9484.412626826299,9291.345703125,9363.745799512986,100932900,4418.376953125,4665.366969138198,4418.376953125,4619.628077283903,782589900,6132.9912109375,6382.853815827546,6132.9912109375,6360.139033564815,125875000,4726.6162109375,4841.339905377731,4680.726733161408,4772.5056887135925,80482400,1214.0594482421875,1284.644299884175,1204.6481346899225,1279.9386431080427,85302300
2024-04-29,9460.279296875,9508.546027981505,9194.812275789222,9194.812275789222,90063500,4363.490234375,4473.2635736045595,4281.16022995283,4299.45578649109,700644800,6291.99462890625,6314.709410960063,6042.132026314305,6042.132026314305,77938400,4795.45068359375,4795.45068359375,4634.837502803529,4703.671723142195,41068600,1232.882080078125,1232.882080078125,1190.5311689304033,1209.3537961071684,49891300
2024-04-30,9460.279296875,9701.612952407526,9460.279296875,9701.612952407526,109623000,4519.00244140625,4619.628001842421,4409.229102748608,4436.672437413019,565609200,6269.27978515625,6405.568476137907,6155.7058760048685,6178.420657835145,189991300,4818.3955078125,4910.174469866071,4795.450767299108,4887.229729352679,73658500,1242.2933349609375,1261.1159612482245,1218.7650521018288,1232.8820218172941,33227500
2024-05-02,9218.9462890625,9556.813430546466,9170.679554564791,9556.813430546466,97079400,4354.34228515625,4500.706731716124,4299.455617696297,4491.558953806132,636922100,5746.83984375,6178.420701581028,5496.977241847826,6178.420701581028,501849300,4432.923828125,4818.395465353261,4414.5680358760355,4772.505984730849,183458300,1204.648193359375,1232.8821353912354,1190.5312223434448,1228.1764783859253,28220300
2024-05-03,9508.5458984375,9508.5458984375,9339.612341866276,9412.012437539657,81200400,4345.1943359375,4418.376556332237,4308.603225740132,4354.342113486842,321697200,5587.83642578125,5837.699030186102,5496.977296906758,5724.125119092988,269305400,4432.923828125,4478.8133087474125,4359.500659129141,4451.279620373965,89058400,1190.5311279296875,1214.0594110903533,1185.8254712975543,1204.648097826087,20074400
2024-05-06,9460.279296875,9532.679393534758,9436.145931321747,9508.546027981505,53076200,4381.78564453125,4427.524534348904,4326.898976750065,4390.933422494781,262707400,5701.41015625,5814.98406374502,5587.83624875498,5678.695374750996,184234200,4414.56787109375,4487.991037348947,4405.38997531185,4478.813141567048,81862000,1214.0594482421875,1223.4707617944525,1195.2368211376574,1204.6481346899225,23547400
2024-05-07,9363.7451171875,9412.011844595683,9291.345026075225,9363.7451171875,66746800,4272.01220703125,4372.637762228988,4272.01220703125,4363.489984483739,304013600,5701.41015625,5814.98406374502,5678.695374750996,5746.839719248008,130410300,4313.61083984375,4414.567689286901,4295.255049035904,4396.211898479056,82580800,1195.23681640625,1218.7651001937745,1190.5311596487452,1209.3537866787647,15220800
2024-05-08,9050.01171875,9363.745458333333,9050.01171875,9267.212,112808900,4281.16015625,4336.046824919872,4180.534597021901,4253.716821915064,572275800,5701.41015625,5860.413626743028,5678.695374750996,5746.839719248008,117065300,4286.0771484375,4377.856102365498,4240.187671473502,4295.2550438303,58548300,1152.8858642578125,1204.6480867346938,1148.180207669005,1195.2367735570792,52119300
2024-05-13,9194.8125,9194.8125,8881.078740157482,8881.078740157482,145469900,4281.16015625,4299.455712473291,4235.421265691773,4253.716821915064,320067100,5633.26611328125,5701.410461425781,5565.121765136719,5633.26611328125,128638300,4387.0341796875,4387.0341796875,4221.832055766214,4221.832055766214,54329600,1167.0029296875,1176.4142436365928,1143.4746448147682,1148.1803017893146,27680800
2024-05-14,9218.9462890625,9339.613125306774,9194.812921813646,9291.346390809063,95363500,4326.89892578125,4400.081148627444,4299.455592213927,4317.751147925475,341458900,5633.26611328125,5724.125244140625,5610.551330566406,5610.551330566406,94048400,4524.70263671875,4533.880532533595,4387.03419949607,4396.212095310915,70014900,1167.0029296875,1185.8255575856856,1157.5916157384072,1171.7085866620464,19397400
2024-05-15,9170.6787109375,9267.212171052632,9098.278615851152,9170.6787109375,54741900,4409.22900390625,4454.967893988265,4354.342335807833,4372.637891840638,298990300,5792.26953125,5814.98431372549,5633.2660539215685,5633.2660539215685,80923000,4611.892578125,4680.726795708955,4451.279403762438,4478.81309079602,85730700,1199.9425048828125,1209.3538186465994,1162.2972498276654,1167.0029067095588,33981100
2024-05-16,9267.212890625,9339.612991333008,9194.812789916992,9243.07952372233,61126000,4427.52490234375,4537.2982470299585,4427.52490234375,4509.854910858407,371295000,5769.5546875,5905.843380905511,5746.839905265748,5860.413816437008,114806300,4772.505859375,4841.340078500601,4680.726900540865,4703.671640249399,118382400,1199.9425048828125,1228.1764461741727,1195.236848000919,1214.0594755284926,29298000
2024-05-17,9412.01171875,9508.54517227564,9243.078175080127,9267.211538461539,99848500,4500.70654296875,4537.297653074187,4409.228767705157,4427.524322757876,208991800,5973.98779296875,6042.132140417063,5769.554750623812,5769.554750623812,133153900,4749.56103515625,4841.339992357337,4703.671556555706,4772.505774456522,67679700,1223.470703125,1246.9989858774038,1185.8254507211539,1199.9424203725962,34890800
2024-05-20,9146.5458984375,9460.279662763853,9146.5458984375,9363.746196817283,87890100,4409.22900390625,4619.627898283519,4409.22900390625,4564.741230185101,335150700,5746.83984375,6019.417227643281,5633.265933794466,5951.272881669961,168796000,4570.59228515625,4818.39548133942,4543.058596691453,4772.506000564759,76605300,1195.23681640625,1242.2933839812993,1190.5311596487452,1223.4707569512796,23408300
2024-05-21,9050.01171875,9243.078635416667,9050.01171875,9122.4118125,75311400,4281.16015625,4454.967940371261,4281.16015625,4400.081271701389,271568800,5474.26220703125,5701.410016451634,5428.832645147173,5655.980454567557,307362900,4377.8564453125,4570.5922636595915,4368.678549200734,4570.5922636595915,87501700,1167.0029296875,1204.648185483871,1152.885958763861,1190.531214560232,29197900
2024-05-22,9098.2783203125,9243.078505781665,9001.744863333057,9146.545048802222,121712700,4317.7509765625,4363.489864026085,4253.71653411348,4253.71653411348,215066000,5496.97705078125,5587.836175587551,5406.117925974948,5451.547488378099,171675900,4368.67822265625,4405.3898043592435,4331.9666409532565,4331.9666409532565,60859500,1162.2972412109375,1181.1198685989689,1157.5915843639298,1167.0028980579455,22633100
2024-05-27,8977.611328125,9050.011419480847,8953.477964339718,8977.611328125,128578500,4162.2392578125,4317.751493818681,4162.2392578125,4299.455936641484,363719300,5292.5439453125,5496.976973243026,5292.5439453125,5474.262192361856,258450900,4286.0771484375,4396.211893151098,4249.365566866301,4377.856102365498,60499200,1129.357666015625,1167.0029215494792,1129.357666015625,1162.2972646077474,34436900
2024-05-28,8977.611328125,9074.144783266129,8977.611328125,8977.611328125,73945700,4143.943359375,4235.421137727649,4134.795581539735,4189.682248551325,258070200,5406.1181640625,5474.26251066833,5292.5442530527835,5315.259035254727,93701700,4322.7890625,4396.212231289809,4304.4332703025475,4313.611166401274,25799600,1176.4141845703125,1181.1198413085938,1138.7689306640625,1138.7689306640625,30108400
2024-05-29,8832.8125,9001.746072404372,8832.8125,8953.479337431694,117351600,4034.170166015625,4116.500169403699,4025.0223878613947,4098.2046130952385,465008500,5269.82958984375,5337.973937988281,5178.970458984375,5292.544372558594,169386300,4157.5869140625,4304.43325098303,4130.0532258899,4295.255354925496,111830200,1185.8255615234375,1190.53121851361,1157.5916195824034,1176.4142475430929,26417400
2024-05-30,8688.01171875,8929.345377604166,8470.81142578125,8688.01171875,207115100,4006.726806640625,4098.204587614156,3942.692359959154,4025.022362835331,502927800,5337.9736328125,5451.547539893617,5019.966692985372,5247.114507147606,236632600,4120.875,4185.120267260579,4010.740256124722,4130.05289532294,81608700,1162.2972412109375,1190.5311822929846,1143.4746138229061,1190.5311822929846,30772700
2024-05-31,8929.3447265625,8929.3447265625,8712.1444494299,8784.544541807432,756431600,3970.1357421875,4089.0568588889687,3960.9879639796945,4052.4657460577478,655144100,5360.6884765625,5474.262384964248,5360.6884765625,5451.547603283899,169567000,4038.274169921875,4194.298399214311,4038.274169921875,4166.764711692116,145978300,1152.8858642578125,1176.4141472018496,1152.8858642578125,1167.0028340242347,37501300
2024-06-03,8953.478515625,9025.878611438678,8905.211785082547,9025.878611438678,72197700,4143.943359375,4171.386692880795,4025.0222475165565,4052.465581022351,345770100,5542.40673828125,5587.8363017097845,5474.262393138448,5519.691956566982,92525600,4240.18798828125,4258.543780438312,4084.1637549462257,4093.341651024756,53865700,1190.5311279296875,1199.9424411939538,1152.8858748726223,1162.2971881368885,26837700
2024-06-04,9025.87890625,9194.812468666443,9025.87890625,9194.812468666443,75353100,4070.76123046875,4198.830123112711,4070.76123046875,4171.386788974719,332902200,5587.83642578125,5701.4103368743645,5565.121643562627,5587.83642578125,137800600,4258.54345703125,4313.610829320447,4221.831875505119,4267.721352412783,52885400,1190.5311279296875,1214.0594110903533,1190.5311279296875,1199.9424411939538,33599700
2024-06-05,9122.412109375,9170.678840112434,8977.611917162698,9170.678840112434,82087300,4025.022216796875,4116.499994451349,4025.022216796875,4116.499994451349,240788500,5451.5478515625,5587.8365478515625,5428.833068847656,5565.121765136719,102327300,4231.009765625,4276.899242475596,4203.476079514642,4249.365556365238,46536400,1195.23681640625,1204.6481299212599,1176.4141893762303,1195.23681640625,25041400
2024-06-06,9146.5458984375,9194.812631410785,9122.412531950857,9194.812631410785,44991300,4116.5,4116.5,4015.8744444444446,4070.7611111111114,281534200,5610.55126953125,5633.266051998988,5519.692139660298,5565.121704595775,85735200,4377.8564453125,4377.8564453125,4249.365899747772,4286.077484194838,69154900,1214.0594482421875,1214.0594482421875,1185.8255075853924,1204.6481346899225,20729000
2024-06-07,9001.7451171875,9170.67867166555,9001.7451171875,9170.67867166555,51599800,3979.28369140625,4116.500370420258,3979.28369140625,4107.3525918193245,375439600,5701.41015625,5701.41015625,5587.83624875498,5678.695374750996,99092800,4313.61083984375,4387.034003075133,4276.899258228058,4377.85610767121,45575300,1171.70849609375,1204.6480923694778,1171.70849609375,1199.9424357586595,21779900
2024-06-10,9194.8125,9194.8125,9122.412401574804,9170.679133858268,45584700,4025.022216796875,4052.4655500932176,3951.8399946732957,3979.283327969638,181387000,5701.41015625,5769.554500747012,5633.265811752988,5701.41015625,80154400,4231.009765625,4276.899242475596,4175.942393404284,4267.721347105477,65704900,1162.2972412109375,1181.1198685989689,1152.8859275169218,1171.7085549049532,13416800
2024-06-11,8977.611328125,9218.944965977822,8977.611328125,9218.944965977822,68690900,3970.1357421875,4061.6135242655528,3970.1357421875,4006.726855018721,197854400,5565.12158203125,5678.695491868622,5565.12158203125,5633.265927933673,56254400,4111.697265625,4249.36570085798,4111.697265625,4185.12043108259,95286400,1148.1802978515625,1171.7085826436028,1143.4746408931544,1167.0029256851947,11482500
2024-06-12,8929.3447265625,9001.744818940033,8929.3447265625,8977.611454814189,49785700,3979.28369140625,3988.4314700071836,3942.692577002514,3970.135912805316,187332500,5383.4033203125,5519.692011965982,5360.688538370254,5496.977230023735,120857200,4065.807861328125,4093.3415488766227,4047.4520696291265,4065.807861328125,112781100,1152.8858642578125,1152.8858642578125,1134.0632379025828,1138.7688944913903,12852700
2024-06-13,8881.078125,9146.545134171196,8881.078125,9146.545134171196,84652200,3942.6923828125,4043.3179424666473,3933.544604662123,4025.0223861658933,238349600,5337.9736328125,5451.547539893617,5315.258851396276,5428.832758477393,162616700,4111.697265625,4148.408848353795,4093.341474260603,4130.053056989397,47763900,1167.0029296875,1176.4142436365928,1157.5916157384072,1171.7085866620464,21280600
2024-06-14,8881.078125,8929.344853940218,8784.544667119566,8881.078125,52986300,3823.771240234375,3951.8401334479668,3814.62346214769,3933.544577274596,358893200,5224.39990234375,5337.973813264266,5133.540773607337,5315.259031080163,203241500,3955.673095703125,4111.697324535963,3955.673095703125,4111.697324535963,65046900,1134.063232421875,1167.002828384336,1134.063232421875,1167.002828384336,13993500
2024-06-19,8736.2783203125,8929.345244518301,8736.2783203125,8929.345244518301,100051000,3750.5888671875,3878.657755335366,3741.4410894626526,3750.5888671875,410338400,5224.39990234375,5315.259031080163,5156.25555579144,5247.114684527854,116004200,3946.4951171875,4029.0961777797966,3909.7835347020346,3955.673012808866,60373800,1105.829345703125,1152.8859136053857,1105.829345703125,1134.0632864444813,32257200
2024-06-20,9098.2783203125,9098.2783203125,8784.54458512931,8832.811313619031,81474800,3906.101318359375,3906.101318359375,3778.032422675461,3778.032422675461,387133400,5406.1181640625,5406.1181640625,5224.3999064469535,5292.5442530527835,82660000,4038.274169921875,4047.4520657626063,3946.4952115145593,3964.8510031960227,50579900,1157.591552734375,1162.2972094528075,1105.8293288316183,1105.8293288316183,33350200
2024-06-21,9267.212890625,9339.612991333008,9074.145955403646,9146.546056111654,166841200,4061.613525390625,4107.352416442322,3896.9535176045188,3915.2490740251974,532713300,5565.12158203125,5633.265927933673,5474.262454161352,5496.977236128827,184240600,4166.7646484375,4231.009918347329,4038.2741086178416,4038.2741086178416,108982500,1176.4141845703125,1190.531154785156,1148.1802441406248,1162.2972143554687,22023600
2024-06-24,9267.212890625,9412.013092041016,9243.07952372233,9267.212890625,79592300,4025.022216796875,4125.647772216797,4025.022216796875,4061.613327858665,303830800,5451.5478515625,5565.121765136719,5451.5478515625,5519.692199707031,58831900,4166.7646484375,4221.8320226459255,4093.3414828262667,4166.7646484375,49112400,1167.0029296875,1190.531214560232,1167.0029296875,1181.1199006111392,13429700
2024-06-25,9267.212890625,9267.212890625,9122.412689208984,9267.212890625,80029000,4006.726806640625,4025.022362835331,3915.249025667095,3951.840138056507,383572500,5383.4033203125,5428.832884196994,5292.5441925435125,5383.4033203125,159983800,4111.697265625,4157.586744035993,4056.6298915318084,4148.408848353795,44861500,1167.0029296875,1176.4142436365928,1152.885958763861,1167.0029296875,7950600
2024-06-26,9170.6787109375,9315.478901110197,9122.411980879933,9194.812075966283,77913200,3997.578857421875,4052.4655236565004,3979.283302010333,4015.8744128334165,150303400,5315.2587890625,5474.262257111378,5315.2587890625,5406.117913661859,92895700,4056.6298828125,4157.586735099689,4056.6298828125,4111.69725678733,34063700,1171.70849609375,1181.1198093153864,1162.2971828721134,1167.0028394829317,7606300
2024-06-27,9412.01171875,9412.01171875,9218.944811698717,9243.078175080127,89150700,4079.90869140625,4116.499800746216,4006.726472726317,4034.1698047312916,299430600,5451.5478515625,5519.692199707031,5337.973937988281,5360.688720703125,117602400,4203.47607421875,4231.009760294419,4065.807643840407,4084.1634345575194,85462100,1185.8255615234375,1195.2368755037824,1171.7085905529204,1181.119904533265,11387900
2024-06-28,9580.9462890625,9629.213020997324,9436.146093258028,9460.279459225441,166172300,4207.9775390625,4244.568648097827,4189.681984544837,4198.829761803669,581319300,5587.83642578125,5678.695554655742,5451.547732469512,5451.547732469512,191371600,4276.8994140625,4350.322579969153,4212.6541438941795,4212.6541438941795,95384300,1190.5311279296875,1214.0594110903533,1185.8254712975543,1185.8254712975543,20656800
2024-07-01,9532.6796875,9556.813053797468,9484.412954905063,9508.546321202532,68634600,4235.42138671875,4272.012500210921,4171.386938107451,4235.42138671875,261421200,5678.6953125,5678.6953125,5542.406625,5610.55096875,100408200,4322.7890625,4331.966958598726,4267.721685907643,4304.4332703025475,43250900,1199.9425048828125,1214.0594755284926,1190.5311911190258,1195.236848000919,17987200
2024-07-02,9556.8125,9653.34595959596,9508.54577020202,9653.34595959596,78848500,4180.5341796875,4235.420842878146,4180.5341796875,4217.125288481264,234403100,5633.26611328125,5769.5548095703125,5587.8365478515625,5701.410461425781,159356600,4322.7890625,4341.1448546974525,4286.077478105096,4322.7890625,35142800,1199.9425048828125,1209.3538186465994,1195.236848000919,1199.9425048828125,13158600
2024-07-03,9653.3466796875,9653.3466796875,9580.946579589843,9629.21331298828,55860200,4207.9775390625,4244.568648097827,4171.386430027174,4235.420870838995,176310400,5655.98046875,5724.124811746988,5542.40656375502,5701.410030747992,70017100,4267.7216796875,4350.322744455645,4249.365887516801,4341.144848370296,41531700,1190.5311279296875,1209.35375445822,1181.1198146654212,1204.648097826087,9618600
2024-07-04,9484.412109375,9653.345658396947,9484.412109375,9629.212294250954,67054000,4381.78564453125,4418.3767563853735,4262.86453100535,4281.160086932411,422261500,5678.6953125,5814.9839999999995,5655.980531249999,5678.6953125,90147800,4322.7890625,4377.856439092357,4276.899582006369,4304.4332703025475,61435900,1209.353759765625,1218.765073071194,1185.8254765017023,1190.5311331544867,26524700
2024-07-05,9605.0791015625,9629.21246613929,9532.67900783213,9580.94573698571,36946900,4390.93359375,4454.968041992187,4381.785815429687,4436.6724853515625,218278000,5837.69873046875,5905.8430736259725,5724.124825206712,5746.839606259119,111646800,4313.61083984375,4387.034003075133,4304.432944439827,4341.144526055518,67585600,1204.648193359375,1232.8821353912354,1199.942536354065,1214.0595073699951,21637900
2024-07-08,9701.61328125,9701.61328125,9605.079815764926,9653.346548507463,72903600,4345.1943359375,4418.376556332237,4336.046558388158,4390.933223684211,222042100,5655.98046875,5837.698716741968,5633.265687751004,5814.983935742972,138144000,4286.0771484375,4350.3224161870985,4286.0771484375,4341.144520794299,36004700,1232.882080078125,1232.882080078125,1185.825512136212,1204.648139312977,27024600
2024-07-09,9725.74609375,9798.146188740695,9725.74609375,9749.879458746898,61853200,4454.9677734375,4509.854440050693,4345.194440211114,4372.63777351771,291320400,5792.26953125,5814.98431372549,5633.2660539215685,5655.980836397059,84177600,4460.45751953125,4469.635415661973,4286.077493047518,4286.077493047518,87456600,1218.76513671875,1246.999078109918,1218.76513671875,1232.882107414334,23764100
2024-07-10,9749.8798828125,9870.546713045327,9701.61315071937,9822.279980952197,62325900,4436.67236328125,4500.706809761598,4427.524585212629,4454.967919418492,167619700,5792.26953125,5860.413878676471,5724.125183823529,5792.26953125,59685300,4423.74560546875,4497.168769044995,4423.74560546875,4451.279291809842,48700200,1209.353759765625,1242.2933563351166,1209.353759765625,1218.765073071194,13364300
2024-07-11,9725.74609375,9774.012823743797,9653.345998759305,9653.345998759305,55908400,4427.52490234375,4500.707132134556,4427.52490234375,4491.559353410706,170461300,5814.984375,5837.699157714844,5769.5548095703125,5814.984375,66789800,4469.63525390625,4478.813149704825,4432.923670711948,4451.279462309099,37573700,1218.76513671875,1218.76513671875,1199.942509124638,1214.0594798202221,11378900
2024-07-12,9725.74609375,9749.879458746898,9677.479363756203,9701.612728753102,62646500,4482.4111328125,4555.593355389031,4464.115577168367,4546.445577566964,301125400,5837.69873046875,5951.272635730787,5814.9839494163425,5860.4135115211575,136132200,4611.892578125,4703.671534903607,4515.5246735074625,4515.5246735074625,151520700,1279.9385986328125,1289.3499118580537,1232.882032506606,1232.882032506606,70288300
2024-07-15,9701.61328125,9725.746647621268,9605.079815764926,9701.61328125,36682600,4409.22900390625,4509.8545620866835,4400.081225889847,4500.70678407028,188713000,5769.5546875,5860.413816437008,5724.125123031496,5860.413816437008,66071800,4611.892578125,4657.782056514304,4570.592047574627,4634.837317319651,94794900,1279.9385986328125,1284.644255245433,1265.8216287949506,1284.644255245433,23847500
2024-07-16,9605.0791015625,9677.47919529287,9605.0791015625,9629.21246613929,37192700,4326.89892578125,4427.524482194767,4326.89892578125,4409.228926483219,189271400,5769.5546875,5814.9842519685035,5724.125123031496,5814.9842519685035,64687900,4570.59228515625,4634.837558240775,4570.59228515625,4634.837558240775,66371200,1298.76123046875,1303.4668871008832,1284.6442605723505,1294.0555738366168,31340200
2024-07-17,9460.279296875,9605.079490194516,9460.279296875,9556.81275908801,90666000,4354.34228515625,4400.081174706211,4317.751173516282,4345.194507246258,263325400,5860.41357421875,5928.557918105015,5792.269230332486,5860.41357421875,109729800,4588.94775390625,4657.781970214844,4588.94775390625,4634.837231445313,59615300,1331.7008056640625,1331.7008056640625,1294.0555532071278,1298.7612097642448,45039100
2024-07-18,9749.8798828125,9749.8798828125,9460.279490253713,9460.279490253713,65383200,4473.26318359375,4473.26318359375,4345.194298991884,4354.342076463446,296614900,5951.27294921875,5996.702513716603,5905.843384720897,5951.27294921875,132532000,4657.7822265625,4703.671706627156,4579.770110452587,4579.770110452587,86127800,1308.172607421875,1331.7008917280239,1298.7612936994155,1326.9952348667941,38189900
2024-07-19,9774.013671875,9774.013671875,9629.213469328703,9701.613570601852,53880300,4482.4111328125,4491.558910634566,4436.672243702168,4454.967799346301,135104800,5928.55810546875,5928.55810546875,5860.4137594288795,5905.8433234554595,63165500,4680.72705078125,4680.72705078125,4611.892829446232,4657.782310336244,66907300,1289.3499755859375,1312.8782598119583,1275.2330050503251,1308.172602966754,22374600
2024-07-22,9749.8798828125,9798.14661490563,9749.8798828125,9774.013248859066,31285300,4491.55908203125,4519.002416544679,4464.115747517821,4500.706860202393,140128300,6087.5615234375,6087.5615234375,5928.5580508104,5973.9876144181435,110467000,4680.72705078125,4726.616531671262,4634.837569891238,4703.671791226257,32378000,1289.3499755859375,1308.172602966754,1275.2330050503251,1289.3499755859375,19685100
2024-07-23,9822.2802734375,9846.413640202702,9774.013539907095,9846.413640202702,39321100,4381.78564453125,4491.5589800936195,4372.637866567719,4482.411202130089,170919500,6019.4169921875,6132.990897700472,5951.272648879717,6132.990897700472,77861700,4634.83740234375,4703.6716211904395,4634.83740234375,4680.726881574877,30554100,1279.9385986328125,1303.4668816959156,1270.527285407571,1303.4668816959156,16641200
2024-07-24,9725.74609375,9822.279553737593,9725.74609375,9774.012823743797,24658000,4372.6376953125,4390.933250523013,4354.342140101988,4363.489917707244,116037600,5883.12841796875,5973.987544114986,5883.12841796875,5905.843199505309,63940900,4680.72705078125,4680.72705078125,4588.9480890012255,4634.837569891238,23442100,1275.2330322265625,1289.350003063019,1256.4104044446208,1279.938689172048,19806300
2024-07-25,9942.9462890625,9942.9462890625,9846.412829945388,9870.546194724666,98088100,4299.4560546875,4354.342727726064,4262.864939328458,4354.342727726064,274397700,5973.98779296875,5973.98779296875,5814.984315589353,5860.4138805548955,66655400,4611.892578125,4657.782056514304,4570.592047574627,4634.837317319651,52463300,1246.9990234375,1275.232963590802,1237.587710053066,1275.232963590802,19547800
2024-07-26,9967.080078125,10039.480175544793,9942.946712318402,10015.346809738196,75565800,4354.34228515625,4400.081174706211,4336.046729336265,4354.34228515625,192267300,5951.27294921875,6019.41729596553,5905.843384720897,5973.987731467677,76519500,4588.94775390625,4657.781970214844,4579.7698583984375,4588.94775390625,41982600,1232.882080078125,1261.116020843273,1223.4707664897423,1246.999050460699,31796100
2024-07-29,9894.6796875,10063.613243140244,9822.27959222561,10039.479878048782,69092500,4372.6376953125,4390.933250523013,4354.342140101988,4390.933250523013,126109900,5883.12841796875,5951.272762578427,5860.413636432191,5951.272762578427,54435300,4611.892578125,4634.837317319651,4588.947838930349,4611.892578125,19854800,1232.882080078125,1246.999050460699,1228.1764232839337,1242.2933936665077,17274400
2024-07-30,9822.2802734375,9942.947107263513,9822.2802734375,9942.947107263513,32122900,4272.01220703125,4336.0466512479925,4272.01220703125,4317.751095757495,201835700,5883.12841796875,5951.272762578427,5792.269291822515,5883.12841796875,86701400,4543.05859375,4588.94807449495,4543.05859375,4588.94807449495,36234500,1232.882080078125,1246.999050460699,1223.4707664897423,1242.2933936665077,17048500
2024-07-31,9918.8125,9991.212591240876,9870.545772506082,9991.212591240876,82519900,4272.01220703125,4308.603318012246,4253.7166515407525,4253.7166515407525,168490300,5814.984375,5883.128723144531,5792.269592285156,5814.984375,99004100,4561.4140625,4611.892487738934,4515.524585010061,4561.4140625,34106000,1237.5877685546875,1251.7047392986574,1228.1764547253742,1232.8821116400309,30237800
2024-08-01,10015.3466796875,10015.3466796875,9846.41312123494,9846.41312123494,61176200,4345.1943359375,4345.1943359375,4290.307670641448,4308.603225740132,169636700,6132.9912109375,6132.9912109375,5905.843388310185,5951.272952835648,163086200,4657.7822265625,4657.7822265625,4533.880630387931,4533.880630387931,54207300,1261.115966796875,1265.8216233894007,1242.2933404267724,1246.998997019298,27408100
2024-08-02,9846.4130859375,9991.213278377758,9846.4130859375,9918.813182157628,55699900,4308.603515625,4345.1946282842355,4290.307959295382,4326.899071954618,113328400,6178.42041015625,6246.564752915327,6064.84650555779,6087.561286477482,167892400,4680.72705078125,4726.616531671262,4611.892829446232,4634.837569891238,75959300,1242.2933349609375,1261.1159612482245,1242.2933349609375,1251.7046481045809,14875500
2024-08-05,9532.6796875,9798.146716772151,9532.6796875,9653.34651898734,126328300,4143.943359375,4272.012249068709,4125.64780370447,4262.8644712334435,329430900,5973.98779296875,6110.276487865375,5905.843445520437,6087.5617053826045,184384000,4552.236328125,4634.837390530494,4478.813161542339,4611.892650973412,65485300,1171.70849609375,1232.8820320343875,1162.2971828721134,1232.8820320343875,61184900
2024-08-06,9653.3466796875,9725.746779785157,9605.079946289063,9725.746779785157,78473900,4207.9775390625,4253.716425356658,4134.795320991848,4162.238652768343,238051800,6019.4169921875,6087.561335495283,5928.557867777123,6042.131773290094,95785000,4611.892578125,4657.782056514304,4533.880464863184,4588.947838930349,51827100,1199.9425048828125,1199.9425048828125,1162.2972498276654,1181.119877355239,23647200
2024-08-07,9749.8798828125,9749.8798828125,9653.346418626237,9653.346418626237,52327400,4226.2734375,4244.568993506494,4198.83010349026,4244.568993506494,125937500,6155.7060546875,6155.7060546875,6042.132142239391,6110.276489708256,84582200,4588.94775390625,4634.837231445313,4570.591962890625,4611.892492675782,32547900,1195.23681640625,1204.6481299212599,1185.8255028912401,1199.942473163755,13266900
2024-08-08,9870.5458984375,9870.5458984375,9725.745714108343,9798.145806272922,54162100,4262.86474609375,4290.308081369032,4198.830297118093,4207.978075543187,131343400,6178.42041015625,6223.849971995634,6110.276067397173,6178.42041015625,81408500,4611.892578125,4680.726795708955,4561.414151896766,4588.947838930349,51493100,1185.8255615234375,1199.9425324939546,1181.119904533265,1195.2368755037824,13845800
2024-08-09,9798.146484375,9894.679947275246,9749.879752924877,9870.546581550185,47062400,4272.01220703125,4326.898873502743,4272.01220703125,4299.455540266997,98730900,6223.85009765625,6269.279660412865,6178.420534899636,6201.135316277943,79710700,4703.67138671875,4772.505602134146,4634.837171303354,4634.837171303354,33031700,1190.5311279296875,1209.35375445822,1190.5311279296875,1195.2367845618207,9489800
2024-08-12,9846.4130859375,9846.4130859375,9725.746258903951,9749.879624310663,40364100,4281.16015625,4317.751268696581,4253.716821915064,4317.751268696581,83552800,6269.27978515625,6269.27978515625,6155.7058760048685,6246.5650033259735,50756000,4703.67138671875,4726.616125190549,4657.781909775153,4726.616125190549,14296000,1204.648193359375,1204.648193359375,1185.8255653381348,1195.2368793487549,7995700
2024-08-13,9942.9462890625,9942.9462890625,9822.279465166112,9894.679559503944,55207100,4317.7509765625,4345.194309040651,4290.307644084349,4299.455421577066,109533400,6360.138671875,6360.138671875,6223.849986049107,6223.849986049107,68666000,4749.56103515625,4772.505774456522,4703.671556555706,4749.56103515625,26196400,1232.882080078125,1242.2933936665077,1199.9424825187857,1204.648139312977,24621000
2024-08-14,9846.4130859375,9942.946547564337,9846.4130859375,9942.946547564337,47999100,4409.22900390625,4427.524559939056,4354.342335807833,4363.490113824235,262716500,6428.283203125,6450.997984761484,6382.853639852032,6428.283203125,97695100,4841.33984375,4933.118798133886,4795.450366558057,4818.395105154029,93112500,1228.1763916015625,1251.7046749655772,1223.4707349287596,1242.2933616199712,22814400
2024-08-15,9870.5458984375,9942.945990602078,9822.279170327782,9846.41253438264,33396600,4418.376953125,4454.968066608437,4381.785839641563,4436.672509866718,214394900,6382.853515625,6428.28307801379,6291.99439084742,6428.28307801379,75955500,4818.3955078125,4887.229729352679,4795.450767299108,4864.284988839286,33034700,1223.470703125,1242.293329326923,1214.0593900240385,1232.8820162259615,19501200
2024-08-16,9967.080078125,9967.080078125,9894.679980705205,9942.946712318402,40731400,4418.376953125,4454.968066608437,4418.376953125,4436.672509866718,149701700,6428.283203125,6473.712766397968,6382.853639852032,6428.283203125,64266400,4864.28466796875,4910.1741459684545,4841.339928968897,4864.28466796875,33604900,1228.1763916015625,1237.5877049471683,1223.4707349287596,1232.8820482743654,10629900
2024-08-19,10015.3466796875,10063.613410673946,9918.813217714609,9967.079948701054,51054400,4409.22900390625,4409.22900390625,4345.194557791429,4409.22900390625,196203200,6496.427734375,6496.427734375,6382.853822934878,6428.283387510927,50246100,4910.17431640625,5001.953275591413,4841.340097017378,4864.284836813668,55661900,1237.5877685546875,1237.5877685546875,1218.765140896061,1237.5877685546875,18102700
2024-08-20,10063.61328125,10087.746646432854,9942.946455335732,9967.079820518586,60304400,4528.14990234375,4528.14990234375,4427.524348958334,4445.819904119318,310085500,6541.85693359375,6678.145619710286,6496.427371554904,6541.85693359375,102615900,5024.89794921875,5047.8426887129,4933.118991242151,4933.118991242151,69978300,1284.644287109375,1289.3499438387134,1237.5877198159912,1246.9990332746681,63466500
2024-08-21,10063.61328125,10136.01337679856,10063.61328125,10136.01337679856,84848800,4665.36669921875,4665.36669921875,4555.5933651194855,4564.741142961091,390307000,6587.28662109375,6632.716183997845,6564.571839641702,6632.716183997845,88487800,5001.953125,5093.732081422018,4979.008385894495,5024.897864105505,92703900,1270.52734375,1298.7612847222222,1270.52734375,1294.0556278935185,35065700
2024-08-22,9967.080078125,10039.480175544793,9870.546614898607,9991.213443931598,56611600,4619.6279296875,4711.105710473391,4596.758484491027,4688.236265276919,474043100,6405.568359375,6519.142266456117,6291.994452293883,6496.427485039893,157323000,4841.33984375,4979.008275325829,4795.450366558057,4979.008275325829,72626600,1242.2933349609375,1270.5272743918679,1242.2933349609375,1270.5272743918679,27867900
2024-08-23,9967.080078125,10015.346809738196,9942.946712318402,9967.080078125,46651600,4711.10595703125,4756.844849817961,4688.236510637895,4711.10595703125,217759300,6405.568359375,6428.283140791224,6337.424015126329,6360.138796542553,111752100,5001.953125,5047.842603211009,4864.284690366972,4864.284690366972,69905300,1289.3499755859375,1294.0556324311417,1246.9990639791001,1246.9990639791001,36112400
2024-08-26,9967.080078125,10015.346809738196,9894.679980705205,9918.813346511803,35145600,4848.322265625,4871.1917102741745,4756.844487028302,4756.844487028302,361169800,6405.568359375,6450.997922207446,6360.138796542553,6405.568359375,78515400,5070.78759765625,5093.732337917138,5001.9533768735855,5001.9533768735855,68435700,1350.5234375,1355.229094076655,1284.6442454268292,1289.3499020034844,98131200
2024-08-27,9846.4130859375,9942.946547564337,9822.27972053079,9918.813182157628,60448400,4733.97509765625,4825.452877321105,4665.366762907609,4802.583432404891,271088700,6382.853515625,6405.568296819395,6291.99439084742,6382.853515625,91686700,4956.06396484375,5093.732408311632,4910.17448368779,5070.787667733652,57135700,1317.5838623046875,1355.2291155133928,1308.1725490025112,1350.5234588623048,46632500
2024-08-28,9991.212890625,9991.212890625,9894.679432744566,9942.946161684782,38489900,4711.10595703125,4733.975403424605,4596.758725064472,4665.367064244539,277561700,6564.57177734375,6564.57177734375,6360.138746215398,6382.853527451882,114606200,4933.119140625,4979.008621002907,4841.340179869186,4956.063880813954,48476500,1336.406494140625,1341.1121508101342,1303.4668974540602,1331.7008374711156,45616800
2024-08-29,9870.5458984375,10136.012903040953,9870.5458984375,10136.012903040953,53004700,4688.23583984375,4733.974726086128,4665.366396722561,4688.23583984375,160041900,6450.998046875,6632.716301716549,6450.998046875,6632.716301716549,94475900,4864.28466796875,4979.008362968013,4864.28466796875,4979.008362968013,40749200,1308.172607421875,1336.4065485892536,1308.172607421875,1336.4065485892536,38064200
2024-08-30,9967.080078125,9967.080078125,9846.41324909201,9967.080078125,158403700,4711.10595703125,4733.975403424605,4688.236510637895,4733.975403424605,275298000,6473.712890625,6519.142454769737,6428.283326480264,6450.998108552632,153760500,4910.17431640625,4956.063795998832,4864.284836813668,4864.284836813668,86718500,1326.9952392578125,1326.9952392578125,1308.1726117506093,1317.583925504211,28041200
2024-09-02,9918.8125,10015.345954987835,9846.412408759124,10015.345954987835,72008600,4733.97509765625,4779.713987488678,4711.105652740036,4711.105652740036,136717200,6541.85693359375,6610.001276652018,6473.7125905354815,6541.85693359375,82176000,4910.17431640625,4956.063795998832,4887.22957660996,4910.17431640625,22988100,1312.8782958984375,1331.700923796623,1308.172638923891,1326.9952668220767,25419100
2024-09-03,9822.2802734375,9967.080474028717,9798.146906672297,9967.080474028717,50950200,4733.97509765625,4802.583432404891,4711.105652740036,4779.713987488678,166033900,6428.283203125,6587.2866745803885,6405.568421488516,6541.85711130742,75100800,4933.119140625,4956.063880813954,4887.229660247093,4933.119140625,20288700,1303.4669189453125,1322.2895459336926,1294.0556054511226,1317.5838891865976,21849300
2024-09-04,9942.9462890625,9942.9462890625,9774.012735607555,9798.146100386833,44817000,4665.36669921875,4733.975033030791,4665.36669921875,4665.36669921875,141890400,6519.142578125,6519.142578125,6360.139100609756,6360.139100609756,78789800,4910.17431640625,4933.119056202541,4864.284836813668,4887.22957660996,47278700,1284.644287109375,1303.4669140267285,1279.9386303800366,1279.9386303800366,26326300
2024-09-05,9894.6796875,9991.213147865854,9894.6796875,9991.213147865854,39332900,4711.10595703125,4711.10595703125,4642.497617851183,4688.236510637895,166436800,6519.142578125,6564.572143129355,6473.713013120644,6473.713013120644,59432000,5001.953125,5001.953125,4910.174168577982,4933.118907683486,62221800,1322.28955078125,1326.995207545596,1289.3499534308276,1289.3499534308276,37101000
2024-09-06,9942.9462890625,9942.9462890625,9870.546194724666,9870.546194724666,31541800,4779.7138671875,4802.58331152811,4711.10553416567,4756.84442284689,170520700,6587.28662109375,6610.001402545798,6496.42749528556,6519.142276737608,63619300,5185.51123046875,5208.455970426576,5024.898050763965,5047.842790721792,139365300,1322.28955078125,1345.8178346029804,1312.878237252558,1322.28955078125,38675500
2024-09-09,9918.8125,9991.212591240876,9846.412408759124,9942.94586374696,36185100,4733.97509765625,4848.322322237319,4711.105652740036,4825.452877321105,201448700,6587.28662109375,6587.28662109375,6541.857058189656,6587.28662109375,71430300,5254.34521484375,5277.289953773199,5162.566259125955,5185.510998055404,78827500,1317.5838623046875,1341.1121455601283,1298.761235700335,1322.2895189557757,26798200
2024-09-10,9991.212890625,9991.212890625,9918.812797214674,9991.212890625,55093100,4802.58349609375,4802.58349609375,4688.23626999628,4756.844605654762,202326400,6587.28662109375,6610.001402545798,6564.571839641702,6587.28662109375,73515700,5231.400390625,5300.234606291118,5231.400390625,5277.289867735745,55033900,1341.1121826171875,1350.5234961794133,1317.5838987116229,1326.9952122738487,44240100
2024-09-11,10063.61328125,10063.61328125,9991.21318570144,10063.61328125,64621300,4733.97509765625,4802.583432404891,4688.236207823823,4779.713987488678,165284900,6700.86083984375,6723.575622351695,6610.00170981197,6632.716492319915,91822300,5185.51123046875,5277.290190300055,5185.51123046875,5231.400710384402,33792600,1359.934814453125,1374.0517848453721,1331.7008736686312,1345.817844060878,50746100
2024-09-12,10111.8798828125,10136.013247687948,10015.34642331071,10087.746517937052,70759100,4733.97509765625,4779.713987488678,4711.105652740036,4733.97509765625,138542100,6632.71630859375,6746.290217987478,6632.71630859375,6700.860654229987,68254300,5139.62158203125,5185.511060442243,5116.676842825754,5162.566321236747,43318600,1355.2291259765625,1374.0517527262368,1350.5234692891438,1359.934782663981,28954700
2024-09-13,10063.61328125,10063.61328125,9967.079820518586,10039.479916067146,70057100,4848.322265625,4848.322265625,4733.975042379127,4756.844487028302,259722600,6610.00146484375,6632.716246509879,6564.57190151149,6632.716246509879,45854000,5162.56640625,5185.511145833334,5116.676927083334,5139.621666666667,34311700,1345.81787109375,1355.2291848776224,1331.7009004179415,1355.2291848776224,22573300
2024-09-17,10136.013671875,10136.013671875,9991.2134765625,10087.746940104167,89745000,4848.322265625,4894.061154923349,4802.583376326651,4894.061154923349,201331600,6746.2900390625,6769.004820338804,6632.716132680976,6655.430913957281,96428000,5185.51123046875,5231.400710384402,5139.621750553098,5139.621750553098,40776200,1359.934814453125,1374.0517848453721,1345.817844060878,1345.817844060878,32685400
2024-09-18,10256.6806640625,10256.6806640625,10087.747100183824,10136.013832720588,65420200,4894.06103515625,4916.930479245765,4871.191591066735,4894.06103515625,186877300,6723.5751953125,6769.00475744299,6678.14563318201,6700.860414247255,47279200,5231.400390625,5231.400390625,5139.621436403509,5231.400390625,64489200,1397.580078125,1406.9913917824074,1359.9348234953704,1364.6404803240741,70162900
2024-09-19,10522.1474609375,10522.1474609375,10280.813803576548,10329.080535048739,140886600,4939.7998046875,5031.27757884838,4939.7998046875,4962.66924822772,332941100,6723.5751953125,6859.863881703969,6723.5751953125,6769.00475744299,124377800,5346.12451171875,5369.069252112393,5277.290290537822,5323.179771325107,93847800,1444.6365966796875,1454.0479100131056,1402.2856866793059,1411.697000012724,115224900
2024-09-20,10401.48046875,10522.147295533643,10401.48046875,10522.147295533643,142194600,4916.9306640625,4985.538998909884,4916.9306640625,4939.800109011628,260437400,6632.71630859375,6746.290217987478,6632.71630859375,6723.575436108733,97901700,5277.2900390625,5346.124256963315,5277.2900390625,5346.124256963315,47673600,1439.9310302734375,1449.3423441967934,1416.402745465048,1444.6366872351155,51627300
2024-09-23,10570.4140625,10570.4140625,10353.213773544521,10353.213773544521,72553800,5031.27783203125,5031.27783203125,4894.061163884943,4894.061163884943,245292000,6769.0048828125,6769.0048828125,6632.716193896813,6655.43097538276,79675600,5323.1796875,5369.069167564656,5254.345467403017,5277.290207435345,48008700,1439.9310302734375,1454.0480011584712,1425.8140593884038,1439.9310302734375,32668100
2024-09-24,10425.61328125,10570.413465711805,10401.479917173032,10401.479917173032,105191100,5054.1474609375,5099.886351986708,5054.1474609375,5077.016906462104,195415700,6746.2900390625,6791.719601615109,6700.860476509891,6723.575257786195,81817100,5323.1796875,5346.124427532328,5277.290207435345,5323.1796875,39900400,1425.81396484375,1439.930934792698,1421.1083081941008,1439.930934792698,33881600
2024-09-25,10473.8798828125,10473.8798828125,10160.146153603831,10304.946336315525,158369100,4871.19189453125,4962.669676588175,4756.8446669600935,4939.800231073944,607065900,6541.85693359375,6678.145619710286,6405.568247477213,6678.145619710286,192197100,5139.62158203125,5277.29001726423,5001.953146798271,5277.29001726423,120885200,1359.934814453125,1406.9913824272817,1341.1121872634624,1406.9913824272817,89349800
2024-09-26,10329.0810546875,10498.01462333893,10304.947687737294,10498.01462333893,84960100,4619.6279296875,4756.844600866337,4596.758484491027,4711.105710473391,855266800,6519.142578125,6541.8573606271775,6450.998230618467,6519.142578125,173044000,5139.62158203125,5162.566321236747,5001.953146798271,5139.62158203125,59306200,1378.7574462890625,1383.4631031023357,1341.1121917828764,1364.6404758492426,33165200
2024-09-27,10280.814453125,10377.347922168428,10039.480780516433,10136.01424955986,93027400,4665.36669921875,4711.105588426777,4573.888920802696,4619.627810010723,304694300,6405.568359375,6473.71270362367,6360.138796542553,6382.853577958776,161405200,5001.953125,5139.621559633028,4956.063646788991,5139.621559633028,79718100,1374.0517578125,1378.7574145173373,1350.5234742883133,1378.7574145173373,33465100
2024-09-30,9967.080078125,10184.280370384382,9967.080078125,10111.880272964589,144692100,4528.14990234375,4619.627678148674,4528.14990234375,4619.627678148674,539169900,6291.99462890625,6382.853757121503,6246.565064798623,6360.138975067689,166203500,4910.17431640625,5001.953275591413,4887.22957660996,4956.063795998832,69417600,1364.6405029296875,1374.0518167429957,1345.817875303071,1374.0518167429957,16399600
2024-10-01,10184.2802734375,10184.2802734375,10015.346714399437,10039.480079976303,59797700,4642.49755859375,4642.49755859375,4546.445884967672,4546.445884967672,197069300,6405.568359375,6428.283140791224,6314.709233710106,6360.138796542553,82690100,4933.119140625,5001.9533611918605,4910.174400436046,4933.119140625,40085600,1378.7574462890625,1383.4631031023357,1350.523505409423,1364.6404758492426,15570800
2024-10-02,10136.013671875,10184.280403645833,9967.080110677083,9967.080110677083,86746200,4519.00244140625,4642.497447396097,4482.411328520369,4573.889110735071,307487600,6337.42431640625,6450.998228886649,6291.99475141409,6382.85388139841,91076400,4910.17431640625,4956.063795998832,4864.284836813668,4887.22957660996,27716400,1331.7008056640625,1378.7573712352307,1322.2894925498288,1378.7573712352307,33017100
2024-10-03,10087.7470703125,10160.147168903259,10039.48033791866,10087.7470703125,60887000,4500.70654296875,4537.297653074187,4445.819877810594,4482.410987916031,354814800,6405.568359375,6428.283140791224,6269.27967087766,6360.138796542553,86264900,4933.119140625,4956.063880813954,4864.2849200581395,4933.119140625,42597000,1308.172607421875,1331.7008917280239,1294.0556368381856,1326.9952348667941,32696300
2024-10-04,10111.8798828125,10111.8798828125,9991.213058435262,10039.479788186158,58500400,4445.8203125,4500.706983024692,4436.672534079218,4454.968090920782,289960700,6314.70947265625,6405.568601759218,6269.279908104766,6382.8538194834755,79485300,4887.2294921875,4979.008449787265,4818.395273987676,4956.063710387324,35822100,1284.644287109375,1312.8782274854052,1270.52731692136,1308.1725707560668,26603000
2024-10-07,9942.9462890625,10015.346383400334,9894.679559503944,9991.213018621056,91867900,4409.22900390625,4509.8545620866835,4400.081225889847,4445.820115971862,308452200,6246.56494140625,6291.994504616478,6178.42059659091,6291.994504616478,103943100,4772.505859375,4910.174297626202,4772.505859375,4887.229557917668,52624000,1303.4669189453125,1312.8782324395024,1270.5273217156475,1284.6442919569326,24354800
2024-10-08,10039.4794921875,10136.012948843148,9798.145850548377,9846.412578876203,99622900,4573.88916015625,4619.6280517578125,4354.34248046875,4390.93359375,527474400,6428.283203125,6519.142329670936,6155.705823487191,6201.135386760159,132141500,4910.17431640625,4956.063795998832,4680.726918443342,4726.616398035923,90686900,1326.9952392578125,1345.8178667650154,1289.3499842434064,1303.4669548738086,37189100
2024-10-09,10063.61328125,10160.146741981414,10039.479916067146,10039.479916067146,56835200,4509.8544921875,4642.497271369485,4509.8544921875,4573.888937309838,309336600,6314.70947265625,6519.142513137927,6314.70947265625,6428.283384034959,76515700,4887.2294921875,4979.008449787265,4841.340013387618,4910.174231587441,70831500,1308.172607421875,1345.817862311713,1308.172607421875,1331.7008917280239,21579100
2024-10-10,10136.013671875,10136.013671875,10039.480208333332,10063.613574218749,51080000,4445.8203125,4546.445875128601,4445.8203125,4500.706983024692,226564700,6314.70947265625,6405.568601759218,6269.279908104766,6291.9946903805085,44291900,4887.2294921875,4956.063710387324,4887.2294921875,4910.174231587441,25892500,1308.172607421875,1317.5839211443345,1298.7612936994155,1317.5839211443345,7132300
2024-10-11,10015.3466796875,10208.413603633284,10015.3466796875,10208.413603633284,44632100,4482.4111328125,4519.002244100765,4473.263354990434,4491.558910634566,104875300,6314.70947265625,6382.8538194834755,6291.9946903805085,6382.8538194834755,45331500,4933.119140625,4979.008621002907,4887.229660247093,4979.008621002907,14488900,1364.6405029296875,1374.0518167429957,1317.5839338631465,1317.5839338631465,57485900
2024-10-14,10136.013671875,10136.013671875,10015.346842447916,10015.346842447916,31738600,4482.4111328125,4509.854466278699,4454.967799346301,4482.4111328125,125414400,6291.99462890625,6337.424193013876,6269.279846852437,6291.99462890625,55885300,4979.00830078125,5001.953039494528,4933.1188233546945,4933.1188233546945,36808100,1392.8743896484375,1397.5800463702228,1355.2291358741554,1364.6404493177258,39344900
2024-10-15,10256.6806640625,10256.6806640625,10087.747100183824,10184.280565257353,66635200,4500.70654296875,4564.740985653265,4500.70654296875,4509.854320495109,142372200,6405.568359375,6450.997922207446,6291.994452293883,6360.138796542553,90358600,5047.8427734375,5070.787513316762,4979.008553799716,5001.953293678977,44248600,1402.2857666015625,1416.4027374062762,1392.8744527317535,1402.2857666015625,40905900
2024-10-16,10111.8798828125,10353.213531566975,10111.8798828125,10329.080166691527,63255900,4528.14990234375,4546.445457504735,4500.706569602273,4528.14990234375,118014300,6360.138671875,6428.283014787947,6291.994328962053,6405.5682338169645,133022500,5024.89794921875,5047.8426887129,5001.9532097246,5047.8426887129,26629100,1411.697021484375,1435.2253051757812,1397.5800512695312,1406.9913647460937,72887700
2024-10-17,10353.2138671875,10425.613964160839,10136.013576267482,10184.280307583042,66993300,4555.59375,4619.628200301205,4519.002635542169,4537.298192771084,188127700,6564.57177734375,6587.286558580234,6360.138746215398,6405.568308688365,90219900,5047.8427734375,5116.676993075284,5024.898033558238,5047.8427734375,48570900,1416.4027099609375,1435.2253373358337,1411.6970531172135,1416.4027099609375,25849100
2024-10-18,10377.3466796875,10498.01350154433,10353.213315316134,10498.01350154433,56299600,4546.44580078125,4619.628026950767,4537.298022510061,4596.758581272793,157113000,6519.142578125,6632.7164906358885,6519.142578125,6610.001708133711,57379200,5185.51123046875,5185.51123046875,5093.732270637444,5093.732270637444,58870300,1411.697021484375,1425.8139916992186,1397.5800512695312,1425.8139916992186,21884700
2024-10-21,10304.947265625,10473.880827356557,10304.947265625,10473.880827356557,36472500,4564.7412109375,4596.758433859907,4546.445654981839,4555.593432959669,110708200,6541.85693359375,6587.286495632595,6473.7125905354815,6587.286495632595,43056000,5162.56640625,5277.290104166667,5139.621666666667,5231.400625,50980600,1402.2857666015625,1425.8140512760854,1397.580109666658,1421.1083943411809,13809100
2024-10-22,10136.013671875,10232.547135416666,10111.880305989584,10111.880305989584,94799500,4482.4111328125,4546.445577566964,4482.4111328125,4537.297799744898,199707500,6428.283203125,6519.142329670936,6428.283203125,6496.427548034452,43582700,5185.51123046875,5208.455970426576,5116.677010595271,5185.51123046875,59956900,1383.463134765625,1402.2857624495111,1374.051820923682,1402.2857624495111,22958600
2024-10-23,10280.814453125,10280.814453125,10111.880882299003,10111.880882299003,48903000,4445.8203125,4473.2636477623455,4400.081420396091,4418.3769772376545,222147300,6428.283203125,6473.712766397968,6382.853639852032,6428.283203125,38222900,5208.4560546875,5208.4560546875,5139.621833700441,5208.4560546875,63163700,1392.8743896484375,1402.2857030920081,1374.0517627612965,1383.463076204867,16406100
2024-10-24,10329.0810546875,10473.881256388726,10329.0810546875,10353.214421637704,85341200,4409.22900390625,4482.411228037474,4400.081225889847,4409.22900390625,218162100,6337.42431640625,6496.427793878808,6337.42431640625,6360.13909890233,65877100,5162.56640625,5231.400625,5162.56640625,5185.511145833334,26445200,1406.9913330078125,1416.4026462720788,1383.4630498471467,1392.874363111413,20592200
2024-10-25,10377.3466796875,10377.3466796875,10256.679857830668,10280.813222202034,34847500,4363.490234375,4445.82023879717,4363.490234375,4409.22912572065,195647800,6405.568359375,6405.568359375,6337.424015126329,6337.424015126329,34637500,5185.51123046875,5185.51123046875,5093.732270637444,5162.566490510923,20200300,1383.463134765625,1416.4027332124256,1374.051820923682,1416.4027332124256,14898200
2024-10-28,10232.546875,10449.747162441037,10232.546875,10449.747162441037,39061500,4354.34228515625,4390.933396796218,4308.603395606289,4363.490063066242,191211000,6201.13525390625,6428.2830654046475,6178.42047275641,6428.2830654046475,114500800,5047.8427734375,5208.45595259233,4979.008553799716,5185.511212713068,48523000,1364.6405029296875,1383.463130556304,1345.817875303071,1383.463130556304,14606100
2024-10-29,10136.013671875,10208.41376953125,10136.013671875,10160.147037760416,49680100,4299.4560546875,4372.6382854055855,4299.4560546875,4326.899391206782,203658600,6201.13525390625,6223.85003505609,6110.276129306892,6178.42047275641,91268300,4864.28466796875,5047.842579967571,4841.339928968897,4956.06362396816,77068500,1341.1121826171875,1364.6404665227521,1341.1121826171875,1364.6404665227521,9926200
2024-10-30,9991.212890625,10039.479619565218,9918.812797214674,9918.812797214674,114484100,4308.603515625,4345.1946282842355,4235.421290306529,4235.421290306529,296314500,6132.9912109375,6155.705993200231,5973.98773509838,5973.98773509838,122132700,4795.45068359375,4887.229644045305,4772.505943480861,4864.2849039324165,58411700,1322.28955078125,1341.1121778386344,1308.172580488212,1341.1121778386344,23566400
2024-10-31,9894.6796875,10111.879973323172,9894.6796875,9967.07978277439,97553400,4390.93359375,4454.968041992187,4308.603588867188,4308.603588867188,307110400,6087.5615234375,6201.135432456856,6087.5615234375,6132.991087045242,126730700,4818.3955078125,4864.284988839286,4749.561286272322,4772.506026785714,50040800,1322.28955078125,1369.346118424711,1317.583894016904,1322.28955078125,38857700
2024-11-01,10063.61328125,10063.61328125,9918.813090152877,9918.813090152877,47710000,4299.4560546875,4409.229400764628,4299.4560546875,4363.490506565825,235656400,6042.1318359375,6110.276179951832,5951.272710585056,6110.276179951832,101423100,4772.505859375,4818.395338792067,4749.561119666467,4818.395338792067,21870200,1331.7008056640625,1331.7008056640625,1308.1725228784783,1331.7008056640625,12336600
2024-11-04,10015.3466796875,10136.013507153615,9942.946583207831,10063.613410673946,49275700,4317.7509765625,4363.489864026085,4253.71653411348,4308.603199069783,209831500,6132.9912109375,6178.420775462962,5928.558170572916,5996.702517361111,80208800,4864.28466796875,4887.229406968602,4726.616233969634,4795.450450969192,31669500,1298.76123046875,1331.700826893682,1284.6442605723505,1331.700826893682,32796100
2024-11-05,10136.013671875,10208.41376953125,9942.946744791667,9942.946744791667,50296500,4308.603515625,4336.046850119426,4281.160181130574,4290.307959295382,199499300,6291.99462890625,6314.709410960063,6064.846808368118,6110.276372475744,88661200,4956.06396484375,5001.95344599971,4818.395521375868,4841.340261953848,32446400,1289.3499755859375,1308.172602966754,1279.938661895529,1298.7612892763457,25992100
2024-11-06,10087.7470703125,10136.01380270634,10015.34697172174,10111.88043650942,50324900,4207.9775390625,4326.89864342731,4207.9775390625,4308.603088909646,249059500,5951.27294921875,6291.994682952648,5951.27294921875,6291.994682952648,147272800,4703.67138671875,4979.008248380335,4680.726648246951,4979.008248380335,67214100,1251.7047119140625,1317.5839072779606,1237.5877414789416,1298.7612800311326,45253800
2024-11-07,9822.2802734375,10087.74730785473,9822.2802734375,9967.080474028717,131579100,4162.2392578125,4244.569265109891,4162.2392578125,4217.1259293440935,296218600,5837.69873046875,5951.272635730787,5837.69873046875,5905.8430736259725,154758500,4611.892578125,4749.5610132929105,4611.892578125,4726.616274098259,63745800,1261.115966796875,1279.9385931669776,1237.5876838342467,1246.998997019298,25644200
2024-11-08,9725.74609375,9870.54628373139,9701.612728753102,9846.412918734492,92166100,4134.7958984375,4244.569240873893,4134.7958984375,4207.978126728429,198589900,5746.83984375,5928.558099678854,5701.410279767787,5837.698971714427,192423000,4570.59228515625,4703.671779402767,4561.414389001317,4657.782298628106,51133100,1246.9990234375,1279.938620283019,1228.1763966686322,1265.8216502063678,19016400
2024-11-11,9701.61328125,9701.61328125,9460.279617537313,9460.279617537313,128707600,4079.90869140625,4153.090910086183,3997.5786953913253,4089.056468741241,507192300,5769.5546875,5860.413816437008,5587.836429625984,5724.125123031496,125606000,4579.77001953125,4611.892654938783,4405.389998747495,4543.058436208355,44028300,1218.76513671875,1251.704735008446,1195.23685222611,1251.704735008446,28969000
2024-11-12,9798.146484375,9870.546581550185,9653.34629002463,9749.879752924877,80378500,4116.5,4134.795555555555,4052.4655555555555,4052.4655555555555,252380100,5792.26953125,5860.413878676471,5746.83996629902,5792.26953125,117281700,4524.70263671875,4588.947907422667,4469.635261829678,4552.236324163287,70220900,1223.470703125,1232.8820162259615,1204.6480769230768,1218.7650465745191,15095500
2024-11-13,9798.146484375,9894.679947275246,9798.146484375,9870.546581550185,62933100,4189.68212890625,4217.125461628343,4079.908798017877,4089.056575591908,209627200,5837.69873046875,5951.272635730787,5814.9839494163425,5905.8430736259725,102748300,4552.236328125,4611.892650973412,4506.346849010837,4524.702640656502,64548800,1251.7047119140625,1265.8216823491834,1223.4707710438206,1223.4707710438206,19311200
2024-11-14,9749.8798828125,9822.279980952197,9701.61315071937,9774.013248859066,56381400,4116.5,4198.83,4116.5,4180.5344444444445,159871800,5792.26953125,5883.128661151961,5769.55474877451,5792.26953125,69750600,4543.05859375,4561.41438604798,4506.34700915404,4552.23648989899,33431400,1228.1763916015625,1251.7046749655772,1223.4707349287596,1251.7046749655772,10510300
2024-11-15,9822.2802734375,9918.81374049831,9701.613439611487,9701.613439611487,63598200,4089.056640625,4125.6477515030765,4070.761085185962,4070.761085185962,106365600,5769.5546875,5814.9842519685035,5724.125123031496,5724.125123031496,41079700,4506.3466796875,4533.880366121436,4469.635097775586,4515.524575165478,32785700,1214.0594482421875,1228.176418570585,1204.6481346899225,1223.4707617944525,6830100
2024-11-18,9653.3466796875,9774.013513183594,9653.3466796875,9725.746779785157,65716200,3979.28369140625,4079.909256016523,3979.28369140625,4061.613698814655,253272300,5746.83984375,5837.698971714427,5655.980715785573,5769.554625741107,77471700,4469.63525390625,4524.7026286977025,4432.923670711948,4524.7026286977025,22240200,1185.8255615234375,1218.765160454644,1185.8255615234375,1214.0595034644716,9682900
2024-11-19,9580.9462890625,9677.479752932148,9556.812923095087,9556.812923095087,85295300,3988.43115234375,4034.1700417054903,3979.283374471402,3979.283374471402,294838700,5678.6953125,5792.26921875,5655.980531249999,5792.26921875,95495700,4451.279296875,4487.990878704897,4405.389819587629,4460.457192332474,28214800,1204.648193359375,1218.7651643753052,1190.5312223434448,1190.5312223434448,8581600
2024-11-20,9725.74609375,9798.146188740695,9653.345998759305,9677.479363756203,58584400,3960.98779296875,4061.6133489102194,3960.98779296875,4025.022237658776,298734600,5655.98046875,5769.55437374498,5633.265687751004,5746.839592745984,68707200,4451.279296875,4497.168774162371,4405.389819587629,4469.635087789949,24693600,1195.23681640625,1218.7651001937745,1190.5311596487452,1214.0594434362697,10593000
2024-11-21,9555.970703125,9701.493099619289,9555.970703125,9701.493099619289,93181200,3887.805419921875,3951.8398621323527,3887.805419921875,3915.248752297794,376788400,5587.83642578125,5655.9807724371185,5565.121643562627,5655.9807724371185,76579300,4331.966796875,4451.279441704184,4322.788901118909,4423.74575443591,45727200,1171.70849609375,1199.9424357586595,1167.0028394829317,1199.9424357586595,25820700
2024-11-22,9555.970703125,9652.985634121193,9555.970703125,9628.731901372144,58396100,4025.022216796875,4043.31777232777,3887.8055503151636,3887.8055503151636,280188100,5678.6953125,5724.1248749999995,5542.406625,5565.121406249999,80236400,4442.1015625,4460.457354080579,4350.322604597108,4359.500500387397,50258400,1185.8255615234375,1204.648189484127,1176.4142475430929,1185.8255615234375,25077700
2024-11-25,9871.2685546875,9895.522285780098,9604.477512668918,9652.984974854115,165369400,4089.056640625,4143.943306942114,4043.317752027405,4043.317752027405,401446400,5973.98779296875,5996.702575451521,5746.839968141041,5746.839968141041,183449100,4579.77001953125,4657.782134092404,4442.101582070391,4451.279477901115,98405900,1214.0594482421875,1256.41035922738,1190.531164361525,1190.531164361525,38369000
2024-11-26,9701.4931640625,9944.030493164062,9701.4931640625,9944.030493164062,62310100,4025.022216796875,4089.056661155007,4006.72666126598,4070.761105624112,266677500,5814.984375,5996.70263671875,5746.840026855469,5996.70263671875,107194300,4543.05859375,4634.837555239899,4543.05859375,4611.892814867424,37322800,1218.76513671875,1228.176450515806,1199.942509124638,1228.176450515806,18729100
2024-11-28,9701.4931640625,9774.254362792968,9628.731965332032,9677.239431152344,57443500,3960.98779296875,4015.874459845915,3960.98779296875,3979.2833485944716,277081800,5860.41357421875,5928.557918105015,5769.554449037064,5769.554449037064,81883200,4611.892578125,4657.782056514304,4543.058360541045,4611.892578125,28337000,1214.0594482421875,1218.76510501832,1199.94247791379,1218.76510501832,16974400
2024-11-29,9701.4931640625,9798.508095703126,9652.985698242188,9701.4931640625,76886000,3887.805419921875,3933.5443072150733,3887.805419921875,3915.248752297794,412519800,5587.83642578125,5792.269465748856,5565.121643562627,5746.83990131161,157628700,4570.59228515625,4634.837558240775,4533.8807005365215,4611.892817853445,48885400,1209.353759765625,1214.0594164184095,1185.8254765017023,1209.353759765625,13080100
2024-12-02,9458.955078125,9749.999849759615,9458.955078125,9701.492387820514,87879600,3814.623291015625,3915.248845454886,3805.4755133393282,3906.1010677785894,337188900,5451.5478515625,5678.6956787109375,5428.833068847656,5610.551330566406,114555300,4322.7890625,4588.948049363057,4322.7890625,4570.592257165606,49318100,1148.1802978515625,1209.353838310867,1148.1802978515625,1204.648181352459,15979400
2024-12-03,9895.5224609375,9919.776192459405,9604.477682674631,9725.74634028416,126087100,3878.657958984375,3887.8057371895266,3851.2146243689194,3878.657958984375,384146700,5701.41015625,5701.41015625,5542.4066857569715,5542.4066857569715,99509800,4387.0341796875,4442.101554327929,4341.144700820476,4350.322596593881,60101100,1134.063232421875,1176.4141415164677,1129.357575855809,1157.5915152522043,38599900
2024-12-04,9895.5224609375,9944.02992398131,9750.000071806066,9871.268729415593,97876300,3979.28369140625,3997.5792486081177,3860.362569594109,3878.658126795977,345762200,5792.26953125,5860.413878676471,5655.980836397059,5701.410401348039,75260000,4543.05859375,4570.59228219697,4396.212255366162,4405.390151515152,46942200,1148.1802978515625,1171.7085826436028,1134.0633269763384,1138.7689839347465,37117700
2024-12-05,9944.0302734375,10041.04520293445,9919.776541063262,9944.0302734375,96904400,3896.953369140625,3970.135592035285,3887.8055912787927,3942.6922584497875,183249300,5587.83642578125,5792.269465748856,5587.83642578125,5769.554683530234,69528700,4423.74560546875,4543.058246280148,4414.56771002172,4543.058246280148,33537600,1138.7689208984375,1157.5915476901473,1134.06326420051,1157.5915476901473,13817800
2024-12-06,9774.25390625,9871.268833359181,9750.000174472705,9798.507638027295,68247200,3942.6923828125,3942.6923828125,3860.3623794591067,3887.805713910238,151433000,5655.98046875,5701.410030747992,5565.121344754016,5633.265687751004,75989700,4460.45751953125,4478.8133117926955,4387.034350485468,4423.745935008359,25735100,1138.7689208984375,1148.1802342942924,1129.3576075025826,1138.7689208984375,22950900
2024-12-09,10041.044921875,10041.044921875,9701.492678140097,9725.746409835447,64458400,4015.874267578125,4015.874267578125,3933.5442712040863,3942.692048578979,158897200,5792.26953125,5792.26953125,5610.551271446078,5610.551271446078,74220300,4588.94775390625,4634.837231445313,4478.8130078125005,4487.990903320313,43938100,1162.2972412109375,1171.7085549049532,1138.7689569758984,1138.7689569758984,27441100
2024-12-10,10041.044921875,10041.044921875,9968.28372678895,10016.79119017965,61230400,3988.43115234375,4006.7267080884462,3924.396707237314,3988.43115234375,196160900,5724.125,5746.839781746032,5655.980654761905,5701.410218253968,92245000,4680.72705078125,4680.72705078125,4524.702815755209,4579.770192823224,39158900,1162.2972412109375,1167.0028980579455,1152.8859275169218,1162.2972412109375,15518100
2024-12-11,10113.806640625,10113.806640625,9919.776777015888,9919.776777015888,37934300,4006.726806640625,4052.4656971273903,3970.135694251213,3970.135694251213,203980300,5724.125,5814.984126984127,5724.125,5724.125,62509600,4657.7822265625,4749.561186691811,4634.837486530173,4634.837486530173,39770900,1176.4141845703125,1185.8254980468748,1157.5915576171874,1162.2972143554687,22065400
2024-12-12,9871.2685546875,10065.298403428285,9871.2685546875,9992.53721015049,44780100,3896.953369140625,3988.43114775895,3896.953369140625,3970.135592035285,226698900,5565.12158203125,5655.980709901148,5542.406800063775,5633.265927933673,96707500,4478.81298828125,4611.892472564196,4478.81298828125,4611.892472564196,45911900,1157.591552734375,1176.4141796081046,1148.1802392975103,1171.7085228896724,16663100
2024-12-13,9750.0,9919.776119402984,9725.746268656716,9822.76119402985,75126400,3814.623291015625,3915.248845454886,3814.623291015625,3869.5099570734037,287838100,5474.26220703125,5542.4065498573655,5428.832645147173,5474.26220703125,135581400,4341.14453125,4432.923485399049,4331.966635835095,4405.3897991543345,72851000,1138.7689208984375,1152.8858909922199,1129.3576075025826,1152.8858909922199,16015500
2024-12-16,9798.5078125,9822.761544709158,9701.492883663366,9701.492883663366,57746100,3887.805419921875,3915.248752297794,3796.327645335478,3796.327645335478,325441900,5519.69189453125,5542.406675990226,5360.688424318416,5360.688424318416,105375900,4258.54345703125,4331.966620083513,4221.831875505119,4231.0097708866515,83736700,1129.357666015625,1148.180293782552,1124.6520090738932,1143.4746368408203,15066400
2024-12-17,9604.4775390625,9749.999926017992,9604.4775390625,9652.985001380997,99845900,3796.327880859375,3924.396773225715,3796.327880859375,3887.8056611210463,327919000,5406.1181640625,5519.692075072216,5383.403381860557,5496.977292870273,72109300,4102.51953125,4258.543763982103,4065.8079470777407,4240.1879718959735,119873700,1101.1236572265625,1134.0632538102632,1096.418000571748,1129.3575971554487,21107100
2024-12-18,9507.462890625,9725.746477399554,9507.462890625,9604.477818080357,84868500,3796.327880859375,3851.214549016378,3778.0323248070404,3814.623436911709,205055500,5292.5439453125,5451.547411480687,5247.114383550161,5383.403068837178,153164600,4065.807861328125,4157.5868198231165,4047.4520696291265,4102.519444726122,56470100,1087.0067138671875,1119.9463112571023,1082.3010570971996,1101.123684177151,24313900
2024-12-19,9386.1943359375,9483.209264474322,9264.925675266473,9410.448068071706,104254100,3741.441162109375,3759.7367179143107,3704.8500504995036,3741.441162109375,381986300,5156.25537109375,5201.684933834664,5088.111026982379,5110.825808352836,277793000,3955.673095703125,4010.7404705853032,3946.495199889429,4001.562574771607,71247000,1044.65576171875,1082.3010143932995,1039.9501051344314,1068.1840446403435,26931400
2024-12-20,9361.9404296875,9458.955356420012,9337.686698004372,9361.9404296875,91576900,3713.997802734375,3768.8844697698582,3704.8500248951277,3723.1455805736223,252689600,5156.25537109375,5224.3997152051215,5110.825808352836,5156.25537109375,148568600,3909.78369140625,4001.5626512984154,3909.78369140625,3974.0289633307657,83872500,1058.7728271484375,1058.7728271484375,1039.9501991102431,1044.6558561197917,10651000
2024-12-23,9483.208984375,9555.970178628517,9410.447790121483,9410.447790121483,43292100,3851.214599609375,3851.214599609375,3759.7368181459697,3778.0323744386505,167689800,5292.5439453125,5337.973507074839,5201.684821787821,5269.82916443133,82910100,4019.91845703125,4029.0963530518693,3964.8510809075347,3964.8510809075347,43668100,1072.8897705078125,1082.3010842841968,1063.4784567314282,1072.8897705078125,12581700
2024-12-24,9458.955078125,9604.477463942309,9458.955078125,9555.970002003205,32415700,3842.06689453125,3887.8057861328125,3814.6235595703124,3860.362451171875,199536100,5224.39990234375,5337.973813264266,5224.39990234375,5292.54424889606,41240900,4019.91845703125,4038.2742490724886,3983.2068729487733,4019.9184570312505,21458900,1063.4783935546875,1082.3010199892838,1063.4783935546875,1068.1840501633367,7787300
2024-12-27,9507.462890625,9531.71662248884,9434.701695033482,9507.462890625,24016700,3875.147216796875,3894.050373951982,3856.244059641768,3875.147216796875,143104400,5269.82958984375,5315.2591552734375,5224.4000244140625,5224.4000244140625,46126800,4001.5625,4065.807769495413,4001.5625000000005,4019.918291284404,22838700,1068.18408203125,1077.5953955293228,1063.4784252822137,1063.4784252822137,8187200
2024-12-30,9386.1943359375,9531.716728742733,9386.1943359375,9507.462996608527,56350100,3856.244140625,3894.050455729167,3846.7925618489585,3856.244140625,153934700,5178.97021484375,5224.399778131853,5133.540651555647,5156.255433199698,96782100,3992.384765625,4019.918453663793,3918.961597521552,3983.206869612069,43899600,1072.8897705078125,1072.8897705078125,1058.772799843236,1063.4784567314282,5928800
2025-01-02,9604.4775390625,9604.4775390625,9361.940227470013,9361.940227470013,38124800,3979.11474609375,3988.566325063094,3865.6957984616242,3875.147377430968,181361700,5315.2587890625,5315.2587890625,5178.970102163462,5178.970102163462,82914600,4212.654296875,4212.654296875,4001.562687227669,4001.562687227669,56985400,1119.9462890625,1129.3576024159663,1077.5953789719013,1077.5953789719013,14632600
2025-01-03,9555.970703125,9628.731901372144,9531.716970375952,9555.970703125,41916000,3922.4052734375,4007.469484186747,3922.4052734375,3988.56632624247,134632300,5269.82958984375,5337.973937988281,5247.114807128906,5315.2591552734375,58067100,4166.7646484375,4249.365709750137,4166.7646484375,4221.8320226459255,76388000,1115.2406005859375,1129.3575702136075,1091.712317873154,1119.9462571284942,7598200
2025-01-06,9386.1943359375,9580.224193011143,9361.940603803296,9555.970460876939,41593900,3875.147216796875,3950.7598454173017,3875.147216796875,3950.7598454173017,153048700,5156.25537109375,5292.544059316492,5133.540589723293,5292.544059316492,68443700,4065.807861328125,4185.120507371614,4047.4520696291265,4175.942611522115,26008100,1091.71240234375,1110.5350299703664,1082.3010885304418,1110.5350299703664,9904000
2025-01-07,9240.671875,9434.701730643044,9240.671875,9386.194266732284,71318600,3808.986328125,3865.6958019928657,3808.986328125,3856.244223014888,171997400,5088.111328125,5133.5408935546875,5042.6817626953125,5088.111328125,96982300,4001.5625,4047.451978211009,3983.2067087155965,4010.740395642202,36973900,1087.0067138671875,1091.7123706371754,1068.1840867872363,1091.7123706371754,11343500
2025-01-08,9386.1943359375,9483.209264474322,9289.17940740068,9386.1943359375,55943100,3856.244140625,3875.1472981770835,3808.986246744792,3808.986246744792,133655700,5224.39990234375,5224.39990234375,5088.11120923913,5088.11120923913,118246100,4010.740478515625,4065.807853506686,3992.384686851938,3992.384686851938,39476000,1077.595458984375,1096.4180870889056,1058.7728308798444,1082.3011160105077,8164200
2025-01-09,9555.970703125,9580.224435874048,9434.70203937976,9458.955772128807,42733800,3808.986328125,3875.1473809708436,3808.986328125,3846.7926440369106,99300400,5224.39990234375,5247.114684527854,5178.970337975544,5201.685120159646,56491700,4019.91845703125,4047.452145093108,3992.3847689693926,4001.562664990012,25545500,1063.4783935546875,1082.3010199892838,1063.4783935546875,1072.8897067719856,6074500
2025-01-10,9434.7021484375,9628.732012672719,9434.7021484375,9507.463347525707,72531300,3790.0830078125,3837.3409006779925,3790.0830078125,3808.986164958697,132774300,5088.111328125,5247.114807128906,5088.111328125,5224.4000244140625,77751500,3992.384765625,4056.6300377155176,3992.384765625,4019.918453663793,28235300,1054.067138671875,1077.5954230172295,1054.067138671875,1063.4784524100166,9507700
2025-01-13,9386.1943359375,9434.701800205912,9337.68687166909,9337.68687166909,88270100,3638.85791015625,3771.1800159801137,3638.85791015625,3771.1800159801137,413408100,5019.966796875,5042.681578761312,4974.5372331023755,4997.252014988688,99953900,3863.89404296875,3974.028790036743,3854.7161473797505,3964.8508944477435,54029800,1016.421875,1049.3614728009259,1007.0105613425926,1044.6558159722222,29112600
2025-01-14,9240.671875,9434.701730643044,9240.671875,9313.433070866142,70942600,3591.599853515625,3705.0187962582236,3591.599853515625,3610.5030106393915,293621700,4906.39306640625,5065.396545410156,4906.39306640625,4929.107849121094,97351900,3790.470947265625,3891.427800582627,3772.1151557534427,3827.1825302899892,71568000,988.1879272460938,1025.8331816173736,978.7766136532739,1016.4218680245536,25207000
2025-01-15,9507.462890625,9507.462890625,9264.925571986607,9289.179303850447,77098000,3865.69580078125,3865.69580078125,3629.406326405868,3629.406326405868,407813500,5224.39990234375,5292.54424889606,4951.822516134511,4974.537298318614,194025700,4047.4521484375,4065.807940493906,3808.8268517042234,3808.8268517042234,82038200,1030.538818359375,1039.9501317690497,988.1879080158391,988.1879080158391,50261300
2025-01-16,9458.955078125,9628.73119491186,9458.955078125,9555.970002003205,76979000,3931.856689453125,4007.469318096454,3903.5019537118765,3979.1145823552056,349387500,5337.9736328125,5633.265791223404,5315.258851396276,5519.691884142287,204359900,4130.05322265625,4221.832183159722,4111.697430555555,4221.832183159722,113849300,1039.9501953125,1063.4784802743213,1030.5388813277714,1049.3615092972284,56313700
2025-01-17,9604.4775390625,9604.4775390625,9361.940227470013,9458.955152107008,71033100,3865.69580078125,3960.2115905314026,3856.2442218062347,3922.405274631342,268758600,5337.9736328125,5496.977102726064,5224.399725731383,5269.829288563829,114054600,4102.51953125,4194.298491680649,4019.918466862416,4084.16373916387,40130000,1021.1275024414062,1044.6557859077982,1011.7161890548496,1035.2444725212415,41021600
2025-01-20,9337.6865234375,9580.223835734578,9337.6865234375,9555.97010450487,112111200,3988.566162109375,3988.566162109375,3903.501954860597,3903.501954860597,167348600,5451.5478515625,5496.9774169921875,5383.403503417969,5451.5478515625,84338400,4240.18798828125,4276.899572595374,4120.8753392603485,4148.409027495942,67692300,1030.538818359375,1044.655788473887,1016.421848244863,1035.2444750642123,27122500
2025-01-21,9289.1796875,9386.194618962141,9264.925954634466,9313.433420365536,124547900,4026.37255859375,4139.79150390625,4016.9209798177085,4035.824137369792,345223800,5496.97705078125,5610.550956789127,5474.2622695796745,5542.406613184401,115355900,4350.32275390625,4423.74592274855,4267.721688958663,4304.433273379813,96008700,1030.538818359375,1054.0671018835617,1021.1275049497003,1049.3614451787244,59439200
2025-01-22,9313.4326171875,9386.193809509277,9289.178886413574,9361.940078735352,90154800,4026.37255859375,4083.08203125,3998.017822265625,4073.6304524739585,193218900,5587.83642578125,5633.265990218496,5542.406861344004,5587.83642578125,117929800,4396.2119140625,4414.567704935412,4368.678227753131,4396.2119140625,55899500,1021.1275024414062,1039.9501292145198,1021.1275024414062,1035.2444725212415,15943500
2025-01-23,9313.4326171875,9458.955001831055,9313.4326171875,9313.4326171875,120515400,4064.178955078125,4101.985270939317,4026.3726392169333,4026.3726392169333,216018100,5610.55126953125,5724.125181869939,5610.55126953125,5633.266051998988,120893700,4267.7216796875,4423.745913138441,4267.7216796875,4396.212224882393,86704800,1021.1275024414062,1039.9501292145198,1021.1275024414062,1021.1275024414062,20373300
2025-01-24,9070.8955078125,9361.940283464237,9070.8955078125,9337.686552159927,152057000,3960.21142578125,4111.436683090319,3960.21142578125,4111.436683090319,276421900,5565.12158203125,5678.695491868622,5565.12158203125,5678.695491868622,96161800,4231.009765625,4313.610823956074,4231.009765625,4276.899242475596,42140900,1002.3048706054688,1030.5388106225241,997.5992139359595,1025.833153953015,21273100
2025-01-30,8876.8662109375,8998.134875021346,8876.8662109375,8876.8662109375,154645800,3894.050537109375,3941.3084319772074,3865.695800188676,3903.5021160829415,220222400,5542.40673828125,5655.980646852587,5519.691956566982,5542.40673828125,101400400,4258.54345703125,4286.0771431758485,4203.476084742053,4231.0097708866515,23980100,959.9539794921875,1002.3048903521369,955.2483227299708,997.5992335899202,29905700
2025-01-31,9167.9111328125,9216.418599123677,8949.627534412202,8973.881267567791,112982800,3988.566162109375,4045.2756336085604,3922.405112026992,3941.308269193387,192622700,5474.26220703125,5655.980454567557,5474.26220703125,5610.55089268348,107861000,4377.8564453125,4478.813302541928,4276.899588083072,4276.899588083072,78958600,983.4822387695312,997.5992087040222,964.6596121902102,964.6596121902102,32702000
2025-02-03,9070.8955078125,9119.402970421123,8949.626851290943,9119.402970421123,90439900,4016.9208984375,4035.824055606618,3922.405112591912,3969.663005514706,220285800,5269.82958984375,5451.5478515625,5178.970458984375,5428.833068847656,182181700,4387.0341796875,4405.38997123431,4258.543638859833,4377.856283914095,63072700,950.5426635742188,978.7766040764233,945.8370068238513,978.7766040764233,36238500
2025-02-04,8901.1201171875,9119.403716791554,8901.1201171875,9070.896250212874,94607700,4026.37255859375,4064.178873697917,3969.6630859375,4026.37255859375,231917500,5156.25537109375,5315.258840686949,5110.825808352836,5292.544059316492,121871500,4313.61083984375,4387.034003075133,4313.61083984375,4377.85610767121,44266700,945.8370361328125,964.6596637175451,941.1313792366294,959.954006821362,32212100
2025-02-05,8852.6123046875,8901.119769370718,8828.35857234589,8828.35857234589,98229900,3912.95361328125,4016.9209798177085,3912.95361328125,4016.9209798177085,209834400,5019.966796875,5088.111142533937,4974.5372331023755,5088.111142533937,185656000,4130.05322265625,4295.2553515624995,4111.697430555555,4267.721663411458,52077600,936.4257202148438,950.5426908713489,931.720063329342,945.8370339858471,23461600
2025-02-06,8682.8359375,8828.358327513966,8585.821010824022,8804.104595844972,171477800,3752.27685546875,3931.8568561083125,3723.922118525661,3894.050540184194,378545500,4633.8154296875,4929.107589422488,4542.956303615196,4929.107589422488,642118700,3937.3173828125,4139.2310947516025,3909.783694820804,4130.053198754371,72520900,912.8973999023438,945.8369968060366,898.7804298007611,936.4256834049814,44182900
2025-02-07,9070.8955078125,9070.8955078125,8561.567150421957,8682.835806943516,131162200,3808.986328125,3808.986328125,3723.922117323201,3752.276854257134,259636200,4679.2451171875,4679.2451171875,4497.526860209345,4542.956424453883,407896100,3918.96142578125,3992.3845906670813,3818.0045740632318,3900.6056345597917,69268900,908.1917724609375,922.3087430173251,898.7804587566791,912.8974293130667,25124400
2025-02-10,8876.8662109375,8973.881142204576,8755.597546853654,8755.597546853654,76209100,3752.27685546875,3827.8894873169866,3733.373697506691,3780.631592411839,201999400,4542.95654296875,4679.2452392578125,4533.870629882813,4679.2452392578125,169384300,3808.82666015625,3955.672989222515,3808.82666015625,3918.961406955949,46856100,889.369140625,908.1917679398148,884.6634837962963,908.1917679398148,30213200
2025-02-11,8804.1044921875,8828.358223570936,8731.343298037189,8755.597029420627,71188300,3790.0830078125,3818.4377435317956,3686.1156435084163,3752.2766935201057,276382800,4433.92529296875,4497.5266803678915,4315.808430656058,4315.808430656058,316743200,3735.403564453125,3827.1825218106956,3717.0477729816107,3808.8267303391813,52994400,865.8408203125,898.7804167374321,851.7238504161005,884.6634468410326,29904200
2025-02-12,8876.8662109375,8876.8662109375,8682.836348403347,8682.836348403347,121172600,3808.986328125,3837.341065058933,3733.3736963011784,3742.8252752791564,362571900,4488.44091796875,4497.526830758161,4388.495877285235,4470.269092389929,225073300,3946.4951171875,3946.4951171875,3762.937204760174,3790.470891624273,57782300,875.2521362304688,884.6634495232695,856.4295096448673,865.840822937668,25382900
2025-02-13,8731.34375,8876.866145833334,8731.34375,8828.358680555555,90439700,3771.179931640625,3808.986246744792,3742.8251953125,3780.631510416667,341640600,4565.6708984375,4611.100459615983,4452.0969954912935,4488.440644434079,215271400,3900.605712890625,3946.495191865809,3863.894129710478,3928.139400275735,38173200,884.6634521484375,889.3691088088016,865.8408255069814,870.5464821673454,23550400
2025-02-14,8707.08984375,8804.104772371169,8682.836111594708,8731.343575905292,116274500,3648.309326171875,3790.0830046500564,3638.8577476066625,3780.6314260848444,524909600,4656.5302734375,4724.674618902439,4515.698626143292,4633.815491615854,239709300,4010.740478515625,4029.096270179312,3946.49520769272,3955.673103524564,61932800,917.6030883789062,927.0144021058694,879.9578334710536,884.6634903345353,28382800
2025-02-17,9046.6416015625,9046.6416015625,8707.089369868465,8707.089369868465,89096400,3808.986328125,3808.986328125,3657.761064477357,3657.761064477357,265737100,4929.107421875,4974.536983366936,4701.959614415323,4724.67439516129,223837300,4194.29833984375,4212.654131265385,3992.3846342057577,4010.7404256273935,52492800,931.7200317382812,941.1313451901831,903.4860913825758,917.6030615604285,50965900
2025-02-18,9022.388671875,9289.179734753025,8973.881205897176,9046.642404863911,107318300,3922.4052734375,3950.7600103539157,3808.9863257718375,3808.9863257718375,374350700,4951.822265625,5042.681389764908,4883.677922520069,4951.822265625,157430200,4359.50048828125,4359.50048828125,4221.8320518092105,4221.8320518092105,73992700,936.4257202148438,950.5426908713489,922.3087495583385,931.720063329342,50424200
2025-02-19,8682.8359375,8973.880717527933,8682.8359375,8949.626985858938,154438200,3799.53466796875,3950.759928385417,3790.0830891927085,3931.8567708333335,348358600,4701.9599609375,4906.393002717391,4656.530396097524,4883.678220297404,204335500,4148.40869140625,4359.50028411055,4111.697110066371,4359.50028411055,72328000,908.1917724609375,941.131370425842,908.1917724609375,936.4257135737128,24651300
2025-02-20,8731.34375,8755.597482638888,8682.836284722222,8707.090017361112,119260800,3695.5673828125,3799.534751638427,3695.5673828125,3752.2768567175513,312753300,4679.2451171875,4747.389463554308,4633.815552942961,4656.53033506523,98363500,4093.341552734375,4175.942615457714,4038.274177585482,4148.408927883268,49467500,903.486083984375,922.3087107340494,889.3691139221191,908.1917406717936,21047400
2025-02-21,8731.34375,8731.34375,8658.582552083333,8682.836284722222,106054700,3676.6640625,3714.470376767352,3657.7609053663236,3695.567219633676,205268800,4611.1005859375,4633.8153671490145,4542.956242302956,4542.956242302956,152528600,3946.4951171875,4074.9856558866277,3946.4951171875,4047.451969022529,70115400,879.9578247070312,903.486108790107,875.2521678904161,903.486108790107,21598700
2025-02-24,8658.58203125,8707.089493609943,8610.074568890055,8658.58203125,108530300,3705.018798828125,3723.9219559650032,3657.760905985929,3686.1156416912468,138610800,4565.6708984375,4611.100459615983,4524.784293376865,4588.385679026741,127578500,3854.71630859375,3964.851060267857,3854.71630859375,3946.4952683221723,61467000,865.8408203125,889.3691034731658,865.8408203125,879.9577902088995,18996400
2025-02-25,8561.5673828125,8731.343506550991,8561.5673828125,8634.328578700424,101592700,3591.599853515625,3705.0187962582236,3591.599853515625,3667.212482010691,404555100,4424.83935546875,4565.670998199274,4415.753443034522,4542.956217113706,224607800,3882.25,3928.1394799054374,3772.1152482269504,3882.25,45778400,856.4295043945312,875.2521308647407,847.0181911594265,865.840817629636,21777000
2025-02-26,8513.0595703125,8634.328225160256,8464.552108373397,8537.31330128205,117843500,3610.503173828125,3648.3094897844408,3553.793699893652,3591.6000158499673,242834100,4470.26904296875,4524.784519102515,4406.667654146024,4415.753566834985,161836900,3992.384765625,3992.384765625,3863.8942214439658,3900.6058054956898,42114300,847.0181884765625,875.252128092448,837.6068752712673,856.4295016818576,21909500
2025-02-27,8270.5224609375,8537.313508064515,8246.268729380497,8537.313508064515,199991600,3430.923095703125,3591.5999348958335,3412.019938151042,3582.148356119792,410928000,4234.03515625,4497.526614471566,4234.03515625,4479.35478976663,334919800,3983.206787109375,4010.740474577873,3854.716245589718,3992.384682932208,58362900,842.3125610351562,865.8408448629539,832.9012475040372,847.0182178007158,21933700
2025-02-28,8173.5078125,8416.045136313056,8173.5078125,8270.522742025223,293095000,3175.73046875,3345.85888671875,3175.73046875,3308.0525716145835,1000597600,4179.52001953125,4261.293237304688,4134.0904541015625,4197.691845703125,464696700,3698.69189453125,3918.961387009538,3680.336103491393,3918.961387009538,156574800,785.8446655273438,832.9012323253883,785.8446655273438,832.9012323253883,68591800
2025-03-03,8537.3134765625,8634.32840243253,8294.77616188743,8343.283624822443,192944300,3468.7294921875,3534.8905451720025,3279.697912231778,3326.9558072207083,744626800,4452.09716796875,4524.78446867028,4270.378916214923,4315.80847915338,257118300,3909.78369140625,3955.6731713523327,3781.293147557218,3836.3605234925176,156616300,828.1956176757812,842.3125884316185,804.6673330827193,818.7843038385565,56966800
2025-03-04,8585.8212890625,8658.582486427436,8416.045161877648,8634.328753972457,125418500,3468.7294921875,3515.9873871764303,3402.568439202997,3478.181071185286,338434700,4397.58154296875,4470.268841199639,4315.808332459001,4452.0970166419165,144346500,3873.072021484375,3937.3172919829312,3827.182542556835,3891.427813055391,71340000,804.6672973632812,828.1955809119152,804.6672973632812,823.4899242021884,34389600
2025-03-05,8731.34375,8901.119878472222,8561.567621527778,8561.567621527778,155207900,3629.40625,3686.11572265625,3506.5357259114585,3506.5357259114585,441151000,4415.75341796875,4588.385753239133,4415.75341796875,4415.75341796875,252222800,4093.341552734375,4166.764719599565,3900.6057397132495,3900.6057397132495,101995600,828.1956176757812,856.4295591874557,804.6673330827193,804.6673330827193,60254500
2025-03-06,8707.08984375,8925.373433147632,8707.08984375,8925.373433147632,96270100,3733.37353515625,3771.1798494363134,3657.7609065961233,3657.7609065961233,434485100,4424.83935546875,4524.784392245251,4424.83935546875,4461.183005205659,194909200,4212.654296875,4313.611153662854,4166.764816516885,4175.942712588508,104226000,823.4899291992188,851.7238696289062,818.7842724609375,828.1955859374999,53402400
2025-03-07,8658.58203125,8731.343224789916,8658.58203125,8731.343224789916,82295300,3601.051513671875,3714.470458984375,3601.051513671875,3714.470458984375,243793600,4397.58154296875,4424.839279805333,4370.323806132167,4424.839279805333,117916600,4166.7646484375,4212.654126944521,4093.3414828262667,4212.654126944521,61630700,804.6672973632812,818.7842674924616,799.9616406535545,818.7842674924616,54271800
2025-03-10,8658.58203125,8707.089493609943,8464.552181810224,8488.805912990196,97652100,3553.793701171875,3601.051596134267,3525.43896419444,3582.14843814931,232192200,4279.46484375,4324.894406847134,4234.035280652866,4297.636668988854,231152200,4084.16357421875,4166.764635270365,4047.4519915291435,4166.764635270365,43038000,804.6672973632812,809.372954073008,795.2559839438277,804.6672973632812,26620700
2025-03-11,8658.58203125,8779.85068714986,8610.074568890055,8682.835762429972,109295600,3582.1484375,3582.1484375,3459.277910620053,3497.0842265831134,273961800,4306.72265625,4343.066307357595,4215.8635284810125,4224.9494412579115,150738100,4084.16357421875,4093.341469891152,4001.562513167135,4019.9183045119385,44323600,795.2559814453125,804.6672948351978,785.8446680554272,795.2559814453125,29637300
2025-03-12,8852.6123046875,8852.6123046875,8707.089910637842,8755.597375321062,87968900,3676.6640625,3705.018798200514,3601.0514339652955,3601.0514339652955,271631200,4433.92529296875,4433.92529296875,4315.808430656058,4315.808430656058,129973900,4157.5869140625,4175.942706177566,4111.697433774834,4120.875329832367,44656600,799.961669921875,809.3729836856618,795.2560130399817,795.2560130399817,21068000
2025-03-13,8707.08984375,8901.11970099234,8707.08984375,8876.865968837048,83030700,3591.599853515625,3752.27668906764,3591.599853515625,3742.8251105057566,209225700,4306.72265625,4488.440911787975,4279.464917919304,4488.440911787975,176286000,4157.5869140625,4221.832186465232,4074.985849544702,4221.832186465232,48947400,781.1390380859375,814.0786360775131,776.4333812299981,809.3729792215738,40218500
2025-03-14,8488.806640625,8658.5827734375,8488.806640625,8537.314107142858,111397800,3544.342041015625,3629.40625,3544.342041015625,3544.342041015625,156131900,4306.72265625,4361.238132911392,4215.8635284810125,4215.8635284810125,154331400,4065.807861328125,4148.408923973618,4038.2741737796277,4102.519444726122,50335900,771.7277221679688,785.8446926954316,767.0220653254811,781.139035852944,25513000
2025-03-17,8343.2841796875,8513.060311250909,8294.776713526526,8488.806578170423,151365700,3619.95458984375,3629.406168407311,3525.438804208143,3572.6966970259464,162467700,4252.20703125,4333.980243389423,4234.035206330128,4306.722506009615,135692800,3974.02880859375,4093.341451807881,3909.7835391707563,4065.8077649123125,60911900,781.1390380859375,781.1390380859375,767.0220675181193,771.7277243740588,18909400
2025-03-18,8052.23876953125,8294.776081866528,7833.9551884295,8246.268619399472,417305700,3478.180908203125,3648.3093221913214,3308.0524942149286,3629.406165081522,416894600,4115.91845703125,4261.2930603701025,3906.9424647316505,4252.207147661424,387565100,3845.538330078125,3955.6730793882384,3698.6919976646404,3946.4951836123955,80141500,776.433349609375,790.5503196022728,752.9050662878788,781.1390062736742,56509300
2025-03-19,8076.49267578125,8149.253871058559,7979.477748744839,8052.238944022148,214108200,3506.53564453125,3572.6966944280657,3478.180908861186,3506.53564453125,352217700,4252.20703125,4270.378856169872,4034.1451322115386,4115.918344350962,273084900,3827.1826171875,3900.6057849033273,3781.293137365108,3845.538409116457,110420100,781.1390380859375,795.2560086537557,767.0220675181193,776.4333812299981,27700900
2025-03-20,8125.0,8222.014925373134,8100.746268656717,8197.76119402985,152917300,3459.27783203125,3553.793619791667,3440.374674479167,3525.438883463542,313033000,4197.69189453125,4333.980592405642,4188.605981339624,4324.894679214015,138209700,3744.58154296875,3918.961565803079,3717.047855152803,3891.4278779871324,109598400,767.0220336914062,809.3729435271281,752.9050637461656,785.8446602850604,43989600
2025-03-21,7900.0,8275.0,7900.0,8275.0,377916400,3497.084228515625,3497.084228515625,3355.3105435758025,3402.5684385557433,627645600,4006.887451171875,4188.605702925702,3979.629713408801,4179.51979033801,374396400,3460.066650390625,3753.7593103707313,3460.066650390625,3744.581414746353,246727700,724.671142578125,767.0220535080155,724.671142578125,767.0220535080155,64153800
2025-03-24,7950.0,8100.0,7625.0,7825.0,331836800,3412.02001953125,3534.890546550381,3326.955808518005,3449.8263355371364,342883200,4052.317138671875,4115.918528740716,3861.5129684653516,3952.3720971351245,319017400,3414.17724609375,3515.134100144909,3331.576183688256,3460.0667252079134,135658700,738.7880859375,762.3163689291401,710.5541463475319,734.082429339172,57407100
2025-03-25,8050.0,8150.0,8000.0,8075.0,136341700,3591.599853515625,3629.406167763158,3459.27775364926,3459.27775364926,331285900,4306.72265625,4370.324045688291,4088.6607496044307,4088.6607496044307,313034100,3579.37939453125,3606.9130821814906,3432.5330603966345,3460.066748046875,157671900,771.7277221679688,776.4333790104564,738.7881242705555,738.7881242705555,39877400
2025-03-26,8525.0,8650.0,8275.0,8300.0,283104600,3780.631591796875,3799.5347497558596,3648.3094860839847,3657.7610650634765,540888800,4679.2451171875,4701.959899309769,4479.355034511529,4524.784598756068,582172700,3900.605712890625,3928.139400275735,3671.158318014706,3680.3362138097427,229422000,842.3125610351562,851.7238745662753,790.5503366140014,790.5503366140014,110143000
2025-03-27,8500.0,8575.0,8375.0,8425.0,122943900,3827.889404296875,3827.889404296875,3714.470458984375,3780.631510416667,322553200,4724.6748046875,4770.1043701171875,4588.3861083984375,4679.2452392578125,301025300,3891.427734375,3928.1393167747638,3772.115091575766,3900.6056299749407,101189600,832.9012451171875,851.7238721254855,804.6673046047405,837.6069018692621,74403600
2025-04-08,7775.0,8000.0,7275.0,7400.0,533073600,3440.374755859375,3544.3421248551253,3260.7947548667153,3270.246333866329,734807100,4243.12109375,4388.49569225107,4088.6605828426123,4088.6605828426123,738455000,3698.69189453125,3744.5813721308937,3313.2202826942466,3377.465551333747,185281600,762.31640625,828.1956018518518,724.6711516203703,743.4937789351852,70216500
2025-04-09,7925.0,7950.0,7675.0,7700.0,136753900,3430.923095703125,3506.5357259114585,3402.568359375,3412.019938151042,366649900,4279.46484375,4352.152144705414,4206.777542794586,4206.777542794586,316821100,3707.869873046875,3799.6488303005103,3643.62460296933,3698.6919773215113,81414200,776.433349609375,818.7842595880682,762.3163796164773,762.3163796164773,42592500
2025-04-10,8225.0,8650.0,8175.0,8500.0,144148600,3591.599853515625,3714.470374820107,3563.2451178299752,3705.0187962582236,417562900,4565.6708984375,4747.38914315143,4515.698381141169,4724.674362562189,559966600,3909.78369140625,4038.2742352552814,3873.0721074493836,4019.9184432768484,131182600,828.1956176757812,832.9012745943937,804.6673330827193,823.4899607571689,47721000
2025-04-11,8275.0,8325.0,8050.0,8200.0,82603000,3630.0,3650.0,3590.0,3600.0,301200600,4633.8154296875,4701.959774241728,4497.526740579044,4542.956303615196,384917500,4029.09619140625,4038.274087058656,3854.7161740105353,3891.4277566201595,90221600,828.1956176757812,832.9012745943937,804.6673330827193,818.7843038385565,36054100
2025-04-14,8400.0,8400.0,8250.0,8250.0,83319300,3690.0,3690.0,3620.0,3630.0,169458300,4750.0,4750.0,4650.0,4650.0,423716000,4175.9423828125,4175.9423828125,4074.985533997253,4084.163429344094,162128800,856.4295043945312,856.4295043945312,832.9012213067695,837.6068779243218,55660000
2025-04-15,8575.0,8600.0,8450.0,8575.0,83431800,3690.0,3780.0,3680.0,3730.0,254224400,4710.0,4820.0,4710.0,4800.0,230981700,4280.0,4350.0,4270.0,4280.0,156480600,885.0,910.0,865.0,865.0,75272300
2025-04-16,8475.0,8550.0,8425.0,8500.0,76874900,3650.0,3700.0,3600.0,3690.0,233772400,4630.0,4750.0,4590.0,4740.0,201660000,4100.0,4290.0,4090.0,4280.0,109735100,965.0,975.0,895.0,895.0,153583700
2025-04-17,8500.0,8500.0,8350.0,8450.0,83540600,3640.0,3670.0,3610.0,3670.0,121059300,4600.0,4660.0,4570.0,4630.0,165381400,4040.0,4150.0,4040.0,4110.0,68392500,945.0,960.0,925.0,960.0,55101600
2025-04-21,8300.0,8500.0,8300.0,8500.0,40683800,3620.0,3660.0,3570.0,3620.0,107470200,4610.0,4640.0,4560.0,4600.0,83034600,3990.0,4050.0,3950.0,4040.0,67071400,920.0,955.0,910.0,945.0,20455700
2025-04-22,8500.0,8500.0,8325.0,8325.0,56537100,3630.0,3650.0,3600.0,3600.0,147116900,4720.0,4720.0,4590.0,4610.0,126426200,4010.0,4050.0,3960.0,3990.0,84001100,965.0,965.0,910.0,915.0,32714100
2025-04-23,8725.0,8725.0,8550.0,8550.0,92329600,3760.0,3790.0,3640.0,3660.0,432999900,4900.0,4900.0,4740.0,4780.0,273395600,4150.0,4170.0,4030.0,4080.0,128948700,1010.0,1030.0,960.0,985.0,82283000
2025-04-24,8475.0,8850.0,8475.0,8850.0,143675300,3730.0,3840.0,3720.0,3790.0,272537300,4890.0,5025.0,4860.0,4950.0,282970000,4170.0,4250.0,4120.0,4200.0,145433700,1015.0,1050.0,1000.0,1045.0,90755300
2025-04-25,8600.0,8650.0,8575.0,8650.0,58297000,3740.0,3790.0,3730.0,3770.0,136517100,4900.0,4960.0,4900.0,4960.0,134208400,4200.0,4210.0,4140.0,4200.0,102065100,1035.0,1055.0,1025.0,1040.0,60843500
2025-04-28,8775.0,8775.0,8650.0,8750.0,73235400,3840.0,3850.0,3780.0,3790.0,212945800,4920.0,4980.0,4890.0,4950.0,90697900,4190.0,4250.0,4170.0,4210.0,68481300,1100.0,1105.0,1040.0,1040.0,73362600
2025-04-29,8725.0,8825.0,8700.0,8800.0,60315700,3850.0,3870.0,3820.0,3860.0,160631400,4940.0,4950.0,4880.0,4930.0,108857600,4140.0,4220.0,4120.0,4210.0,61824000,1085.0,1100.0,1060.0,1100.0,46465900
2025-04-30,8825.0,8925.0,8675.0,8800.0,164597500,3850.0,3850.0,3770.0,3810.0,226832200,4890.0,4920.0,4810.0,4900.0,278360600,4180.0,4180.0,4080.0,4160.0,85510000,1055.0,1085.0,1045.0,1085.0,48675200
2025-05-02,8975.0,9000.0,8850.0,9000.0,92219000,3880.0,3920.0,3850.0,3920.0,205628100,4960.0,4980.0,4910.0,4980.0,146800800,4200.0,4230.0,4160.0,4220.0,81966800,1050.0,1070.0,1050.0,1070.0,33351100
2025-05-05,8975.0,9050.0,8975.0,9000.0,86385600,3860.0,3920.0,3860.0,3900.0,196917100,4980.0,5100.0,4960.0,4990.0,154073100,4210.0,4280.0,4180.0,4210.0,60392100,1055.0,1070.0,1035.0,1060.0,30361700
2025-05-06,9025.0,9050.0,8975.0,9050.0,48860500,3880.0,3900.0,3840.0,3840.0,111333800,4980.0,5050.0,4980.0,5025.0,120165500,4180.0,4230.0,4170.0,4220.0,66444400,1055.0,1060.0,1045.0,1055.0,16967300
2025-05-07,9075.0,9100.0,9000.0,9075.0,77382000,3910.0,3910.0,3870.0,3900.0,119763100,4950.0,5050.0,4950.0,5050.0,100674600,4160.0,4200.0,4140.0,4190.0,57689300,1055.0,1065.0,1045.0,1060.0,14763600
2025-05-08,8975.0,9200.0,8925.0,9075.0,99614500,3790.0,3960.0,3780.0,3910.0,224121900,4790.0,5025.0,4790.0,4960.0,205199700,4120.0,4220.0,4080.0,4160.0,77995600,1160.0,1185.0,1070.0,1075.0,209274700
2025-05-09,9000.0,9050.0,8975.0,9050.0,47167500,3840.0,3840.0,3760.0,3810.0,147638100,4770.0,4830.0,4750.0,4790.0,164014200,4100.0,4140.0,4060.0,4120.0,37787800,1150.0,1175.0,1130.0,1165.0,28497400
2025-05-14,9275.0,9300.0,9150.0,9250.0,149002900,4090.0,4090.0,3960.0,4000.0,461642400,5050.0,5050.0,4880.0,4890.0,342468200,4370.0,4370.0,4160.0,4180.0,179465400,1220.0,1225.0,1155.0,1170.0,93784100
2025-05-15,9275.0,9400.0,9250.0,9275.0,101401300,4270.0,4310.0,4130.0,4140.0,537151700,5325.0,5400.0,5050.0,5075.0,300147300,4500.0,4530.0,4390.0,4390.0,120598100,1240.0,1260.0,1225.0,1225.0,56684700
2025-05-16,9300.0,9325.0,9225.0,9300.0,63007500,4250.0,4330.0,4160.0,4310.0,289337600,5475.0,5475.0,5200.0,5425.0,229382100,4500.0,4530.0,4360.0,4530.0,88956700,1250.0,1255.0,1215.0,1250.0,34963300
2025-05-19,9500.0,9500.0,9250.0,9275.0,111597200,4230.0,4260.0,4200.0,4230.0,145935500,5525.0,5575.0,5400.0,5450.0,191440600,4460.0,4520.0,4430.0,4480.0,60120200,1240.0,1260.0,1230.0,1250.0,34406100
2025-05-20,9475.0,9675.0,9475.0,9500.0,160614800,4210.0,4280.0,4170.0,4230.0,209576900,5400.0,5550.0,5350.0,5500.0,145525700,4450.0,4570.0,4420.0,4460.0,81048500,1230.0,1290.0,1225.0,1240.0,56185600
2025-05-21,9700.0,9725.0,9550.0,9700.0,169739200,4260.0,4310.0,4210.0,4210.0,256020200,5450.0,5550.0,5375.0,5400.0,167239400,4520.0,4580.0,4470.0,4480.0,79967600,1275.0,1295.0,1240.0,1240.0,60436400
2025-05-22,9650.0,9800.0,9650.0,9800.0,103113000,4300.0,4310.0,4240.0,4280.0,208291800,5450.0,5500.0,5400.0,5450.0,137585600,4470.0,4540.0,4470.0,4520.0,42314700,1275.0,1320.0,1275.0,1290.0,43676900
2025-05-23,9675.0,9700.0,9625.0,9675.0,48521800,4350.0,4370.0,4330.0,4350.0,108182800,5425.0,5475.0,5375.0,5450.0,67336400,4510.0,4520.0,4480.0,4510.0,21621500,1270.0,1290.0,1270.0,1285.0,14934900
2025-05-26,9625.0,9650.0,9500.0,9600.0,56625300,4320.0,4350.0,4260.0,4350.0,149418600,5475.0,5475.0,5300.0,5425.0,102960800,4500.0,4520.0,4420.0,4510.0,36713800,1265.0,1280.0,1250.0,1270.0,28992000
2025-05-27,9450.0,9600.0,9450.0,9550.0,93212000,4370.0,4370.0,4280.0,4320.0,180028000,5400.0,5500.0,5400.0,5500.0,86083800,4530.0,4530.0,4460.0,4500.0,40871300,1275.0,1280.0,1260.0,1270.0,29759200
2025-05-28,9400.0,9550.0,9400.0,9450.0,236950800,4450.0,4450.0,4320.0,4360.0,466133500,5300.0,5425.0,5300.0,5400.0,190669100,4490.0,4540.0,4470.0,4520.0,63745800,1255.0,1275.0,1240.0,1275.0,24773900
2025-06-02,9100.0,9175.0,9025.0,9025.0,264428700,4200.0,4390.0,4200.0,4360.0,389541100,5075.0,5250.0,5025.0,5200.0,373474500,4370.0,4480.0,4300.0,4480.0,68993300,1200.0,1260.0,1195.0,1255.0,54710100
2025-06-03,9050.0,9125.0,8950.0,9050.0,128318100,4200.0,4230.0,4120.0,4210.0,277902300,5050.0,5125.0,4950.0,5100.0,169321800,4370.0,4380.0,4260.0,4350.0,42954800,1200.0,1215.0,1170.0,1195.0,34827800
2025-06-04,8975.0,9125.0,8950.0,9100.0,93357200,4080.0,4230.0,4080.0,4230.0,279755300,5025.0,5125.0,4980.0,5125.0,139577800,4300.0,4420.0,4300.0,4420.0,35499900,1190.0,1220.0,1180.0,1220.0,11914600
2025-06-05,8925.0,9050.0,8900.0,9000.0,95529000,4100.0,4140.0,4050.0,4110.0,230129500,5075.0,5075.0,5000.0,5050.0,69179700,4420.0,4420.0,4310.0,4310.0,36143400,1145.0,1190.0,1140.0,1190.0,44077400
2025-06-10,9100.0,9100.0,8950.0,8975.0,80406400,4150.0,4160.0,4100.0,4100.0,179827500,5250.0,5250.0,5075.0,5075.0,158265000,4520.0,4520.0,4450.0,4470.0,45818600,1190.0,1200.0,1150.0,1150.0,21332600
2025-06-11,9050.0,9125.0,9050.0,9100.0,56632600,4070.0,4140.0,4060.0,4130.0,196558700,5200.0,5300.0,5150.0,5300.0,90666100,4540.0,4540.0,4480.0,4530.0,35008700,1180.0,1200.0,1170.0,1200.0,10140500
2025-06-12,9125.0,9125.0,9000.0,9000.0,41337300,4070.0,4100.0,4060.0,4070.0,113850500,5175.0,5225.0,5125.0,5225.0,72423700,4540.0,4540.0,4480.0,4530.0,29571100,1180.0,1185.0,1145.0,1185.0,22393100
2025-06-13,9025.0,9125.0,8975.0,9100.0,83318000,4000.0,4050.0,3980.0,4020.0,283826000,5150.0,5250.0,5100.0,5175.0,128071000,4540.0,4540.0,4450.0,4480.0,30548300,1160.0,1175.0,1150.0,1175.0,8542800
2025-06-16,8925.0,9000.0,8900.0,8925.0,57825000,3990.0,4010.0,3960.0,3980.0,155450700,5150.0,5200.0,5100.0,5150.0,61695600,4400.0,4490.0,4360.0,4490.0,90223800,1150.0,1170.0,1150.0,1150.0,14050800
2025-06-17,9075.0,9100.0,8975.0,8975.0,54927900,3960.0,4030.0,3960.0,4010.0,125769400,5100.0,5225.0,5100.0,5175.0,70657700,4360.0,4420.0,4350.0,4400.0,44876400,1200.0,1215.0,1150.0,1150.0,39678300
2025-06-18,8900.0,9025.0,8900.0,8950.0,86270200,3940.0,3960.0,3900.0,3950.0,140882100,5075.0,5100.0,5025.0,5075.0,53353000,4300.0,4360.0,4250.0,4350.0,40711200,1175.0,1215.0,1170.0,1215.0,30617600
2025-06-19,8775.0,8925.0,8750.0,8900.0,78879500,3800.0,3920.0,3800.0,3900.0,355413000,4970.0,5050.0,4910.0,5050.0,114769600,4130.0,4300.0,4100.0,4300.0,87781700,1145.0,1180.0,1125.0,1175.0,25093600
2025-06-20,8700.0,8875.0,8625.0,8700.0,445915100,3790.0,3840.0,3740.0,3740.0,516177900,4930.0,4990.0,4830.0,4940.0,301154300,4110.0,4140.0,4050.0,4120.0,178503500,1110.0,1145.0,1105.0,1145.0,31820500
2025-06-23,8625.0,8700.0,8500.0,8575.0,87324500,3720.0,3750.0,3660.0,3730.0,222067700,4920.0,4930.0,4800.0,4870.0,119439200,4060.0,4100.0,3970.0,4060.0,53486300,1085.0,1095.0,1055.0,1090.0,24057000
2025-06-24,8775.0,8850.0,8700.0,8725.0,110158900,3780.0,3900.0,3770.0,3820.0,281594300,5025.0,5125.0,5025.0,5050.0,126563900,4140.0,4210.0,4140.0,4160.0,51925200,1115.0,1135.0,1105.0,1105.0,15918100
2025-06-25,8600.0,8775.0,8475.0,8725.0,117561000,3760.0,3830.0,3730.0,3830.0,164257700,4880.0,5050.0,4880.0,5025.0,139963400,4110.0,4200.0,4060.0,4200.0,33883900,1100.0,1135.0,1095.0,1135.0,10317800
2025-06-26,8650.0,8650.0,8525.0,8525.0,117281700,3830.0,3830.0,3750.0,3780.0,171427000,5025.0,5025.0,4910.0,4950.0,94704500,4120.0,4120.0,4050.0,4110.0,31912200,1150.0,1150.0,1095.0,1105.0,18000000
2025-06-30,8675.0,8825.0,8550.0,8575.0,185441800,3740.0,3840.0,3730.0,3840.0,271933200,4880.0,5050.0,4880.0,5050.0,220479900,4120.0,4130.0,4050.0,4130.0,53732100,1115.0,1155.0,1115.0,1150.0,17522000
2025-07-01,8700.0,8775.0,8600.0,8750.0,82364500,3700.0,3790.0,3670.0,3780.0,212288800,4750.0,4910.0,4710.0,4900.0,319875800,4010.0,4130.0,4000.0,4120.0,55711200,1095.0,1125.0,1085.0,1120.0,21994600
2025-07-02,8675.0,8675.0,8575.0,8575.0,68545100,3680.0,3700.0,3640.0,3650.0,220273500,4770.0,4770.0,4710.0,4730.0,159152200,4020.0,4040.0,3970.0,4010.0,31192900,1090.0,1100.0,1070.0,1100.0,17967700
2025-07-03,8600.0,8750.0,8600.0,8700.0,50370800,3680.0,3730.0,3680.0,3710.0,119674300,4740.0,4850.0,4720.0,4780.0,103849000,3970.0,4060.0,3970.0,4010.0,49947500,1080.0,1105.0,1070.0,1090.0,13241400
2025-07-04,8650.0,8700.0,8550.0,8650.0,43593300,3670.0,3710.0,3650.0,3680.0,91141200,4740.0,4790.0,4700.0,4750.0,104170500,4000.0,4010.0,3950.0,3970.0,30396500,1085.0,1100.0,1075.0,1080.0,6888200
2025-07-07,8625.0,8650.0,8550.0,8625.0,49936900,3700.0,3700.0,3650.0,3670.0,78783800,4740.0,4750.0,4680.0,4740.0,120538300,4000.0,4010.0,3930.0,4000.0,28005400,1085.0,1095.0,1070.0,1085.0,6688700
2025-07-08,8500.0,8600.0,8425.0,8550.0,215611000,3670.0,3700.0,3650.0,3690.0,115551200,4720.0,4750.0,4700.0,4710.0,132853800,3970.0,4020.0,3950.0,3980.0,27867600,1080.0,1090.0,1070.0,1085.0,11473700
2025-07-09,8500.0,8550.0,8450.0,8500.0,94459300,3680.0,3700.0,3650.0,3650.0,92437900,4710.0,4760.0,4670.0,4720.0,110198500,4000.0,4000.0,3950.0,3960.0,27904300,1100.0,1110.0,1080.0,1080.0,10232200
2025-07-10,8600.0,8650.0,8500.0,8525.0,111769400,3870.0,3880.0,3680.0,3690.0,290117200,4820.0,4830.0,4730.0,4750.0,160889700,4110.0,4140.0,3980.0,3980.0,44060900,1155.0,1160.0,1105.0,1110.0,29456900
2025-07-11,8625.0,8675.0,8575.0,8575.0,135986500,3880.0,3920.0,3870.0,3920.0,255634700,4970.0,4990.0,4830.0,4850.0,219980300,4180.0,4220.0,4120.0,4130.0,48939300,1195.0,1200.0,1155.0,1170.0,32597400
2025-07-14,8525.0,8675.0,8450.0,8650.0,125196000,3780.0,3890.0,3750.0,3880.0,167151400,4690.0,4990.0,4670.0,4980.0,429438700,4040.0,4190.0,4000.0,4190.0,68377100,1185.0,1205.0,1165.0,1200.0,22594200
2025-07-15,8550.0,8600.0,8475.0,8600.0,77219300,3880.0,3880.0,3780.0,3800.0,183209300,4700.0,4740.0,4690.0,4700.0,206958200,4050.0,4070.0,4010.0,4040.0,30497400,1210.0,1210.0,1165.0,1190.0,15293200
2025-07-16,8525.0,8600.0,8500.0,8550.0,97475300,3880.0,3960.0,3880.0,3950.0,241966800,4690.0,4760.0,4680.0,4730.0,323831100,4130.0,4150.0,4080.0,4130.0,66349800,1240.0,1270.0,1230.0,1235.0,51188200
2025-07-17,8525.0,8550.0,8500.0,8500.0,86016400,3890.0,3930.0,3880.0,3930.0,111359500,4720.0,4720.0,4680.0,4700.0,120304000,4110.0,4140.0,4090.0,4140.0,25818000,1220.0,1245.0,1215.0,1240.0,12791700
2025-07-18,8425.0,8575.0,8425.0,8550.0,80432200,3860.0,3940.0,3860.0,3910.0,111030000,4740.0,4810.0,4720.0,4760.0,161262400,4120.0,4150.0,4100.0,4120.0,35072000,1205.0,1240.0,1205.0,1235.0,14390200
2025-07-21,8450.0,8500.0,8375.0,8450.0,95383500,3830.0,3900.0,3830.0,3890.0,89765800,4680.0,4770.0,4680.0,4770.0,103387400,4070.0,4140.0,4070.0,4140.0,35004100,1175.0,1215.0,1175.0,1210.0,16819600
2025-07-22,8400.0,8475.0,8400.0,8450.0,77981700,3840.0,3880.0,3830.0,3860.0,84902800,4660.0,4710.0,4650.0,4680.0,132984400,4050.0,4090.0,4040.0,4090.0,32607800,1175.0,1190.0,1170.0,1180.0,12309200
2025-07-23,8425.0,8500.0,8400.0,8450.0,70969500,3800.0,3860.0,3790.0,3840.0,132305000,4680.0,4690.0,4660.0,4660.0,115298400,4100.0,4100.0,4040.0,4080.0,23315700,1190.0,1195.0,1165.0,1180.0,7971700
2025-07-24,8500.0,8550.0,8450.0,8475.0,138256800,3950.0,3950.0,3820.0,3830.0,206654200,4800.0,4840.0,4680.0,4690.0,273623100,4220.0,4250.0,4080.0,4100.0,57276100,1215.0,1250.0,1190.0,1200.0,27236000
2025-07-25,8450.0,8525.0,8450.0,8500.0,58682800,3880.0,3950.0,3870.0,3950.0,86263700,4690.0,4800.0,4690.0,4800.0,88471700,4090.0,4180.0,4070.0,4160.0,48597600,1195.0,1210.0,1180.0,1210.0,8300700
2025-07-28,8500.0,8625.0,8475.0,8625.0,99484300,3940.0,3950.0,3920.0,3940.0,94898300,4700.0,4750.0,4690.0,4730.0,112048900,4210.0,4220.0,4090.0,4110.0,45451600,1185.0,1215.0,1180.0,1195.0,9530900
2025-07-29,8400.0,8500.0,8375.0,8500.0,104240300,3920.0,3930.0,3900.0,3930.0,98887100,4710.0,4720.0,4690.0,4700.0,74422700,4150.0,4200.0,4120.0,4200.0,27287100,1175.0,1190.0,1155.0,1190.0,19042800
2025-07-30,8375.0,8475.0,8325.0,8475.0,98098100,3780.0,3910.0,3770.0,3910.0,206358500,4620.0,4720.0,4620.0,4710.0,141263400,4120.0,4160.0,4090.0,4150.0,33919100,1150.0,1180.0,1150.0,1175.0,21305600
2025-07-31,8275.0,8375.0,8250.0,8350.0,206006300,3710.0,3790.0,3700.0,3780.0,163371700,4510.0,4640.0,4510.0,4610.0,155903600,4010.0,4110.0,4010.0,4100.0,50384500,1115.0,1150.0,1110.0,1150.0,35857000
2025-08-01,8300.0,8425.0,8300.0,8400.0,86196100,3740.0,3800.0,3740.0,3800.0,134100500,4530.0,4610.0,4510.0,4570.0,157949900,4010.0,4070.0,4010.0,4050.0,32295500,1115.0,1140.0,1115.0,1115.0,12079300
2025-08-04,8275.0,8350.0,8275.0,8325.0,49054500,3710.0,3740.0,3690.0,3720.0,104446300,4620.0,4630.0,4510.0,4530.0,174404800,4010.0,4030.0,3990.0,4000.0,30440700,1095.0,1125.0,1090.0,1115.0,25459100
2025-08-05,8425.0,8450.0,8325.0,8350.0,69475900,3740.0,3790.0,3700.0,3700.0,184822600,4750.0,4780.0,4660.0,4690.0,277668300,4220.0,4230.0,4040.0,4040.0,93772600,1115.0,1135.0,1095.0,1095.0,20823700
2025-08-06,8300.0,8425.0,8300.0,8425.0,56325400,3710.0,3780.0,3710.0,3770.0,100168200,4700.0,4750.0,4690.0,4750.0,79277900,4100.0,4230.0,4100.0,4220.0,27975700,1130.0,1135.0,1110.0,1115.0,14511100
2025-08-07,8300.0,8350.0,8300.0,8325.0,43621300,3710.0,3750.0,3700.0,3730.0,92746000,4680.0,4740.0,4680.0,4740.0,61453100,4120.0,4140.0,4100.0,4120.0,21207800,1115.0,1130.0,1110.0,1130.0,9107100
2025-08-08,8300.0,8400.0,8300.0,8325.0,68378700,3700.0,3730.0,3700.0,3710.0,133180100,4670.0,4700.0,4660.0,4680.0,71516700,4070.0,4100.0,4070.0,4090.0,43531000,1115.0,1120.0,1095.0,1105.0,8822700
2025-08-11,8550.0,8550.0,8425.0,8500.0,128561300,3810.0,3810.0,3720.0,3720.0,143167900,4720.0,4780.0,4700.0,4710.0,105204200,4200.0,4220.0,4080.0,4090.0,61703500,1205.0,1220.0,1105.0,1110.0,70689200
2025-08-12,8850.0,8875.0,8575.0,8625.0,171015700,4050.0,4050.0,3830.0,3860.0,404797800,4910.0,4920.0,4750.0,4770.0,301599000,4360.0,4420.0,4210.0,4220.0,120908000,1260.0,1280.0,1205.0,1210.0,72378400
2025-08-13,8925.0,8975.0,8725.0,8975.0,129083900,4080.0,4100.0,3990.0,4060.0,292104000,4870.0,4970.0,4860.0,4930.0,180844900,4370.0,4420.0,4310.0,4390.0,54042400,1335.0,1360.0,1230.0,1275.0,132059900
2025-08-14,8775.0,8950.0,8750.0,8925.0,122930900,4060.0,4100.0,4040.0,4080.0,164408100,4850.0,4930.0,4840.0,4910.0,109457100,4390.0,4400.0,4360.0,4400.0,43156900,1350.0,1375.0,1325.0,1340.0,72254600
2025-08-15,8700.0,8850.0,8700.0,8825.0,68754200,4120.0,4150.0,4070.0,4100.0,269255400,4850.0,4930.0,4850.0,4890.0,126685400,4370.0,4450.0,4370.0,4370.0,62301400,1280.0,1355.0,1280.0,1350.0,37158200
2025-08-19,8500.0,8600.0,8450.0,8600.0,128591700,4040.0,4100.0,4010.0,4090.0,208409700,4800.0,4870.0,4780.0,4860.0,116454000,4330.0,4360.0,4280.0,4360.0,34407300,1255.0,1280.0,1245.0,1280.0,18955900
2025-08-20,8525.0,8600.0,8350.0,8375.0,202260200,4150.0,4150.0,4050.0,4050.0,173260400,4950.0,4950.0,4780.0,4790.0,144622900,4430.0,4450.0,4290.0,4290.0,52897600,1320.0,1330.0,1255.0,1280.0,48467200
2025-08-21,8550.0,8575.0,8500.0,8550.0,69470200,4150.0,4170.0,4090.0,4160.0,112477700,4900.0,4950.0,4860.0,4950.0,132019200,4490.0,4490.0,4400.0,4420.0,60899400,1280.0,1335.0,1270.0,1325.0,31318800
2025-08-22,8450.0,8575.0,8450.0,8575.0,66394100,4100.0,4170.0,4100.0,4170.0,71971500,4890.0,4920.0,4870.0,4920.0,73104500,4390.0,4500.0,4380.0,4500.0,32633000,1270.0,1300.0,1265.0,1285.0,11752600
2025-08-25,8475.0,8550.0,8475.0,8525.0,64052700,4210.0,4270.0,4170.0,4180.0,195322200,4950.0,4980.0,4920.0,4950.0,149580800,4450.0,4520.0,4440.0,4460.0,53434200,1300.0,1320.0,1295.0,1315.0,21053300
2025-08-26,8250.0,8475.0,8250.0,8450.0,326794200,4170.0,4220.0,4170.0,4220.0,267465600,4900.0,4950.0,4860.0,4950.0,308891700,4540.0,4540.0,4370.0,4430.0,85603900,1260.0,1300.0,1260.0,1300.0,19669700
2025-08-27,8300.0,8350.0,8200.0,8250.0,111915700,4130.0,4150.0,4070.0,4130.0,123874000,4800.0,4880.0,4800.0,4840.0,113576300,4450.0,4500.0,4400.0,4500.0,45966700,1240.0,1280.0,1235.0,1270.0,17590400
2025-08-28,8325.0,8375.0,8275.0,8350.0,81281400,4140.0,4150.0,4110.0,4130.0,60838200,4770.0,4850.0,4770.0,4790.0,111707400,4460.0,4500.0,4450.0,4480.0,37274600,1305.0,1320.0,1285.0,1285.0,50418200
2025-08-29,8075.0,8275.0,8075.0,8250.0,236499300,4050.0,4120.0,4020.0,4100.0,217276600,4730.0,4750.0,4660.0,4720.0,176485100,4380.0,4460.0,4350.0,4440.0,60711900,1300.0,1310.0,1275.0,1305.0,38371500
2025-09-01,8000.0,8050.0,7600.0,7650.0,421127500,3980.0,4010.0,3860.0,3930.0,234206100,4600.0,4670.0,4460.0,4550.0,320335300,4320.0,4400.0,4150.0,4170.0,60513100,1280.0,1290.0,1220.0,1225.0,29772100
2025-09-02,8000.0,8175.0,8000.0,8000.0,155531500,3960.0,4050.0,3960.0,3980.0,111856000,4570.0,4670.0,4560.0,4610.0,150045600,4310.0,4430.0,4290.0,4340.0,28513000,1275.0,1300.0,1260.0,1280.0,18825800
2025-09-03,7975.0,8000.0,7900.0,7900.0,212372700,4030.0,4030.0,3950.0,4020.0,112507500,4620.0,4660.0,4570.0,4620.0,131617900,4410.0,4410.0,4320.0,4320.0,29754100,1270.0,1295.0,1260.0,1280.0,13531800
2025-09-04,8000.0,8000.0,7925.0,7975.0,103534800,4000.0,4010.0,3960.0,3980.0,87402700,4680.0,4680.0,4620.0,4630.0,88735300,4370.0,4410.0,4340.0,4410.0,17346200,1280.0,1285.0,1255.0,1270.0,11069400
2025-09-08,7700.0,8025.0,7700.0,8025.0,321191900,3900.0,4070.0,3890.0,4070.0,143993900,4490.0,4750.0,4460.0,4750.0,200234500,4180.0,4440.0,4050.0,4430.0,55687200,1155.0,1315.0,1155.0,1290.0,59151800
2025-09-09,7525.0,7725.0,7475.0,7625.0,595368700,3790.0,3890.0,3750.0,3870.0,327167200,4310.0,4480.0,4310.0,4450.0,509366600,4080.0,4200.0,4020.0,4160.0,102884200,1220.0,1250.0,1190.0,1200.0,44407300
2025-09-10,7800.0,7800.0,7550.0,7550.0,246849600,3880.0,3890.0,3820.0,3820.0,117680500,4400.0,4420.0,4350.0,4360.0,293494200,4100.0,4140.0,4080.0,4100.0,64536400,1275.0,1290.0,1205.0,1205.0,30123100
2025-09-11,7850.0,7975.0,7850.0,7900.0,235173400,4080.0,4120.0,3980.0,4000.0,281910400,4480.0,4540.0,4450.0,4480.0,366697800,4420.0,4430.0,4210.0,4210.0,130159900,1355.0,1380.0,1305.0,1315.0,113362400
2025-09-12,7925.0,7975.0,7850.0,7975.0,156084700,4180.0,4190.0,4110.0,4180.0,235383800,4520.0,4550.0,4480.0,4500.0,216960200,4520.0,4530.0,4330.0,4430.0,109797000,1410.0,1445.0,1370.0,1385.0,113504400
2025-09-15,8025.0,8100.0,7975.0,8000.0,142567700,4140.0,4220.0,4120.0,4200.0,157482000,4530.0,4640.0,4520.0,4550.0,231346000,4410.0,4600.0,4410.0,4550.0,74523200,1390.0,1450.0,1385.0,1450.0,53574200
2025-09-16,7925.0,8075.0,7900.0,8050.0,129312900,4130.0,4170.0,4080.0,4160.0,167511900,4480.0,4570.0,4460.0,4570.0,122027400,4370.0,4450.0,4320.0,4440.0,52083500,1345.0,1395.0,1335.0,1390.0,42500700
2025-09-17,7850.0,7900.0,7800.0,7850.0,183725900,4220.0,4220.0,4120.0,4160.0,245154800,4510.0,4520.0,4440.0,4480.0,232702500,4450.0,4450.0,4330.0,4390.0,54546000,1390.0,1415.0,1335.0,1345.0,105109100
2025-09-18,7700.0,7900.0,7650.0,7850.0,275378700,4250.0,4270.0,4210.0,4270.0,332670300,4420.0,4550.0,4420.0,4540.0,177560100,4340.0,4490.0,4250.0,4480.0,90929900,1325.0,1405.0,1320.0,1400.0,68120300
2025-09-19,7800.0,7825.0,7650.0,7650.0,149025300,4250.0,4250.0,4180.0,4230.0,211373200,4380.0,4420.0,4330.0,4350.0,235975900,4270.0,4290.0,4210.0,4250.0,100584800,1335.0,1345.0,1320.0,1325.0,27934400
2025-09-22,7725.0,7825.0,7725.0,7800.0,92588800,4160.0,4250.0,4110.0,4250.0,157592800,4420.0,4420.0,4360.0,4410.0,107176100,4210.0,4280.0,4170.0,4270.0,63520200,1305.0,1345.0,1305.0,1340.0,20724000
2025-09-23,7875.0,7900.0,7750.0,7750.0,102606200,4140.0,4170.0,4110.0,4120.0,110771700,4410.0,4430.0,4370.0,4390.0,90675500,4200.0,4240.0,4170.0,4210.0,39154400,1305.0,1330.0,1285.0,1305.0,42784300
2025-09-24,7775.0,7950.0,7725.0,7950.0,150428400,4170.0,4170.0,4100.0,4140.0,124591600,4390.0,4430.0,4390.0,4410.0,85439100,4190.0,4230.0,4170.0,4220.0,28653700,1275.0,1310.0,1260.0,1305.0,35098300
2025-09-25,7700.0,7775.0,7700.0,7725.0,147986600,4070.0,4170.0,4050.0,4170.0,129656800,4360.0,4410.0,4360.0,4400.0,73946900,4190.0,4190.0,4140.0,4180.0,35633900,1275.0,1295.0,1240.0,1275.0,37979300
2025-09-26,7625.0,7700.0,7575.0,7575.0,121657700,4040.0,4080.0,4000.0,4050.0,146229200,4420.0,4430.0,4350.0,4350.0,86572900,4180.0,4180.0,4110.0,4150.0,39380500,1300.0,1300.0,1270.0,1280.0,15371400
2025-09-29,7775.0,7800.0,7700.0,7750.0,116454700,3980.0,4040.0,3960.0,4040.0,126611800,4400.0,4430.0,4400.0,4420.0,63753600,4170.0,4170.0,4110.0,4160.0,41037000,1290.0,1310.0,1285.0,1300.0,13469300
2025-09-30,7625.0,7775.0,7625.0,7700.0,170666700,3900.0,3980.0,3900.0,3980.0,217357100,4400.0,4450.0,4380.0,4420.0,108639600,4100.0,4170.0,4100.0,4170.0,60162600,1285.0,1300.0,1270.0,1290.0,22256900
2025-10-01,7500.0,7675.0,7500.0,7600.0,202433400,3810.0,3940.0,3800.0,3860.0,223133600,4380.0,4400.0,4350.0,4360.0,92265100,4050.0,4120.0,4050.0,4050.0,37812400,1265.0,1295.0,1250.0,1290.0,31300200
2025-10-02,7500.0,7600.0,7500.0,7500.0,126952400,3710.0,3790.0,3710.0,3760.0,379620000,4360.0,4440.0,4360.0,4410.0,93387400,4040.0,4100.0,4040.0,4050.0,34730200,1265.0,1285.0,1250.0,1265.0,23851100
2025-10-03,7525.0,7550.0,7500.0,7525.0,76787500,3690.0,3750.0,3680.0,3710.0,214737100,4310.0,4380.0,4300.0,4370.0,102459100,4040.0,4080.0,4010.0,4060.0,26763100,1215.0,1260.0,1210.0,1260.0,50772700
2025-10-06,7500.0,7550.0,7450.0,7500.0,104032400,3660.0,3740.0,3640.0,3700.0,190283900,4260.0,4330.0,4260.0,4320.0,96040500,4000.0,4090.0,4000.0,4040.0,35060200,1195.0,1230.0,1180.0,1215.0,32512800
2025-10-07,7575.0,7600.0,7500.0,7550.0,74282600,3710.0,3720.0,3670.0,3690.0,155933000,4290.0,4320.0,4250.0,4260.0,100237500,3990.0,4040.0,3970.0,4030.0,41251900,1200.0,1215.0,1175.0,1195.0,30396700
2025-10-08,7375.0,7525.0,7375.0,7500.0,168080800,3720.0,3740.0,3670.0,3730.0,148263700,4250.0,4290.0,4210.0,4280.0,97466800,3940.0,4010.0,3930.0,4000.0,28812600,1180.0,1210.0,1175.0,1205.0,21930700
2025-10-09,7550.0,7700.0,7300.0,7375.0,293567400,3860.0,3930.0,3640.0,3690.0,479239500,4390.0,4450.0,4200.0,4240.0,183242600,4100.0,4150.0,3860.0,3910.0,106114200,1235.0,1265.0,1160.0,1190.0,147891900
2025-10-10,7400.0,7450.0,7350.0,7450.0,107426000,3730.0,3790.0,3690.0,3790.0,277252300,4250.0,4420.0,4250.0,4410.0,139911200,3970.0,4090.0,3950.0,4090.0,48778300,1185.0,1225.0,1185.0,1225.0,63735400
2025-10-13,7325.0,7375.0,7300.0,7300.0,101847900,3660.0,3710.0,3660.0,3680.0,181694400,4230.0,4240.0,4200.0,4210.0,79178600,3900.0,3940.0,3870.0,3920.0,38351600,1140.0,1170.0,1130.0,1150.0,69579100
2025-10-14,7250.0,7350.0,7250.0,7275.0,151862300,3550.0,3690.0,3550.0,3640.0,278639100,4090.0,4270.0,4090.0,4220.0,188507000,3800.0,3940.0,3800.0,3910.0,69452000,1130.0,1160.0,1120.0,1140.0,28587300
2025-10-15,7250.0,7350.0,7225.0,7250.0,133206400,3500.0,3590.0,3450.0,3570.0,468733500,4050.0,4140.0,4010.0,4110.0,270562400,3770.0,3840.0,3720.0,3810.0,84578200,1140.0,1160.0,1120.0,1140.0,49069300
2025-10-16,7300.0,7325.0,7225.0,7250.0,120611200,3530.0,3580.0,3480.0,3500.0,227629500,4090.0,4150.0,4050.0,4050.0,125979600,3850.0,3890.0,3760.0,3790.0,55980800,1150.0,1175.0,1130.0,1140.0,38997900
2025-10-17,7500.0,7525.0,7275.0,7300.0,157334400,3500.0,3570.0,3490.0,3530.0,244442400,4050.0,4110.0,4030.0,4110.0,247510000,3800.0,3900.0,3800.0,3870.0,60733400,1140.0,1175.0,1140.0,1150.0,39688000
2025-10-20,7875.0,8000.0,7625.0,7700.0,393421800,3680.0,3730.0,3540.0,3550.0,391510300,4300.0,4320.0,4070.0,4120.0,331939200,4040.0,4110.0,3860.0,3870.0,146203400,1235.0,1250.0,1155.0,1155.0,109037100
2025-10-21,8475.0,8475.0,8100.0,8100.0,529802600,3760.0,3790.0,3710.0,3780.0,293000200,4350.0,4390.0,4300.0,4350.0,230858900,4050.0,4130.0,4030.0,4110.0,88064800,1225.0,1260.0,1220.0,1250.0,55931500
2025-10-22,8200.0,8700.0,8200.0,8700.0,392957200,3700.0,3820.0,3680.0,3790.0,329470700,4330.0,4460.0,4290.0,4350.0,216261300,4030.0,4150.0,4000.0,4070.0,81226400,1170.0,1260.0,1165.0,1230.0,111962800
2025-10-23,8325.0,8350.0,8150.0,8200.0,187003900,3820.0,3820.0,3700.0,3720.0,225902700,4430.0,4440.0,4310.0,4310.0,202102500,4240.0,4250.0,4020.0,4030.0,130641200,1195.0,1215.0,1175.0,1175.0,57813900
2025-10-24,8275.0,8375.0,8275.0,8300.0,133355100,3850.0,3910.0,3820.0,3820.0,313903600,4550.0,4590.0,4380.0,4380.0,350420300,4370.0,4440.0,4210.0,4220.0,177603900,1205.0,1230.0,1205.0,1205.0,57807900
2025-10-27,8350.0,8425.0,8200.0,8325.0,182275600,3860.0,3930.0,3750.0,3880.0,332539600,4470.0,4600.0,4410.0,4590.0,245576100,4370.0,4450.0,4270.0,4440.0,102355700,1205.0,1235.0,1190.0,1215.0,50417800
2025-10-28,8275.0,8400.0,8250.0,8350.0,180270000,3850.0,3860.0,3780.0,3850.0,239026800,4510.0,4510.0,4440.0,4490.0,174666600,4370.0,4440.0,4340.0,4390.0,58463900,1195.0,1215.0,1195.0,1215.0,26799200
2025-10-29,8600.0,8600.0,8275.0,8300.0,239156800,3890.0,3890.0,3790.0,3830.0,215008600,4650.0,4650.0,4490.0,4500.0,176978800,4440.0,4440.0,4320.0,4380.0,71743700,1235.0,1240.0,1200.0,1200.0,47563700
2025-10-30,8525.0,8750.0,8475.0,8575.0,259009800,3910.0,3990.0,3870.0,3900.0,287905300,4800.0,4830.0,4650.0,4670.0,390256000,4410.0,4530.0,4370.0,4420.0,91042600,1235.0,1265.0,1225.0,1235.0,66920300
