Price,Close,High,Low,Open,Volume
Ticker,BBNI.JK,BBNI.JK,BBNI.JK,BBNI.JK,BBNI.JK
Date,,,,,
2021-01-04,2608.06396484375,2618.2916666666665,2495.5592447916665,2556.9254557291665,81711400
2021-01-05,2659.202392578125,2659.202392578125,2577.3807804987982,2618.2915865384616,68509200
2021-01-06,2618.29150390625,2679.6577110290527,2536.4698944091797,2669.430009841919,74299600
2021-01-07,2628.518798828125,2659.2018976471304,2597.8357000091196,2648.9741980407953,74138800
2021-01-08,2648.974365234375,2659.2020654862454,2608.0635642268944,2628.5189647306347,72826800
2021-01-11,2669.429931640625,2700.113034303161,2638.746828978089,2648.974529865601,149359200
2021-01-12,2659.202392578125,2730.796303147536,2648.9746910682093,2700.1131986177884,120481200
2021-01-13,2669.429931640625,2700.113034303161,2648.974529865601,2669.429931640625,84618200
2021-01-14,2638.74658203125,2700.112781613372,2628.5188821008965,2669.429681822311,68392400
2021-01-15,2587.6083984375,2659.202306694664,2556.9252948987155,2638.746904335474,105609800
2021-01-18,2577.380615234375,2608.063717796689,2536.4698118179563,2577.380615234375,80840600
2021-01-19,2546.697509765625,2608.063714820218,2516.014407238328,2577.380612292922,88881200
2021-01-20,2628.518798828125,2648.9741980407953,2536.469502371109,2536.469502371109,109658000
2021-01-21,2628.518798828125,2689.884996466136,2628.518798828125,2659.2018976471304,59591200
2021-01-22,2567.15283203125,2638.7467357133964,2556.9251315052293,2618.2913346613545,89496000
2021-01-25,2546.697509765625,2577.380612292922,2505.786706395896,2567.1529114504892,62801600
2021-01-26,2485.331298828125,2567.152905373907,2454.648196373457,2546.6975037374614,94759800
2021-01-27,2444.420654296875,2495.5591617089435,2383.054445402393,2485.33146022653,121073600
2021-01-28,2362.59912109375,2434.1930338541665,2331.916015625,2372.8268229166665,105682200
2021-01-29,2270.5498046875,2444.4207356770835,2229.6389973958335,2372.8268229166665,155809200
2021-02-01,2393.281982421875,2403.5096832014556,2147.817163711939,2270.5495730669068,153317600
2021-02-02,2413.737548828125,2475.103757696637,2393.2821458719545,2403.5098473500398,113771800
2021-02-03,2577.380615234375,2618.2914186507937,2444.4205041310142,2475.1036066933284,239553600
2021-02-04,2567.15283203125,2597.8359336093126,2526.242029927166,2587.608233083292,100262200
2021-02-05,2577.380615234375,2608.063717796689,2546.697512672061,2597.836016942584,46060200
2021-02-08,2577.380615234375,2608.063717796689,2567.1529143802704,2577.380615234375,44851400
2021-02-09,2546.697509765625,2618.2914156626507,2536.469808923193,2567.1529114504892,86257400
2021-02-10,2536.4697265625,2567.152828093498,2516.0143255418348,2546.697427072833,30024200
2021-02-11,2536.4697265625,2556.9251275831652,2516.0143255418348,2556.9251275831652,26663000
2021-02-15,2546.697509765625,2587.608313135354,2526.2421080807603,2556.925210608057,53067000
2021-02-16,2597.836181640625,2608.0638831431475,2526.24227112297,2556.9253756305366,75821200
2021-02-17,2516.0146484375,2618.2916666666665,2516.0146484375,2608.06396484375,89886200
2021-02-18,2464.8759765625,2536.469884595436,2454.648275414938,2495.559080005187,64395600
2021-02-19,2454.648193359375,2475.103594970703,2423.9650909423826,2454.648193359375,51525600
2021-02-22,2423.965087890625,2485.3312926473495,2423.965087890625,2454.6481902689875,69472200
2021-02-23,2434.19287109375,2454.6482733718485,2413.737468815651,2423.9651699547007,38327600
2021-02-24,2485.331298828125,2495.5589996463477,2444.420495555234,2444.420495555234,62323600
2021-02-25,2485.331298828125,2536.4698029192386,2485.331298828125,2516.014401282793,68416400
2021-02-26,2434.19287109375,2495.559077928046,2423.9651699547007,2434.19287109375,135017000
2021-03-01,2546.697509765625,2546.697509765625,2444.4205013413025,2454.648202183735,82388800
2021-03-02,2516.0146484375,2577.380859375,2495.5592447916665,2567.1531575520835,57119200
2021-03-03,2464.8759765625,2536.469884595436,2464.8759765625,2516.014482300311,64855000
2021-03-04,2454.648193359375,2485.3312957763674,2444.420492553711,2464.875894165039,35366800
2021-03-05,2454.648193359375,2475.103594970703,2403.5096893310547,2413.7373901367187,48207200
2021-03-08,2454.648193359375,2495.5589965820313,2454.648193359375,2485.3312957763674,24737800
2021-03-09,2444.420654296875,2495.5591617089435,2423.965251332048,2485.33146022653,43320000
2021-03-10,2475.103515625,2495.5589165805786,2434.1927137138427,2464.8758151472107,30935000
2021-03-12,2516.0146484375,2536.4700520833335,2475.1038411458335,2505.7869466145835,74997200
2021-03-15,2587.6083984375,2597.836099617095,2516.014490180336,2536.4698925395255,133769600
2021-03-16,2546.697509765625,2608.063714820218,2536.469808923193,2587.608313135354,56139400
2021-03-17,2495.55908203125,2546.697587810579,2495.55908203125,2546.697587810579,44703400
2021-03-18,2567.15283203125,2587.608233083292,2516.0143294011455,2536.4697304531874,88289600
2021-03-19,2516.0146484375,2567.1531575520835,2516.0146484375,2556.9254557291665,59625600
2021-03-22,2495.55908203125,2546.697587810579,2485.331380875384,2526.2421854988474,40516200
2021-03-23,2495.55908203125,2536.4698866547133,2485.331380875384,2495.55908203125,38971000
2021-03-24,2434.19287109375,2495.559077928046,2434.19287109375,2475.1036756499475,64499200
2021-03-25,2413.737548828125,2454.648354740466,2403.5098473500398,2454.648354740466,46671400
2021-03-26,2475.103515625,2495.5589165805786,2413.7373127582646,2444.420414191632,37882400
2021-03-29,2475.103515625,2516.014317536157,2454.6481146694214,2475.103515625,34467400
2021-03-30,2372.82666015625,2475.1036713698813,2362.598959034887,2454.648269127155,80632200
2021-03-31,2342.143310546875,2393.281810777156,2270.549410224481,2372.8264106850434,87859400
2021-04-01,2321.688232421875,2383.0544412083564,2301.232829493048,2342.143635350702,42609800
2021-04-05,2352.371337890625,2372.8267408288043,2321.6882334833563,2362.599039359715,29858600
2021-04-06,2383.054443359375,2413.737547780311,2352.371338938439,2372.82674188573,36015000
2021-04-07,2362.59912109375,2413.7376302083335,2342.1437174479165,2413.7376302083335,35170000
2021-04-08,2391.0537109375,2401.3599769329203,2360.1349129512396,2370.4411789466594,32473000
2021-04-09,2473.503662109375,2514.728723144531,2401.359805297852,2411.6660705566405,99272400
2021-04-12,2411.665771484375,2494.1158833299946,2401.3595075036724,2483.809619349292,43708800
2021-04-13,2391.0537109375,2421.972508923761,2360.1349129512396,2411.6662429283406,36617000
2021-04-14,2432.278564453125,2452.891094660355,2391.0535040386653,2401.35976914228,42649600
2021-04-15,2463.197509765625,2483.8100412280987,2432.278712571914,2452.891244034388,35951800
2021-04-16,2452.89111328125,2494.116174008666,2421.972317735688,2483.8099088268123,35331800
2021-04-19,2421.97216796875,2463.1972261469414,2401.359638879654,2432.278432513298,23835600
2021-04-20,2442.5849609375,2442.5849609375,2391.0536326476795,2421.972429621572,16545000
2021-04-21,2380.747314453125,2421.972376175257,2370.441049022592,2421.972376175257,26455400
2021-04-22,2339.5224609375,2401.360059023954,2329.216194589758,2391.0537926762113,57216600
2021-04-23,2380.747314453125,2391.053579883658,2339.522252730993,2339.522252730993,37571600
2021-04-26,2360.134521484375,2411.665842914165,2349.828257198417,2411.665842914165,29762200
2021-04-27,2432.278564453125,2432.278564453125,2370.4409738314353,2391.0535040386653,61601400
2021-04-28,2401.359619140625,2432.2784125201183,2391.053354680794,2432.2784125201183,34861800
2021-04-29,2421.97216796875,2442.5846970578455,2401.359638879654,2421.97216796875,22594200
2021-04-30,2349.828369140625,2421.972222579153,2329.2158395867596,2421.972222579153,51811400
2021-05-03,2298.296875,2360.1344590807175,2287.990610986547,2349.8281950672645,47424400
2021-05-04,2318.90966796875,2318.90966796875,2277.684607204861,2298.2971375868055,34481200
2021-05-05,2339.5224609375,2360.1349936329843,2308.603661894273,2329.216194589758,38031800
2021-05-06,2349.828369140625,2380.7471634714225,2339.5221043636925,2370.44089869449,30785200
2021-05-07,2308.603515625,2370.4411097935267,2308.603515625,2370.4411097935267,29105000
2021-05-10,2298.296875,2329.2156670403588,2287.990610986547,2308.603139013453,28382000
2021-05-11,2277.6845703125,2298.297100360577,2267.3783052884614,2298.297100360577,25122800
2021-05-17,2267.37841796875,2329.2160111860794,2246.7658868963067,2298.2972145774147,53778600
2021-05-18,2246.765625,2287.9906823394494,2226.1530963302753,2267.3781536697247,26061200
2021-05-19,2164.315673828125,2236.459529622396,2143.7031436011907,2226.1532645089287,58396200
2021-05-20,2164.315673828125,2195.234469168527,2133.3968784877234,2143.7031436011907,47329400
2021-05-21,2195.234375,2226.1531690140846,2164.3155809859154,2184.9281103286385,51714600
2021-05-24,2184.92822265625,2215.847018259876,2184.92822265625,2215.847018259876,29090200
2021-05-25,2195.234375,2267.3782276995303,2184.9281103286385,2184.9281103286385,47884600
2021-05-27,2123.090576171875,2267.3782852320996,2123.090576171875,2215.8469605677337,161699000
2021-05-28,2143.702880859375,2184.9279362605166,2143.702880859375,2174.6216724102314,43171200
2021-05-31,2226.1533203125,2267.3783817997682,2143.703197337963,2154.00946270978,69536200
2021-06-02,2287.99072265625,2298.2969871727196,2236.459400073902,2267.378193623311,76636200
2021-06-03,2370.44091796875,2370.44091796875,2257.072004500679,2298.297063943614,54852600
2021-06-04,2318.90966796875,2370.440993923611,2308.603402777778,2349.8284635416667,60249000
2021-06-07,2277.6845703125,2329.2158954326924,2257.0720402644233,2318.909630408654,29282200
2021-06-08,2277.6845703125,2298.297100360577,2257.0720402644233,2287.9908353365386,39074200
2021-06-09,2318.90966796875,2329.215933159722,2267.378342013889,2298.2971375868055,31051200
2021-06-10,2339.5224609375,2349.828727285242,2308.603661894273,2329.216194589758,36977200
2021-06-11,2339.5224609375,2349.828727285242,2308.603661894273,2339.5224609375,37208800
2021-06-14,2287.99072265625,2339.522045238598,2277.6844581397804,2339.522045238598,37052800
2021-06-15,2277.6845703125,2298.297100360577,2267.3783052884614,2287.9908353365386,28499000
2021-06-16,2215.84716796875,2277.6847633539246,2195.234636173692,2267.3784974563955,41794200
2021-06-17,2164.315673828125,2205.540734281994,2154.009408714658,2205.540734281994,51324600
2021-06-18,2036.51806640625,2154.0094933143027,2015.9055353697495,2154.0094933143027,309557000
2021-06-21,2048.88525390625,2057.130264988368,1970.5576486261316,2015.905209577779,106378400
2021-06-22,2040.6405029296875,2071.5592984286222,2024.150478663589,2061.2530332623105,73577200
2021-06-23,1999.415283203125,2048.8853520658827,1999.415283203125,2048.8853520658827,79150800
2021-06-24,1987.0478515625,2015.9053929752333,1974.6803338141856,1999.4153693108142,58488200
2021-06-25,1962.3128662109375,2011.782938468356,1962.3128662109373,1987.0479023396467,55871200
2021-06-28,1888.107666015625,1958.1902649725369,1888.107666015625,1958.1902649725369,107955600
2021-06-29,1888.107666015625,1921.0877125835837,1879.8626543736355,1888.107666015625,51061600
2021-06-30,1908.72021484375,1929.332744161717,1888.107685525783,1888.107685525783,75289400
2021-07-01,1937.5777587890625,1970.5578057471741,1908.7202177007148,1908.7202177007148,58895400
2021-07-02,1991.1705322265625,2003.538051060268,1937.5779506138392,1937.5779506138392,70071000
2021-07-05,1945.8228759765625,1995.2929490946105,1937.577863790221,1991.17044300144,49599400
2021-07-06,1941.7003173828125,1958.1903413096304,1929.3327994376991,1949.9453293462216,53836400
2021-07-07,1949.9453125,1962.3128303382664,1929.332782769556,1941.7003006078223,40015800
2021-07-08,1962.3128662109375,1991.1704083610982,1945.8228421251313,1958.1903601894858,50402000
2021-07-09,1912.8427734375,1962.3128451643317,1904.5977614830279,1962.3128451643317,56642000
2021-07-12,1937.5777587890625,1941.7002646588264,1896.3527000914228,1916.9652294402426,50318200
2021-07-13,1925.2103271484375,1958.190375579246,1912.8428089868844,1945.8228574176926,35251400
2021-07-14,1888.107666015625,1912.8427009415939,1879.8626543736355,1904.5976892996043,47666600
2021-07-15,1945.8228759765625,1966.4354064424158,1888.1077906721728,1888.1077906721728,69427000
2021-07-16,1982.92529296875,1991.1703045819256,1954.0677523226352,1958.190258129223,52095400
2021-07-19,1987.0478515625,1999.4153693108142,1962.3128160658714,1982.9253456463953,35613800
2021-07-21,2020.0279541015625,2044.7629902742347,1987.047905871333,1987.047905871333,72049800
2021-07-22,2123.090576171875,2164.315635903368,2071.559251507509,2071.559251507509,121692000
2021-07-23,2092.171875,2143.7032019704434,2081.8656096059117,2123.0906711822663,40381400
2021-07-26,2081.86572265625,2112.7845205174817,2061.2531907487623,2102.4782545637377,37694000
2021-07-27,2071.559326171875,2102.478122084888,2061.2530608675374,2102.478122084888,29688200
2021-07-28,2044.762939453125,2081.865492789976,2024.150409821541,2071.559227974184,49192200
2021-07-29,2032.3953857421875,2071.5591913497956,2024.1503740353226,2040.6403974490522,29831400
2021-07-30,1970.5577392578125,2032.3953252177857,1966.4352335271478,2020.027808025791,84261600
2021-08-02,1987.0478515625,1991.1703574786047,1958.1903101497664,1970.5578278980809,27577000
2021-08-03,2040.6405029296875,2048.8855150627364,1978.802911931818,1987.0479240648674,37556000
2021-08-04,2081.86572265625,2092.171988609994,2032.3956460782797,2053.0081779857674,42847800
2021-08-05,2143.702880859375,2154.00914470966,2081.865297757662,2081.865297757662,84034200
2021-08-06,2112.7841796875,2164.3155011432927,2081.8653868140245,2154.009236852134,37009400
2021-08-09,2053.00830078125,2123.0909134585213,2044.7632875251004,2123.0909134585213,33795000
2021-08-10,2057.13037109375,2081.8654056159194,2040.6403480789706,2061.252876847445,23582400
2021-08-12,2092.171875,2102.4781403940888,2057.1305726600986,2081.8656096059117,20368000
2021-08-13,2102.47802734375,2123.0905570235905,2081.865497663909,2112.7842921836705,17836000
2021-08-16,2123.090576171875,2133.396841104748,2071.559251507509,2123.090576171875,27000000
2021-08-18,2236.45947265625,2236.45947265625,2123.090559295795,2133.3968241467455,125505200
2021-08-19,2184.92822265625,2236.459548662294,2133.3968966502066,2226.153283461085,95932200
2021-08-20,2236.45947265625,2246.7657375072004,2143.703088997696,2184.9281484014978,55731800
2021-08-23,2205.540771484375,2257.072097920926,2174.6219756224446,2246.765832633616,40378000
2021-08-24,2195.234375,2215.846904342723,2164.3155809859154,2205.5406396713615,32190600
2021-08-25,2164.315673828125,2205.540734281994,2154.009408714658,2195.234469168527,22969800
2021-08-26,2154.00927734375,2184.928070798445,2123.090483889055,2174.6218063135466,33832400
2021-08-27,2184.92822265625,2205.5407530586676,2154.009427052624,2174.6219574550414,37452800
2021-08-30,2226.1533203125,2236.459585684317,2184.9282588252313,2215.847054940683,47411800
2021-08-31,2226.1533203125,2236.459585684317,2184.9282588252313,2226.1533203125,42541400
2021-09-01,2195.234375,2236.459433685446,2184.9281103286385,2226.1531690140846,16831200
2021-09-02,2164.315673828125,2215.8469993954614,2154.009408714658,2215.8469993954614,32874400
2021-09-03,2246.765625,2257.071889334862,2164.3155103211006,2174.6217746559632,50949800
2021-09-06,2246.765625,2267.3781536697247,2236.4593606651374,2246.765625,38296400
2021-09-07,2226.1533203125,2267.3783817997682,2215.847054940683,2257.072116427951,48409200
2021-09-08,2195.234375,2226.1531690140846,2164.3155809859154,2226.1531690140846,38505400
2021-09-09,2226.1533203125,2236.459585684317,2174.6219934534142,2195.2345241970484,39836600
2021-09-10,2246.765625,2257.071889334862,2205.5405676605506,2226.1530963302753,34009400
2021-09-13,2226.1533203125,2236.459585684317,2205.5407895688654,2226.1533203125,17832600
2021-09-14,2226.1533203125,2246.765851056134,2226.1533203125,2226.1533203125,17803800
2021-09-15,2205.540771484375,2215.847036771685,2184.9282409097545,2205.540771484375,32731600
2021-09-16,2174.621826171875,2215.8468844879294,2164.3155615928613,2205.5406199089157,31792000
2021-09-17,2184.92822265625,2195.2344878574586,2154.009427052624,2164.3156922538324,36439800
2021-09-20,2123.090576171875,2174.621900836241,2112.784311239002,2164.315635903368,44196800
2021-09-21,2112.7841796875,2112.7841796875,2071.559122522866,2102.477915396342,54314200
2021-09-22,2123.090576171875,2133.396841104748,2081.865516440382,2112.784311239002,41978200
2021-09-23,2112.7841796875,2143.702972560976,2102.477915396342,2133.3967082698173,61940400
2021-09-24,2102.47802734375,2133.396821863511,2092.1717625038295,2112.7842921836705,39455000
2021-09-27,2092.171875,2112.7844057881775,2071.559344211823,2102.4781403940888,26683200
2021-09-28,2081.86572265625,2112.7845205174817,2081.86572265625,2092.171988609994,27900800
2021-09-29,2154.00927734375,2164.3155418286483,2071.559161464563,2071.559161464563,42313400
2021-09-30,2215.84716796875,2215.84716796875,2143.7033066860463,2154.0095725835754,69114400
2021-10-01,2205.540771484375,2215.847036771685,2195.234506197065,2215.847036771685,28026800
2021-10-04,2349.828369140625,2391.053428248355,2205.540662263569,2205.540662263569,147876600
2021-10-05,2349.828369140625,2370.44089869449,2318.909574809827,2339.5221043636925,65757000
2021-10-06,2473.503662109375,2555.953784179688,2349.8284790039065,2370.4410095214844,222205600
2021-10-07,2463.197509765625,2504.4225726905725,2432.278712571914,2473.5037754968616,84459800
2021-10-08,2535.341064453125,2555.9535934324185,2483.8097420048907,2494.1160064945375,96927800
2021-10-11,2638.404052734375,2648.7103185653687,2535.3413944244385,2535.3413944244385,146990800
2021-10-12,2638.404052734375,2679.6291160583496,2607.485255241394,2638.404052734375,144795200
2021-10-13,2751.772705078125,2803.3040291432585,2638.4037921348317,2679.6288513869385,297783800
2021-10-14,2834.222900390625,2834.222900390625,2751.772779651989,2751.772779651989,156735200
2021-10-15,2782.691650390625,2875.448038736979,2741.4665889033563,2865.141773365162,118737200
2021-10-18,2916.673095703125,2957.8981571264903,2813.6104421447103,2834.2229728563934,206314600
2021-10-19,2978.5107421875,2978.5107421875,2896.060617836289,2947.591945555796,128186800
2021-10-21,3019.735595703125,3071.2669198618814,2988.8168012078713,3030.0418605348764,140777400
2021-10-22,3071.266845703125,3081.5731102860213,2937.2854061254716,3019.735522788643,95312000
2021-10-25,3030.0419921875,3122.798379703444,3030.0419921875,3081.573318585247,97000800
2021-10-26,2999.123291015625,3050.6546190399486,2968.204494201031,3030.0420878302193,52453800
2021-10-27,2916.673095703125,2988.816953194015,2906.366830347283,2978.5106878381735,95347600
2021-10-28,2906.36669921875,2916.6729641095967,2854.835374764517,2896.0604343279033,78045400
2021-10-29,2885.754150390625,2957.8980041503905,2823.916561453683,2957.8980041503905,118294800
2021-11-01,2823.91650390625,2896.0603561958255,2813.6102392934536,2896.0603561958255,69669000
2021-11-02,2803.303955078125,2865.1415423224953,2772.38516145594,2823.9164841595816,60944600
2021-11-03,2896.060546875,2906.36681216637,2772.3853633785584,2803.304159252669,93339800
2021-11-04,2885.754150390625,2937.285474504743,2885.754150390625,2916.672944859096,54733000
2021-11-05,2865.141845703125,2896.060642599202,2834.223048807048,2885.754376967176,32817000
2021-11-08,2906.36669921875,2937.2854938912897,2854.835374764517,2885.7541694370566,49871600
2021-11-09,2906.36669921875,2916.6729641095967,2875.44790454621,2906.36669921875,24198600
2021-11-10,2916.673095703125,2916.673095703125,2854.835503568076,2885.7542996356005,25594600
2021-11-11,2896.060546875,2937.2856080404804,2885.7542815836296,2885.7542815836296,31442200
2021-11-12,2844.529296875,2906.366890285326,2844.529296875,2896.060624716938,46965800
2021-11-15,2803.303955078125,2854.8352777817668,2803.303955078125,2823.9164841595816,49796800
2021-11-16,2834.222900390625,2865.141695667614,2782.6915749289774,2803.3041051136365,38494800
2021-11-17,2885.754150390625,2885.754150390625,2844.5290910993303,2865.1416207449774,40673800
2021-11-18,2854.83544921875,2885.7542446976536,2844.529184059116,2885.7542446976536,21636600
2021-11-19,2896.060546875,2906.36681216637,2854.8354857095196,2865.1417510008896,47973200
2021-11-22,2957.89794921875,2968.2042138501743,2885.75409679878,2896.0603614302045,105224000
2021-11-23,2885.754150390625,2968.2042689732143,2885.754150390625,2957.8980041503905,64255400
2021-11-24,2916.673095703125,2937.2856264148077,2896.060564991442,2916.673095703125,39856200
2021-11-25,2957.89794921875,2999.1230077444466,2906.3666260616287,2916.672890693053,94781000
2021-11-26,2834.222900390625,2937.2855513139207,2823.9166352982957,2937.2855513139207,136419000
2021-11-29,2865.141845703125,2896.060642599202,2782.69172064692,2834.223048807048,110182000
2021-11-30,2803.303955078125,2885.7540714039524,2803.303955078125,2885.7540714039524,103074800
2021-12-01,2741.466796875,2844.529458411654,2720.8542645676694,2803.3043937969924,102525600
2021-12-02,2813.6103515625,2834.222881610577,2700.241436298077,2741.466496394231,80505200
2021-12-03,2772.38525390625,2834.222843212709,2772.38525390625,2823.9165783282992,25241800
2021-12-06,2823.91650390625,2854.83529774464,2772.3851808422673,2772.3851808422673,53587600
2021-12-07,2906.36669921875,2906.36669921875,2823.916580091977,2844.52910987367,52704600
2021-12-08,2823.91650390625,2916.672885421419,2823.91650390625,2906.3666208086224,69263600
2021-12-09,2813.6103515625,2844.5291466346157,2803.304086538462,2844.5291466346157,22996000
2021-12-10,2792.997802734375,2823.9165975985934,2782.691537779636,2803.3040676891146,44792200
2021-12-13,2823.91650390625,2865.141562357436,2803.3039746806567,2823.91650390625,44218400
2021-12-14,2834.222900390625,2844.529165482955,2792.9978400213067,2823.9166352982957,28209200
2021-12-15,2834.222900390625,2875.4479607599433,2813.610370205966,2823.9166352982957,39056400
2021-12-16,2782.691650390625,2865.141773365162,2782.691650390625,2854.835507993345,44312200
2021-12-17,2782.691650390625,2823.9167118778932,2772.385385018808,2782.691650390625,46617600
2021-12-20,2772.38525390625,2792.9977836750695,2741.4664592530203,2782.6915187906598,42364800
2021-12-21,2762.078857421875,2803.303914995336,2751.7725930285096,2772.3851218152404,27763600
2021-12-22,2731.160400390625,2792.997994361733,2720.8541347287733,2782.691728699882,36773200
2021-12-23,2741.466796875,2751.7730630286655,2731.1605307213345,2731.1605307213345,20865200
2021-12-24,2772.38525390625,2772.38525390625,2710.5476645997906,2741.4664592530203,27466400
2021-12-27,2782.691650390625,2782.691650390625,2751.7728542751734,2772.385385018808,21300600
2021-12-28,2762.078857421875,2792.9976506019707,2762.078857421875,2782.6913862086053,29432600
2021-12-29,2772.38525390625,2782.6915187906598,2751.77272413743,2762.07898902184,16851800
2021-12-30,2782.691650390625,2792.997915762442,2751.7728542751734,2772.385385018808,23619400
2022-01-03,2772.38525390625,2803.3040485594793,2762.07898902184,2782.6915187906598,23056600
2022-01-04,2896.060546875,2906.36681216637,2792.997893961299,2803.304159252669,103142000
2022-01-05,2865.141845703125,2906.3669082312276,2823.9167831750224,2896.060642599202,71824800
2022-01-06,2865.141845703125,2885.754376967176,2813.610517542997,2865.141845703125,44384800
2022-01-07,2916.673095703125,2926.9793610589663,2854.835503568076,2885.7542996356005,67311600
2022-01-10,2906.36669921875,2957.898023672983,2896.0604343279033,2916.6729641095967,63924600
2022-01-11,2896.060546875,2937.2856080404804,2875.4480162922596,2906.36681216637,38404400
2022-01-12,2906.36669921875,2926.979229000443,2875.44790454621,2906.36669921875,28322200
2022-01-13,2896.060546875,2916.67307745774,2885.7542815836296,2906.36681216637,25598400
2022-01-14,2926.979248046875,2947.591777962698,2875.447923257317,2896.0604531731406,39342200
2022-01-17,2968.204345703125,2968.204345703125,2906.366755167643,2937.2855504353843,92592800
2022-01-18,2916.673095703125,2988.816953194015,2854.835503568076,2968.204422482332,70206600
2022-01-19,2926.979248046875,2926.979248046875,2865.1416582994057,2896.0604531731406,44159000
2022-01-20,2947.591796875,2947.591796875,2875.447941706731,2926.9792668269233,33241200
2022-01-21,2957.89794921875,2957.89794921875,2906.3666260616287,2937.2854199559015,21681400
2022-01-24,2926.979248046875,2937.2855130047865,2896.0604531731406,2937.2855130047865,40845000
2022-01-25,2803.303955078125,2926.9791295668656,2792.9976905373965,2926.9791295668656,144670400
2022-01-26,2937.28564453125,2937.28564453125,2823.916724917763,2834.2229903371713,107417000
2022-01-27,2968.204345703125,3009.429406060113,2906.366755167643,2926.979285346137,97516000
2022-01-28,3091.87939453125,3091.87939453125,2968.20421875,2968.20421875,127578000
2022-01-31,3019.735595703125,3102.185714357135,3019.735595703125,3091.879449525384,60466600
2022-02-02,3040.348388671875,3050.6546543961863,3009.4295914989407,3019.735857223252,38728000
2022-02-03,3009.42919921875,3030.0417279805224,2978.510406076092,3019.735463599636,32303800
2022-02-04,3019.735595703125,3030.0418605348764,2978.51053637612,2999.1230660396227,21974000
2022-02-07,3040.348388671875,3060.960920120498,3019.735857223252,3019.735857223252,57166000
2022-02-08,3091.87939453125,3133.104453125,3050.6543359375,3060.9606005859378,131125400
2022-02-09,3122.79833984375,3143.410870139748,3060.9607489557548,3102.1858095477514,110157800
2022-02-10,3164.0234375,3194.942233306189,3122.7983764250816,3153.7171722312705,142626800
2022-02-11,3174.329833984375,3205.2486310686386,3122.798505510603,3153.717302594866,70289600
2022-02-14,3174.329833984375,3174.329833984375,3133.1047712053573,3164.0235682896205,72269600
2022-02-15,3267.0859375,3277.3922022870665,3184.6358192034704,3194.9420839905365,136495000
2022-02-16,3277.392333984375,3287.6985991855836,3256.779803581958,3277.392333984375,93191200
2022-02-17,3256.77978515625,3277.392315442049,3205.2484594417524,3277.392315442049,41691800
2022-02-18,3287.69873046875,3287.69873046875,3225.8611367922217,3256.7799336304856,39658800
2022-02-21,3256.77978515625,3298.004845727848,3236.167254870451,3256.77978515625,49586600
2022-02-22,3194.942138671875,3236.1671985257058,3174.32960874496,3215.5546685987906,62886200
2022-02-23,3267.0859375,3267.0859375,3205.2483487776026,3205.2483487776026,71828400
2022-02-24,3225.86083984375,3298.004692492013,3174.3295165235622,3256.7796338358626,166483000
2022-02-25,3298.0048828125,3298.0048828125,3215.5547607421877,3225.861026000977,94301200
2022-03-01,3267.0859375,3380.4548501577287,3267.0859375,3380.4548501577287,74543000
2022-03-02,3205.248291015625,3256.779614022307,3194.9420264142886,3236.1670848196345,79796000
2022-03-04,3256.77978515625,3267.0860502991495,3215.554724584652,3236.167254870451,60579000
2022-03-07,3184.6357421875,3256.7795939522653,3174.3294776496764,3215.554535800971,76482800
2022-03-08,3133.104736328125,3225.8611265483655,3102.1859395880447,3174.329798648232,86761000
2022-03-09,3205.248291015625,3256.779614022307,3112.4919096035974,3112.4919096035974,78102800
2022-03-10,3205.248291015625,3256.779614022307,3184.6357618129523,3236.1670848196345,38764200
2022-03-11,3277.392333984375,3287.6985991855836,3205.248477575914,3236.16727317954,61069000
2022-03-14,3339.22998046875,3380.4550419560182,3215.5547960069443,3287.6986536096642,107659400
2022-03-15,3328.923583984375,3380.454908813854,3308.311054052583,3339.229848950271,67142400
2022-03-16,3442.29248046875,3462.905010291916,3339.229831352919,3339.229831352919,129432200
2022-03-17,3390.761474609375,3504.130399292363,3380.455208729103,3483.51786753182,63973200
2022-03-18,3421.679931640625,3442.2924613493037,3339.2298128059115,3401.0674019319467,117918600
2022-03-21,3328.923583984375,3442.29249860923,3318.617319018479,3431.986233643334,60900600
2022-03-22,3308.31103515625,3339.229829877336,3298.004770249221,3328.9235649703073,44859000
2022-03-23,3328.923583984375,3328.923583984375,3287.6985241207913,3298.004789086687,71597200
2022-03-24,3453.326171875,3463.8226040083587,3337.8654184080547,3358.858282674772,91401400
2022-03-25,3453.326171875,3474.3190361417173,3400.8440112082067,3453.326171875,58910800
2022-03-28,3568.78662109375,3579.283052332261,3453.3258774701285,3484.8151711856617,95596200
2022-03-29,3516.304443359375,3589.779461578825,3516.304443359375,3568.7865992304105,37284800
2022-03-30,3526.801025390625,3600.2760467529297,3495.311730521066,3547.7938886369975,52844800
2022-03-31,3463.822509765625,3547.7939645478223,3463.822509765625,3537.2975327000477,53597400
2022-04-01,3442.82958984375,3547.793906607279,3411.3402948146913,3463.8224531964556,68466400
2022-04-04,3537.297607421875,3579.2833356998794,3442.8297187963653,3442.8297187963653,69486600
2022-04-05,3516.304443359375,3547.793736881996,3484.815149836754,3537.2973057077893,29250200
2022-04-06,3421.83642578125,3484.8150103048315,3411.33999502732,3474.318579550901,69207400
2022-04-07,3484.815185546875,3484.815185546875,3390.3473040109657,3421.836597856269,53820600
2022-04-08,3537.297607421875,3547.794039491376,3463.8225829353673,3495.3118791438706,83823600
2022-04-11,3526.801025390625,3568.7867518833705,3505.808162144252,3568.7867518833705,71495400
2022-04-12,3537.297607421875,3558.2904715608774,3474.3190150048686,3526.8011753523742,55549200
2022-04-13,3547.793701171875,3579.2829943775428,3516.3044079662077,3579.2829943775428,57121000
2022-04-14,3526.801025390625,3568.7867518833705,3505.808162144252,3547.7938886369975,35981200
2022-04-18,3537.297607421875,3537.297607421875,3505.808311213372,3526.8011753523742,42492600
2022-04-19,3526.801025390625,3547.7938886369975,3495.311730521066,3526.801025390625,44256000
2022-04-20,3768.21875,3789.2116121169915,3547.7936977715876,3568.786559888579,138547200
2022-04-21,3936.161865234375,3946.658296875,3778.7153906249996,3778.7153906249996,132273800
2022-04-22,3925.66552734375,3967.651254908924,3883.679799778576,3904.672663561163,85603200
2022-04-25,3988.643798828125,4156.586695620888,3852.190195184005,3915.168781481291,155795400
2022-04-26,4030.6298828125,4072.6156107584634,3978.1477228800454,3988.6441548665366,79762000
2022-04-27,3967.65087890625,4041.125895182292,3946.6580171130954,4030.6294642857147,103426600
2022-04-28,3873.18310546875,4009.6367108104673,3841.6938119283536,3967.650986089939,140241600
2022-05-09,3705.240478515625,3778.7155021689096,3631.765454862341,3778.7155021689096,209052000
2022-05-10,3736.7294921875,3736.7294921875,3505.8080067152387,3505.8080067152387,166343000
2022-05-11,3684.247314453125,3862.6866430733617,3673.7508833578167,3757.7223321202814,69604200
2022-05-12,3442.82958984375,3694.7439500762193,3432.333158167397,3694.7439500762193,219025000
2022-05-13,3463.822509765625,3474.3189416134,3379.851054983428,3442.829646070076,110677200
2022-05-17,3547.793701171875,3631.765149720322,3442.8293904863167,3505.8079768976518,87783400
2022-05-18,3673.7509765625,3726.233133370536,3568.786662946429,3589.779525669643,106075600
2022-05-19,3642.26171875,3694.7438760806917,3547.793835554755,3589.7795614193083,64859200
2022-05-20,3684.247314453125,3747.225901024973,3652.7580211672007,3652.7580211672007,70372000
2022-05-23,3715.737060546875,3768.219222419006,3642.262033925892,3684.2477634235966,60898200
2022-05-24,3810.20458984375,3852.19031535167,3757.72243295885,3789.2117270897897,58031400
2022-05-25,3747.22607421875,3841.693958442752,3726.2332110578604,3768.218937379639,73700400
2022-05-27,3862.686767578125,3936.1617876135783,3768.2188846753993,3778.7153161090355,119132800
2022-05-30,3862.686767578125,3894.1760618790336,3789.2117475426717,3862.686767578125,66577800
2022-05-31,3852.190673828125,3925.6657003044106,3810.2049444131044,3894.176403243145,173358200
2022-06-02,3715.737060546875,3852.190681414416,3705.240628172449,3799.7085195422846,69562600
2022-06-03,3757.72265625,3831.1976802548884,3736.7297922486036,3757.7226562500005,44234800
2022-06-06,3736.7294921875,3768.2187856609903,3652.7580429248596,3736.7294921875,70969000
2022-06-07,3736.7294921875,3820.7009414501404,3705.24019871401,3820.7009414501404,59999400
2022-06-08,3778.71533203125,3778.71533203125,3715.7367431640623,3757.7224690755206,36033000
2022-06-09,3642.26171875,3778.715327809798,3642.26171875,3715.7367390129684,104568600
2022-06-10,3484.815185546875,3568.7866358010165,3463.8223229833397,3558.290204519249,148581400
2022-06-13,3463.822509765625,3474.3189416134,3327.368895744555,3379.851054983428,168106400
2022-06-14,3474.31884765625,3526.8010054758306,3421.836689836669,3474.31884765625,89451800
2022-06-15,3474.31884765625,3484.8152792201663,3411.340258272753,3474.31884765625,50537200
2022-06-16,3463.822509765625,3558.290396395597,3463.822509765625,3526.801100852273,70161000
2022-06-17,3432.3330078125,3463.8223014621562,3400.843714162844,3411.3401453793963,85689800
2022-06-20,3411.340576171875,3453.326306340144,3379.8512785456733,3442.8298737980767,54511600
2022-06-21,3547.793701171875,3547.793701171875,3432.332959417761,3432.332959417761,55051400
2022-06-22,3421.83642578125,3547.7935948284126,3411.33999502732,3537.2971640744827,62430800
2022-06-23,3421.83642578125,3453.325718043041,3390.3471335194595,3432.3328565351803,48869800
2022-06-24,3421.83642578125,3442.8292872891107,3400.84356427339,3421.83642578125,46945000
2022-06-27,3379.850830078125,3442.8294169739906,3379.850830078125,3432.33298582468,43368800
2022-06-28,3390.347412109375,3432.3331385751258,3358.8581172600616,3369.3545488764994,64516600
2022-06-29,3369.3544921875,3411.3402179468458,3306.3759035484813,3400.843786507009,80254600
2022-06-30,3295.87939453125,3379.850844073447,3295.87939453125,3369.354412880673,51193400
2022-07-01,3295.87939453125,3337.865119302349,3253.893669760151,3295.87939453125,47117800
2022-07-04,3211.907958984375,3253.893683938419,3106.943646599265,3243.397252699908,119435800
2022-07-05,3253.893798828125,3337.865251701109,3211.908072391633,3222.4045040007563,44476000
2022-07-06,3211.907958984375,3232.9008214613973,3148.929371553309,3211.907958984375,61698000
2022-07-07,3190.915283203125,3253.8938743189765,3190.915283203125,3190.915283203125,53792800
2022-07-08,3190.915283203125,3243.3974424663343,3169.9224194978415,3222.4045787610507,66599600
2022-07-11,3148.929443359375,3211.908032226562,3148.929443359375,3190.9151692708333,38983600
2022-07-12,3127.9365234375,3201.4115424444212,3117.4400921507968,3148.929386010906,91270400
2022-07-13,3033.46875,3169.9223615916953,3033.46875,3127.936634948097,70323600
2022-07-14,3054.461669921875,3106.943829198883,3001.979510644867,3033.4688062110718,53467400
2022-07-15,3054.461669921875,3096.4473973434815,3043.9652380664734,3085.95096548808,91881600
2022-07-18,3075.454345703125,3117.4400705591406,3054.4614832751176,3054.4614832751176,33885200
2022-07-19,3064.957763671875,3138.43277855442,3054.461332974369,3075.4541943693816,52625000
2022-07-20,3222.404541015625,3243.3974044750103,3106.9437919890065,3117.440223718699,99752400
2022-07-21,3243.397216796875,3285.382941286155,3169.922198940635,3274.886510163835,91623800
2022-07-22,3232.901123046875,3274.8868519176135,3211.9082586115055,3253.8939874822445,39950200
2022-07-25,3190.915283203125,3243.3974424663343,3190.915283203125,3232.9010106136925,22755600
2022-07-26,3222.404541015625,3253.893836204703,3201.41167755624,3211.908109285933,40742800
2022-07-27,3264.39013671875,3285.3829993343043,3243.3972741031953,3253.8937054109724,61470200
2022-07-28,3285.383056640625,3337.865214094948,3285.383056640625,3295.8794881314893,90037400
2022-07-29,3295.87939453125,3337.865119302349,3285.3829633384753,3306.3758257240247,96026000
2022-08-01,3337.865234375,3400.8438237028304,3337.865234375,3400.8438237028304,141365800
2022-08-02,3390.347412109375,3390.347412109375,3306.3759591778735,3348.3616856436242,61474600
2022-08-03,3411.340576171875,3411.340576171875,3358.8584134615385,3400.8441436298076,39764400
2022-08-04,3358.858154296875,3411.3403129577637,3337.8652908325193,3400.843881225586,71928200
2022-08-05,3463.822509765625,3474.3189416134,3348.3617594401044,3369.3546231356536,50346600
2022-08-08,3463.822509765625,3474.3189416134,3432.333214222301,3463.822509765625,26413800
2022-08-09,3547.793701171875,3568.786563308987,3463.8222526234285,3474.318683691984,80592200
2022-08-10,3558.290283203125,3558.290283203125,3484.81526260601,3495.3116941198837,49372400
2022-08-11,3579.283203125,3610.7724981671554,3526.801044721408,3600.276066486437,54002400
2022-08-12,3579.283203125,3589.7796348057186,3526.801044721408,3537.297476402126,34264400
2022-08-15,3589.779541015625,3600.2759724221037,3547.793815389711,3600.2759724221037,43855800
2022-08-16,3600.27587890625,3600.27587890625,3558.2901543709004,3579.283016638575,36326200
2022-08-18,3631.765380859375,3663.254676069138,3589.7796539130236,3600.2760856496116,51415600
2022-08-19,3568.78662109375,3642.2616397633274,3568.78662109375,3631.765208524816,33229600
2022-08-22,3484.815185546875,3537.2973419557134,3442.829460419804,3516.304479392178,80695200
2022-08-23,3484.815185546875,3526.800910673946,3474.318754265107,3484.815185546875,43109000
2022-08-24,3484.815185546875,3526.800910673946,3463.8223229833397,3484.815185546875,31310600
2022-08-25,3474.31884765625,3516.3045739119148,3463.8224160923337,3505.8081423479985,18239400
2022-08-26,3484.815185546875,3526.800910673946,3484.815185546875,3495.311616828643,27294200
2022-08-29,3442.82958984375,3484.8153165491617,3411.3402948146913,3442.82958984375,50521600
2022-08-30,3537.297607421875,3568.7869036303787,3453.326150865866,3463.8225829353673,64186600
2022-08-31,3579.283203125,3579.283203125,3484.815317998534,3526.801044721408,88222800
2022-09-01,3579.283203125,3610.7724981671554,3547.7939080828446,3600.276066486437,24754600
2022-09-02,3652.75830078125,3673.7511645788436,3579.2832774896733,3589.77970938847,76147000
2022-09-05,3715.737060546875,3726.2334929213016,3600.276304428187,3652.758466300318,40541000
2022-09-06,3673.7509765625,3736.729564732143,3652.7581138392857,3715.7367020089287,39143800
2022-09-07,3600.27587890625,3663.254465709275,3589.779447772413,3663.254465709275,45680600
2022-09-08,3684.247314453125,3694.743745548433,3610.7722967859686,3621.2687278812764,48818600
2022-09-09,3694.743896484375,3705.240328008478,3673.751033436168,3684.2474649602714,66122800
2022-09-12,3694.743896484375,3736.729622580788,3684.2474649602714,3736.729622580788,33164600
2022-09-13,3768.21875,3778.7151810584955,3694.743732590529,3715.736594707521,65135200
2022-09-14,3736.7294921875,3757.72235450316,3684.24733639835,3715.73662987184,46548200
2022-09-15,3852.190673828125,3883.67997088939,3768.2192149980838,3778.715647351839,154342800
2022-09-16,3757.72265625,3852.190544256285,3726.2333602479052,3820.70124825419,90832000
2022-09-19,3768.21875,3810.204474233983,3715.736594707521,3799.708043175487,63689800
2022-09-20,3768.21875,3778.7151810584955,3736.7294568245125,3768.21875,35548200
2022-09-21,3768.21875,3768.21875,3694.743732590529,3747.225887883008,33158800
2022-09-22,3778.71533203125,3789.2117635091145,3726.2331746419272,3768.2189005533855,25991400
2022-09-23,3778.71533203125,3799.708194986979,3768.2189005533855,3799.708194986979,47123200
2022-09-26,3778.71533203125,3778.71533203125,3673.751017252604,3726.2331746419272,77318600
2022-09-27,3778.71533203125,3799.708194986979,3705.240311686198,3799.708194986979,42385400
2022-09-28,3778.71533203125,3820.7010579427083,3736.7296061197917,3778.71533203125,74439000
2022-09-29,3768.21875,3799.708043175487,3747.225887883008,3778.7151810584955,24479200
2022-09-30,3768.21875,3799.708043175487,3694.743732590529,3757.722318941504,45655600
2022-10-03,3736.7294921875,3778.7152168188204,3705.24019871401,3768.2187856609903,28349400
2022-10-04,3715.737060546875,3778.7156547934323,3715.737060546875,3747.226357670154,58380200
2022-10-05,3715.737060546875,3768.219222419006,3715.737060546875,3736.7299252957278,64983000
2022-10-06,3736.7294921875,3757.72235450316,3694.74376755618,3736.7294921875,23969000
2022-10-07,3684.247314453125,3726.233038834357,3673.7508833578167,3715.736607739049,36556000
2022-10-10,3673.7509765625,3684.2474079241074,3631.765251116072,3652.7581138392857,32778000
2022-10-11,3652.75830078125,3673.7511645788436,3610.7725731860633,3673.7511645788436,56959000
2022-10-12,3631.765380859375,3684.247539542314,3610.772517386199,3642.2618125959625,46026200
2022-10-13,3673.7509765625,3726.233133370536,3642.2616824776787,3652.7581138392857,60923600
2022-10-14,3537.297607421875,3715.736952603394,3537.297607421875,3705.240520533893,49869400
2022-10-17,3600.27587890625,3621.268741173925,3505.807998701713,3537.297292103225,46023600
2022-10-18,3642.26171875,3652.7581502161383,3600.2759928854466,3600.2759928854466,34089400
2022-10-19,3684.247314453125,3694.743745548433,3610.7722967859686,3663.254452262509,26287200
2022-10-20,3778.71533203125,3810.204626464844,3652.758154296875,3652.758154296875,74454000
2022-10-21,3778.71533203125,3852.190352376302,3768.2189005533855,3778.71533203125,67147400
2022-10-24,3925.66552734375,3957.1548230176304,3789.2119127569354,3789.2119127569354,93991000
2022-10-25,3957.15478515625,4062.119103064904,3957.15478515625,4009.636944110577,79026600
2022-10-26,3873.18310546875,3988.643848450203,3873.18310546875,3988.643848450203,57301400
2022-10-27,3925.66552734375,3978.1476868002173,3873.1833678872827,3883.679799778576,32568200
2022-10-28,3915.1689453125,3936.161808290047,3831.1974934023124,3925.6653768012734,67024200
2022-10-31,3946.658203125,3978.14749729887,3925.66534034242,3946.658203125,57043600
2022-11-01,3946.658203125,3988.6439286901596,3883.6796147772607,3946.658203125,41443800
2022-11-02,3883.6796875,3946.658277027027,3841.693961148648,3946.658277027027,49775000
2022-11-03,3904.672607421875,3946.6583343834004,3852.190448719968,3883.679743941112,47748600
2022-11-04,3894.176025390625,3904.67245672591,3873.1831627200554,3894.176025390625,33068200
2022-11-07,3894.176025390625,3925.665319396479,3873.1831627200554,3894.176025390625,43164600
2022-11-08,3883.6796875,3925.6654138513513,3862.6868243243243,3904.6725506756757,34329200
2022-11-09,3904.672607421875,3925.665470902638,3883.679743941112,3904.672607421875,44354400
2022-11-10,3894.176025390625,3904.67245672591,3820.701006043632,3894.176025390625,35056000
2022-11-11,3904.672607421875,3978.147629604545,3894.1761756814935,3957.154766123782,76578200
2022-11-14,3820.700927734375,3915.168807815719,3810.2044966142253,3904.6723766955697,53046400
2022-11-15,3831.197509765625,3862.686804366438,3810.2046466984157,3841.693941299229,32362600
2022-11-16,3820.700927734375,3831.1973588545243,3726.2330476530306,3831.1973588545243,84179400
2022-11-17,3894.176025390625,3904.67245672591,3789.211712037778,3820.701006043632,42451400
2022-11-18,3862.686767578125,3915.168924746306,3852.190336144489,3904.6724933126698,34503000
2022-11-21,3852.190673828125,3894.176403243145,3831.1978091206147,3841.69424147437,24552400
2022-11-22,3883.6796875,3915.1689822635135,3852.190392736486,3873.183255912162,24036600
2022-11-23,3883.6796875,3915.1689822635135,3883.6796875,3883.6796875,26480000
2022-11-24,3894.176025390625,3925.665319396479,3883.67959405534,3883.67959405534,33691200
2022-11-25,3904.672607421875,3904.672607421875,3873.183312200731,3894.1761756814935,28538800
2022-11-28,3894.176025390625,3925.665319396479,3883.67959405534,3904.67245672591,46613400
2022-11-29,3936.161865234375,3957.154728515625,3894.176138671875,3894.176138671875,59310800
2022-11-30,4156.5869140625,4156.5869140625,3936.1618504379735,3946.658282039142,228769000
2022-12-01,4072.615234375,4177.579544539304,4062.1188033585695,4156.586682506443,60043200
2022-12-02,4093.608154296875,4093.608154296875,4009.6367049779647,4051.62242963742,74888600
2022-12-05,4093.608154296875,4125.097447791466,4051.62242963742,4093.608154296875,46350800
2022-12-06,4009.636962890625,4072.615553930792,3988.6440992105695,4072.615553930792,80960600
2022-12-07,3988.643798828125,4030.629523026316,3936.161643580386,4009.6366609272204,74967200
2022-12-08,3988.643798828125,4009.6366609272204,3894.1759193821954,3988.643798828125,60297600
2022-12-09,4009.636962890625,4020.133394730653,3957.154803690486,4020.133394730653,58429600
2022-12-12,3999.140380859375,4051.6225380885007,3957.1546550760745,4009.6368123052002,36690000
2022-12-13,4051.62255859375,4051.62255859375,3988.643969600065,4030.629695595855,44457600
2022-12-14,3999.140380859375,4093.6082638718012,3978.147517967725,4062.118969534326,51313400
2022-12-15,3978.14794921875,4030.630112137203,3936.1622188839874,3988.644381802441,45526000
2022-12-16,4114.60107421875,4114.60107421875,3925.6653106066647,3946.6581732302293,106781400
2022-12-19,3957.15478515625,4093.6083984375,3957.15478515625,4072.6155348557695,60549800
2022-12-20,3967.65087890625,3999.1401715959823,3915.168724423363,3967.65087890625,37995800
2022-12-21,3925.66552734375,3988.644118691511,3915.1690954524565,3988.644118691511,40936600
2022-12-22,3957.15478515625,3967.6512169471152,3925.665489783654,3946.6583533653848,30139000
2022-12-23,3915.1689453125,3967.6511027563674,3915.1689453125,3946.65823977882,30492000
2022-12-26,3915.1689453125,3946.65823977882,3894.176082334953,3925.6653768012734,18889400
2022-12-27,3904.672607421875,3946.6583343834004,3883.679743941112,3946.6583343834004,30410200
2022-12-28,3873.18310546875,3925.6652613694105,3841.6938119283536,3915.1688301892787,26057600
2022-12-29,3873.18310546875,3883.6795366488823,3841.6938119283536,3873.18310546875,22647000
2022-12-30,3873.18310546875,3904.6723990091464,3873.18310546875,3873.18310546875,30472400
2023-01-02,3873.18310546875,3873.18310546875,3820.7009495680895,3873.18310546875,13398400
2023-01-03,3894.176025390625,3904.67245672591,3841.6938687142015,3862.6867313847706,26463000
2023-01-04,3852.190673828125,3904.6728355969003,3841.69424147437,3894.176403243145,48118400
2023-01-05,3778.71533203125,3841.693920898437,3705.240311686198,3841.693920898437,91135000
2023-01-06,3736.7294921875,3799.7080791344806,3726.23306102967,3768.2187856609903,47075000
2023-01-09,3778.71533203125,3799.708194986979,3726.2331746419272,3757.7224690755206,38714400
2023-01-10,3663.254638671875,3778.7153865956307,3631.7653437835784,3778.7153865956307,66338200
2023-01-11,3568.78662109375,3663.254502240349,3537.297327378217,3663.254502240349,97985200
2023-01-12,3610.7724609375,3673.7510503724566,3568.786734647529,3642.2617556549785,74713600
2023-01-13,3642.26171875,3642.26171875,3600.2759928854466,3642.26171875,31492000
2023-01-16,3684.247314453125,3694.743745548433,3642.261590071893,3652.7580211672007,27930400
2023-01-17,3747.22607421875,3768.218937379639,3673.7510531556372,3684.247484736082,58844000
2023-01-18,3726.23291015625,3789.2114945532567,3694.743617957746,3757.7222023547533,42102800
2023-01-19,3757.72265625,3768.2190882506984,3705.2404962465084,3736.7297922486036,34502200
2023-01-20,3789.211669921875,3820.700963577736,3736.7295138287745,3778.715238703255,36841800
2023-01-24,3799.70849609375,3841.694225332355,3768.2191991647965,3810.2049284034015,28496000
2023-01-25,3810.20458984375,3883.67960948261,3799.70815846677,3862.6867467286497,72962200
2023-01-26,3978.14794921875,3999.1408143861313,3810.2050278797,3831.1978930470814,77131800
2023-01-27,4009.636962890625,4030.629826570681,3978.1476673705415,4030.629826570681,89603000
2023-01-30,3904.672607421875,4009.6369248256888,3883.679743941112,4009.6369248256888,63021600
2023-01-31,3841.69384765625,3904.672435322746,3810.2045538230022,3862.6867102117485,139348400
2023-02-01,3831.197509765625,3883.679667433647,3810.2046466984157,3862.686804366438,58539000
2023-02-02,3820.700927734375,3862.686652214972,3799.708065494076,3852.190221094823,47100600
2023-02-03,3904.672607421875,3915.1690391622565,3841.6940169795866,3862.6868804603496,42774000
2023-02-06,3925.66552734375,3925.66552734375,3841.6940722134023,3904.672663561163,38504200
2023-02-07,3936.161865234375,3946.658296875,3883.6797070312496,3925.6654335937496,38887200
2023-02-08,3978.14794921875,3988.644381802441,3936.1622188839874,3936.1622188839874,34054800
2023-02-09,4009.636962890625,4009.636962890625,3957.154803690486,3967.651235530514,56866600
2023-02-10,3999.140380859375,3999.140380859375,3957.1546550760745,3999.140380859375,24979400
2023-02-13,3988.643798828125,4020.133091976768,3967.6509367290296,4020.133091976768,30348000
2023-02-14,3967.65087890625,4009.6366024925596,3946.6580171130954,3988.643740699405,48802600
2023-02-15,3957.15478515625,3978.147648737981,3894.1761944110576,3967.6512169471152,38279800
2023-02-16,3925.66552734375,3967.651254908924,3904.672663561163,3967.651254908924,38386000
2023-02-17,3894.176025390625,3936.1617507317637,3883.67959405534,3925.665319396479,27312200
2023-02-20,3841.69384765625,3915.168866600495,3831.1974163785007,3894.1760040449967,64976600
2023-02-21,3799.70849609375,3862.6870899516575,3799.70849609375,3841.694225332355,72588200
2023-02-22,3715.737060546875,3799.7085195422846,3694.7441957980227,3778.7156547934323,92300400
2023-02-23,3757.72265625,3778.715520251397,3694.7440642458105,3715.736928247207,52724200
2023-02-24,3736.7294921875,3831.1973726079705,3736.7294921875,3778.7152168188204,53277000
2023-02-27,3757.72265625,3778.715520251397,3715.736928247207,3736.7297922486036,48120000
2023-02-28,3684.247314453125,3778.7151943108975,3684.247314453125,3778.7151943108975,108313400
2023-03-01,3757.72265625,3768.2190882506984,3684.247632245112,3684.247632245112,48204200
2023-03-02,3726.23291015625,3757.7222023547533,3726.23291015625,3757.7222023547533,49577200
2023-03-03,3673.7509765625,3736.729564732143,3673.7509765625,3726.233133370536,54989400
2023-03-06,3694.743896484375,3726.233191056685,3673.751033436168,3694.743896484375,42464200
2023-03-07,3736.7294921875,3747.22592334533,3694.74376755618,3694.74376755618,45285800
2023-03-08,3726.23291015625,3726.23291015625,3694.743617957746,3715.7364794234154,33221200
2023-03-09,3841.69384765625,3873.183141489498,3778.715259989754,3778.715259989754,112172600
2023-03-10,3789.211669921875,3831.1973947963556,3778.715238703255,3820.700963577736,72647400
2023-03-13,3778.71533203125,3799.708194986979,3726.2331746419272,3789.2117635091145,87385200
2023-03-14,3684.247314453125,3736.729469929665,3673.7508833578167,3736.729469929665,124869200
2023-03-15,3694.743896484375,3747.2260541048913,3684.2474649602714,3736.729622580788,97799600
2023-03-16,3757.72265625,3820.70124825419,3705.2404962465084,3726.2333602479052,109964600
2023-03-17,3789.211669921875,3841.693826014976,3768.218807484635,3778.715238703255,151227200
2023-03-20,3778.71533203125,3831.1974894205728,3768.2189005533855,3789.2117635091145,32195200
2023-03-21,3873.18310546875,3883.6795366488823,3768.218793667429,3799.7080872078254,49801400
2023-03-24,4041.1259765625,4083.111700994318,3883.679509943182,3894.1759410511363,161637200
2023-03-27,3988.643798828125,4093.6081093236016,3988.643798828125,4062.1188161749587,99699200
2023-03-28,3952.634521484375,4029.2784041724376,3941.6853953860805,4029.2784041724376,77714200
2023-03-29,4029.278564453125,4051.176817520805,3952.6346787162447,3963.583805250085,67383200
2023-03-30,4094.973388671875,4116.871642087232,4051.17688184116,4073.0751352565176,67522400
2023-03-31,4094.973388671875,4105.922515379554,4040.227755133481,4094.973388671875,54065000
2023-04-03,4094.973388671875,4116.871642087232,4062.126008548839,4094.973388671875,29520600
2023-04-04,4094.973388671875,4105.922515379554,4029.2786284258023,4094.973388671875,46922000
2023-04-05,4084.024169921875,4138.769802226458,4062.125917000042,4094.973296382792,50698800
2023-04-06,4105.92236328125,4105.92236328125,4084.024110677083,4084.024110677083,46209000
2023-04-10,4084.024169921875,4105.922422843709,4051.1767905391257,4094.973296382792,37676400
2023-04-11,4105.92236328125,4116.871489583333,4073.0749843749995,4073.0749843749995,29357800
2023-04-12,4094.973388671875,4116.871642087232,4094.973388671875,4116.871642087232,46097000
2023-04-13,4105.92236328125,4138.7697421875,4094.9732369791664,4138.7697421875,39924200
2023-04-14,4116.87158203125,4160.668088223072,4105.9224554832945,4127.8207085792055,64999800
2023-04-17,4138.76953125,4138.76953125,4105.922154017857,4127.820405505952,28538400
2023-04-18,4149.71923828125,4193.515747392398,4116.8718564478895,4138.770111003463,57641400
2023-04-26,4193.51513671875,4193.51513671875,4127.820382618717,4182.566011035411,93228000
2023-04-27,4160.66796875,4204.464473684211,4149.718842516448,4182.5662212171055,26137000
2023-04-28,4127.82080078125,4193.515561536389,4127.82080078125,4193.515561536389,46132800
2023-05-02,4182.56640625,4182.56640625,4127.8207726603405,4138.769899378272,28908400
2023-05-03,4149.71923828125,4182.5666201146105,4116.8718564478895,4182.5666201146105,30178200
2023-05-04,4073.0751953125,4127.820829658098,4062.1260684433805,4116.871702788979,44453400
2023-05-05,4051.1767578125,4084.0241369298988,4007.3802523226354,4073.0750105574325,54129200
2023-05-08,4007.380126953125,4073.0748831326846,4007.380126953125,4062.125757102758,33599400
2023-05-09,3996.43115234375,4018.329405233305,3963.583773009418,3996.43115234375,36728200
2023-05-10,4029.278564453125,4062.125944054645,4018.329437919285,4040.2276909869647,35383600
2023-05-11,4007.380126953125,4007.380126953125,3963.5836228334188,4007.380126953125,38690600
2023-05-12,3941.685546875,4007.3803059895836,3930.736420355903,3996.4311794704863,50498800
2023-05-15,3897.888916015625,3952.634546858541,3875.9906636784585,3941.685420689958,78164000
2023-05-16,3832.194091796875,3930.7362255859375,3810.29583984375,3919.787099609375,101617400
2023-05-17,3832.194091796875,3865.0414697265624,3788.397587890625,3821.2449658203127,101667400
2023-05-19,3865.041748046875,3897.8891283418907,3832.194367751859,3854.0926212818695,96444800
2023-05-22,3875.990966796875,3886.940093821725,3843.143585722325,3865.041839772025,88480000
2023-05-23,3919.787353515625,3941.6856068872207,3865.041720086636,3865.041720086636,107289400
2023-05-24,3865.041748046875,3919.7873818719013,3854.0926212818695,3897.8891283418907,133024800
2023-05-25,3941.685546875,3952.6346733940973,3854.0925347222224,3865.0416612413196,74127200
2023-05-26,3919.787353515625,3974.5329869446145,3919.7873535156255,3941.6856068872207,43538600
2023-05-29,3963.583984375,3963.583984375,3919.787476260359,3941.68573031768,27492000
2023-05-30,3952.634521484375,3985.481899779259,3930.7362692877855,3952.634521484375,41695200
2023-05-31,3963.583984375,3996.431365460981,3952.63485734634,3985.4822384323206,278133800
2023-06-05,3941.685546875,3996.4311794704863,3941.685546875,3963.5837999131945,53155600
2023-06-06,4029.278564453125,4051.176817520805,3908.8381725808845,3941.6855521824045,82211400
2023-06-07,4007.380126953125,4051.1766310728317,3974.5327488633457,4040.227505042905,62411600
2023-06-08,4029.278564453125,4029.278564453125,3974.5329317839246,4007.3803113854447,34322400
2023-06-09,4040.2275390625,4040.2275390625,4007.3801606961383,4029.2784129403794,35863800
2023-06-12,4073.0751953125,4073.0751953125,4018.329560966902,4051.176941574261,34347200
2023-06-13,3996.43115234375,4073.0750374571917,3985.4820258989726,4073.0750374571917,40190000
2023-06-14,3930.736328125,3985.4819594359333,3919.7872018628136,3985.4819594359333,91447800
2023-06-15,3985.48193359375,3985.4819335937505,3919.7871764466004,3930.736302637792,35271200
2023-06-16,3952.634521484375,3974.5327736809645,3919.787143189491,3974.5327736809645,53221000
2023-06-19,3963.583984375,3963.583984375,3919.787476260359,3952.63485734634,28209000
2023-06-20,3974.532958984375,3974.532958984375,3941.685579158058,3963.583832375603,27112200
2023-06-21,3985.48193359375,3985.4819335937505,3941.6854288289837,3974.532807402559,21594600
2023-06-22,3963.583984375,4040.2278735756217,3963.583984375,3985.4822384323206,41779600
2023-06-23,3952.634521484375,3985.481899779259,3952.634521484375,3974.5327736809645,22346200
2023-06-26,3996.43115234375,3996.43115234375,3930.7363936750858,3952.6346465646407,27723200
2023-06-27,4007.380126953125,4018.329252983052,3974.5327488633457,3996.4310009231986,33973200
2023-07-03,4040.2275390625,4051.1766651846206,4007.3801606961383,4029.2784129403794,63091600
2023-07-04,3985.48193359375,4040.2275645497084,3963.583681211367,4040.2275645497084,31937600
2023-07-05,4007.380126953125,4007.380126953125,3974.5327488633457,3996.4310009231986,16724200
2023-07-06,3985.48193359375,4029.2784383585167,3974.532807402559,4007.3801859761334,48292600
2023-07-07,3974.532958984375,4007.380338810692,3974.532958984375,3985.4820855931475,24713400
2023-07-10,3963.583984375,3996.431365460981,3963.583984375,3974.5331114036603,19832600
2023-07-11,3930.736328125,3974.532833173747,3930.736328125,3952.634580649373,46162800
2023-07-12,3919.787353515625,3952.634733573019,3908.8382268298274,3941.6856068872207,83926600
2023-07-13,3897.888916015625,3952.634546858541,3886.9397898470415,3930.7362945213745,115995200
2023-07-14,3908.838134765625,3930.7363876214545,3897.88900833771,3908.8381347656245,43596800
2023-07-17,3919.787353515625,3952.634733573019,3919.7873535156255,3919.7873535156255,60019400
2023-07-18,3897.888916015625,3941.685420689958,3897.888916015625,3919.7871683527915,65080800
2023-07-20,3963.583984375,3963.583984375,3908.838349231699,3908.838349231699,62532400
2023-07-21,3963.583984375,3963.583984375,3941.68573031768,3963.583984375,19578200
2023-07-24,3952.634521484375,3974.5327736809645,3941.6853953860805,3941.6853953860805,37485400
2023-07-25,3952.634521484375,3996.4310258775536,3952.634521484375,3963.5836475826695,45959000
2023-07-26,3919.787353515625,3963.5838602588165,3908.8382268298274,3952.634733573019,104007400
2023-07-27,3897.888916015625,3919.7871683527915,3897.888916015625,3908.838042184208,85572800
2023-07-28,3886.939697265625,3908.837949081206,3854.0923195422533,3897.8888231734154,81248000
2023-07-31,3886.939697265625,3919.787074988996,3865.0414454500437,3897.8888231734154,65017400
2023-08-01,3799.346923828125,3875.9908098995857,3777.4486706648504,3865.0416833179484,136286600
2023-08-02,3886.939697265625,3886.939697265625,3810.2958159110913,3810.2958159110913,66452600
2023-08-03,3919.787353515625,3941.6856068872207,3875.990846772434,3886.9399734582316,82168800
2023-08-04,3941.685546875,3963.5837999131945,3908.8381673177087,3919.787293836806,56224800
2023-08-07,3941.685546875,3963.5837999131945,3941.685546875,3941.685546875,35042800
2023-08-08,3908.838134765625,3952.6346404772844,3897.88900833771,3941.6855140493694,28001600
2023-08-09,3974.532958984375,3985.4820855931475,3908.8381993317407,3908.8381993317407,67682000
2023-08-10,3985.48193359375,3996.4310597849417,3963.583681211367,3985.4819335937505,47185600
2023-08-11,3985.48193359375,3996.4310597849417,3963.583681211367,3985.4819335937505,33962600
2023-08-14,4029.278564453125,4051.176817520805,3985.4820583177648,3996.431184851605,90433400
2023-08-15,3985.48193359375,4040.2275645497084,3985.4819335937505,4029.2784383585167,48732000
2023-08-16,3985.48193359375,3996.4310597849417,3919.7871764466004,3985.4819335937505,54525000
2023-08-18,3963.583984375,3974.5331114036603,3930.7366032890195,3974.5331114036603,51664400
2023-08-21,3996.43115234375,3996.43115234375,3963.583773009418,3974.532899454195,35954600
2023-08-22,3985.48193359375,4007.3801859761334,3974.532807402559,3996.4310597849417,30726000
2023-08-23,3974.532958984375,3996.43121220192,3974.532958984375,3985.4820855931475,27342600
2023-08-24,3996.43115234375,4007.3802787885274,3974.532899454195,3974.532899454195,28494200
2023-08-25,3985.48193359375,3996.4310597849417,3963.583681211367,3985.4819335937505,27453200
2023-08-28,3985.48193359375,4007.3801859761334,3974.532807402559,3985.4819335937505,21944400
2023-08-29,4007.380126953125,4029.2783790129783,3985.481874893272,3985.481874893272,49788000
2023-08-30,4029.278564453125,4073.075070588485,4018.329437919285,4018.329437919285,83251800
2023-08-31,4018.32958984375,4051.1769706871596,4018.32958984375,4029.278716791553,64007200
2023-09-01,4018.32958984375,4040.2278437393566,4018.32958984375,4029.278716791553,16703400
2023-09-04,4138.76953125,4171.616908482143,4029.278273809524,4051.1765252976193,146903600
2023-09-05,4215.41357421875,4248.260952719156,4138.769691051137,4138.769691051137,100659200
2023-09-06,4193.51513671875,4237.311639452105,4193.51513671875,4237.311639452105,60567600
2023-09-07,4160.66796875,4193.515347450658,4116.87146381579,4193.515347450658,52556600
2023-09-08,4105.92236328125,4160.667994791666,4094.9732369791664,4160.667994791666,49974400
2023-09-11,4138.76953125,4160.667782738095,4073.074776785714,4105.922154017857,54934600
2023-09-12,4073.0751953125,4138.769956527218,4073.0751953125,4138.769956527218,53087200
2023-09-13,4094.973388671875,4105.922515379554,4062.126008548839,4084.0242619641963,44955600
2023-09-14,4138.76953125,4160.667782738095,4094.9730282738096,4116.871279761905,57207600
2023-09-15,4149.71923828125,4171.617492836824,4127.820983725676,4138.770111003463,73345200
2023-09-18,4094.973388671875,4160.668148917948,4094.973388671875,4149.719022210269,32816000
2023-09-19,4138.76953125,4171.616908482143,4094.9730282738096,4105.922154017857,26575600
2023-09-20,4193.51513671875,4237.311639452105,4138.769508302056,4138.769508302056,82221800
2023-09-21,4204.46484375,4237.312225341797,4182.566589355469,4193.515716552734,56156800
2023-09-22,4270.1591796875,4324.904810196314,4204.464423076924,4226.362675280449,93225000
2023-09-25,4401.548828125,4401.548828125,4270.159310867537,4270.159310867537,110954800
2023-09-26,4368.70166015625,4423.447294995301,4357.75253318844,4412.4981680274905,127165000
2023-09-27,4434.39599609375,4478.192499758873,4357.7521146797835,4368.701240596065,92088000
2023-09-29,4521.9892578125,4565.785763941435,4445.345372086865,4456.294498619098,76949400
2023-10-02,4511.0400390625,4598.633049529733,4511.0400390625,4521.989165370905,52562400
2023-10-03,4565.78564453125,4576.734770777129,4521.989139547737,4532.938265793615,49593400
2023-10-04,4543.88720703125,4587.683710231551,4489.1415780308735,4576.734584431476,57958800
2023-10-05,4543.88720703125,4554.836332831325,4532.938081231175,4554.836332831325,69727000
2023-10-06,4554.83642578125,4576.734677828275,4532.938173734225,4576.734677828275,41840100
2023-10-09,4467.24365234375,4554.836665134804,4423.447145948223,4554.836665134804,55808900
2023-10-10,4554.83642578125,4554.83642578125,4511.039921687199,4532.938173734225,27090900
2023-10-11,4532.9384765625,4554.836730072464,4511.040223052536,4554.836730072464,63713600
2023-10-12,4664.32763671875,4751.920643981074,4554.836377640845,4554.836377640845,71485100
2023-10-13,4532.9384765625,4708.12450464221,4532.9384765625,4686.226251132247,49138900
2023-10-16,4554.83642578125,4620.531181922326,4511.039921687199,4554.83642578125,35029400
2023-10-17,4554.83642578125,4576.734677828275,4511.039921687199,4554.83642578125,29834000
2023-10-18,4489.1416015625,4576.734608422256,4467.243349847561,4554.836356707317,46027500
2023-10-19,4327.0947265625,4467.243543617156,4292.057522298836,4467.243543617156,96750500
2023-10-20,4353.37255859375,4401.548713668731,4300.8167530574065,4327.094655825578,48517500
2023-10-23,4370.89111328125,4423.446918250564,4335.853909968374,4353.372511624812,36582200
2023-10-24,4379.650390625,4445.345146484375,4353.37248828125,4379.650390625,43655100
2023-10-25,4353.37255859375,4423.4469659755405,4344.613257671026,4423.4469659755405,49108000
2023-10-26,4274.5390625,4370.891377433401,4230.74255571209,4362.132076075819,77078100
2023-10-27,4248.2607421875,4292.057244684278,4248.2607421875,4274.538643685567,39350600
2023-10-30,4248.2607421875,4257.020042686856,4213.223540190077,4248.2607421875,34312600
2023-10-31,4195.705078125,4248.26088286143,4134.389972599165,4248.26088286143,62061200
2023-11-01,4221.98291015625,4318.335217234504,4195.7050082258165,4318.335217234504,58008400
2023-11-02,4265.77978515625,4309.576292190709,4213.2239767149,4221.983278121792,61528700
2023-11-03,4283.29833984375,4327.09484638612,4274.539038535277,4300.816942460698,37333500
2023-11-06,4353.37255859375,4379.650461361922,4327.094655825578,4362.131859516474,54278500
2023-11-07,4327.0947265625,4353.372629760248,4300.816823364752,4353.372629760248,38213600
2023-11-08,4274.5390625,4335.8541720030735,4257.020459784836,4327.094870645492,30691100
2023-11-09,4257.0205078125,4335.854220920139,4257.0205078125,4274.539110725309,32999400
2023-11-10,4257.0205078125,4265.7798092689045,4221.983301986883,4257.0205078125,37753900
2023-11-13,4283.29833984375,4300.816942460698,4265.779737226802,4283.29833984375,17199700
2023-11-14,4274.5390625,4327.094870645492,4274.5390625,4300.8169665727455,27961100
2023-11-15,4362.13232421875,4401.549182570124,4344.613720507028,4353.373022362889,93350800
2023-11-16,4335.85400390625,4370.89120797822,4300.816799834281,4353.372605942235,38121600
2023-11-17,4362.13232421875,4370.891626074611,4292.0579093718625,4327.095116795306,48489500
2023-11-20,4362.13232421875,4401.549182570124,4353.373022362889,4379.650927930472,52108800
2023-11-21,4445.34521484375,4467.2434671336205,4370.8911570581895,4379.650457974138,129449900
2023-11-22,4445.34521484375,4467.2434671336205,4401.548710264009,4467.2434671336205,28872800
2023-11-23,4511.0400390625,4532.938291679308,4445.345281212075,4467.243533828883,80157000
2023-11-24,4554.83642578125,4598.632929875301,4532.938173734225,4532.938173734225,61211100
2023-11-27,4620.53125,4686.226007109005,4576.734745260664,4576.734745260664,79553000
2023-11-28,4532.9384765625,4686.226251132247,4532.9384765625,4686.226251132247,43142000
2023-11-29,4576.73486328125,4576.73486328125,4467.24359860945,4489.14185154381,48041400
2023-11-30,4620.53125,4620.53125,4511.039988151659,4511.039988151659,127524100
2023-12-01,4598.63330078125,4642.429808407738,4554.836793154762,4642.429808407738,31223300
2023-12-04,4642.4296875,4686.226193985849,4598.633181014151,4620.5314342570755,34104500
2023-12-05,4642.4296875,4664.3279407429245,4576.7349277712265,4642.4296875,29788300
2023-12-06,4576.73486328125,4664.32787501869,4576.73486328125,4642.429622084331,32453700
2023-12-07,4620.53125,4642.429502369669,4511.039988151659,4576.734745260664,36511000
2023-12-08,4445.34521484375,4576.734728582975,4445.34521484375,4554.836476293103,47842200
2023-12-11,4532.9384765625,4554.836730072464,4423.447209012681,4445.345462522645,36394800
2023-12-12,4620.53125,4642.429502369669,4576.734745260664,4598.632997630332,40554100
2023-12-13,4532.9384765625,4620.531490602355,4489.141969542573,4620.531490602355,39240500
2023-12-14,4686.22607421875,4730.02257958528,4576.734810802424,4576.734810802424,85061100
2023-12-15,4620.53125,4751.92076421801,4620.53125,4751.92076421801,58451500
2023-12-18,4554.83642578125,4642.429433969351,4532.938173734225,4598.632929875301,51524600
2023-12-19,4554.83642578125,4598.632929875301,4532.938173734225,4554.83642578125,42678100
2023-12-20,4554.83642578125,4598.632929875301,4532.938173734225,4576.734677828275,54306000
2023-12-21,4511.0400390625,4576.734796912925,4489.141786445692,4576.734796912925,48767200
2023-12-22,4598.63330078125,4598.63330078125,4532.938539341518,4554.836793154762,35234900
2023-12-27,4620.53125,4664.327754739336,4598.632997630332,4642.429502369669,31289300
2023-12-28,4686.22607421875,4730.02257958528,4598.6330634856895,4642.42956885222,37566900
2023-12-29,4708.12451171875,4730.022765261628,4664.328004632995,4708.12451171875,38423300
2024-01-02,4708.12451171875,4708.12451171875,4642.429751090116,4708.12451171875,20147500
2024-01-03,4686.22607421875,4730.02257958528,4664.327821535485,4708.124326902015,27547700
2024-01-04,4905.20849609375,4970.903252737863,4664.327721732004,4686.225973946708,77162400
2024-01-05,4883.31005859375,5036.597818280549,4883.31005859375,4970.903064129064,69463500
2024-01-08,4883.31005859375,4949.0048127452355,4861.411807209922,4883.31005859375,60606600
2024-01-09,4949.00537109375,4949.00537109375,4905.208863384955,4905.208863384955,34897000
2024-01-10,4905.20849609375,4970.903252737863,4883.310243879046,4927.106748308454,37988500
2024-01-11,4905.20849609375,4992.8015049525675,4883.310243879046,4949.005000523159,22855800
2024-01-12,4905.20849609375,4949.005000523159,4883.310243879046,4905.20849609375,40942900
2024-01-15,4927.10693359375,4970.903439670139,4905.2086805555555,4949.0051866319445,51408800
2024-01-16,4905.20849609375,4927.106748308454,4883.310243879046,4927.106748308454,37795700
2024-01-17,4861.412109375,4927.1068676097975,4795.717351140203,4905.208614864865,61481200
2024-01-18,4861.412109375,4905.208614864865,4795.717351140203,4861.412109375,33241700
2024-01-19,4817.61572265625,4883.310482510653,4795.717469371449,4883.310482510653,29776100
2024-01-22,4839.51416015625,4905.208922511312,4773.819397801188,4839.51416015625,30949600
2024-01-23,4751.9208984375,4839.513910390265,4708.124392461117,4839.513910390265,48824300
2024-01-24,4795.71728515625,4817.615537599886,4730.022527825343,4773.819032712615,42436800
2024-01-25,4730.02294921875,4839.514221191406,4730.02294921875,4817.615966796875,47955600
2024-01-26,4751.9208984375,4751.9208984375,4686.226139472927,4730.022645449309,30545600
2024-01-29,4883.31005859375,4883.31005859375,4773.818801674608,4773.818801674608,63056100
2024-01-30,4949.00537109375,4970.903624948147,4861.4123556761615,4883.310609530558,55020500
2024-01-31,5036.59814453125,5080.39465013587,4970.903386124321,4992.80163892663,70045600
2024-02-01,5014.69970703125,5036.59795902702,4949.004951043941,5036.59795902702,49179400
2024-02-02,5058.49658203125,5102.293089234983,5036.5983284293825,5036.5983284293825,44074200
2024-02-05,5036.59814453125,5102.292902938179,5014.69989172894,5058.49639733356,47096400
2024-02-06,5058.49658203125,5102.293089234983,5036.5983284293825,5058.49658203125,41834000
2024-02-07,5036.59814453125,5102.292902938179,5036.59814453125,5058.49639733356,39906900
2024-02-12,5211.7841796875,5255.580685399159,5036.598156840861,5058.4964096966905,64615800
2024-02-13,5146.08935546875,5233.682365774601,5124.191102892287,5233.682365774601,74976200
2024-02-15,5255.58056640625,5452.664837646485,5255.58056640625,5386.970080566406,128792500
2024-02-16,5255.58056640625,5365.07182820638,5255.58056640625,5277.478818766276,62601000
2024-02-19,5146.08935546875,5299.377123503989,5146.08935546875,5277.478870927526,67950100
2024-02-20,5277.47900390625,5277.47900390625,5167.987738265041,5167.987738265041,37554100
2024-02-21,5255.58056640625,5299.377071126302,5189.8858093261715,5277.478818766276,54476400
2024-02-22,5211.7841796875,5277.478938254989,5167.98767397584,5255.580685399159,37676100
2024-02-23,5167.98779296875,5255.580806408898,5102.293032888639,5255.580806408898,50216600
2024-02-26,5167.98779296875,5189.886046328787,5080.394779528601,5167.98779296875,27500000
2024-02-27,5255.58056640625,5255.58056640625,5124.191052246094,5167.987556966145,38645200
2024-02-28,5233.6826171875,5255.580870815899,5167.987856302301,5211.7843635591,27278600
2024-02-29,5255.58056640625,5255.58056640625,5167.987556966145,5233.682314046224,48736000
2024-03-01,5167.98779296875,5233.682553048861,5102.293032888639,5189.886046328787,71774400
2024-03-04,5146.08935546875,5189.885860621675,5080.394597739361,5167.987608045212,35600700
2024-03-05,5167.98779296875,5211.784299688824,5124.191286248676,5146.089539608713,49795500
2024-03-06,5211.7841796875,5211.7841796875,5146.08942112001,5167.98767397584,28923100
2024-03-07,5233.6826171875,5277.479124444299,5211.7843635591,5233.6826171875,47464200
2024-03-08,5343.173828125,5365.072081518954,5233.682561155225,5255.58081454918,73185000
2024-03-13,5452.6650390625,5474.563292231425,5343.173773217872,5343.173773217872,87861700
2024-03-14,5386.97021484375,5474.563226467226,5321.275456126144,5452.664973561357,88145400
2024-03-15,5323.1796875,5460.848127693966,5254.345467403017,5460.848127693966,144447600
2024-03-18,5323.1796875,5414.958647629311,5323.1796875,5346.124427532328,48979300
2024-03-19,5369.06884765625,5392.013586321448,5323.1793703258545,5323.1793703258545,34162200
2024-03-20,5392.013671875,5414.958410904255,5369.068932845745,5369.068932845745,32725900
2024-03-21,5323.1796875,5437.903387661639,5323.1796875,5414.958647629311,50976000
2024-03-22,5369.06884765625,5392.013586321448,5323.1793703258545,5369.06884765625,29927600
2024-03-25,5437.9033203125,5437.9033203125,5346.124361319884,5437.9033203125,43514000
2024-03-26,5460.84814453125,5460.84814453125,5369.06918411896,5460.84814453125,29383900
2024-03-27,5437.9033203125,5483.792799808808,5414.9585805643455,5460.848060060654,19643200
2024-03-28,5414.95849609375,5460.847974874206,5369.069017313294,5460.847974874206,40077400
2024-04-01,5185.51123046875,5414.958630047013,5093.732270637444,5414.958630047013,100174400
2024-04-02,5024.89794921875,5162.566386183647,4979.008470230451,5162.566386183647,121164600
2024-04-03,4887.2294921875,5070.787407387031,4795.450534587734,5001.953189187207,126994500
2024-04-04,4910.17431640625,4933.119056202541,4818.395357221087,4818.395357221087,163113100
2024-04-05,4864.28466796875,4933.118884968308,4864.28466796875,4887.229406968602,36818200
2024-04-16,4772.505859375,4864.284818209135,4634.837421123798,4657.782160832332,164123600
2024-04-17,4818.3955078125,4910.174469866071,4818.3955078125,4818.3955078125,68948000
2024-04-18,4864.28466796875,4910.1741459684545,4818.395189969045,4818.395189969045,57785900
2024-04-19,4795.45068359375,4841.340163819527,4749.561203367973,4818.395423706639,52519300
2024-04-22,4910.17431640625,4910.17431640625,4726.616398035923,4818.395357221087,62509300
2024-04-23,4818.3955078125,4979.00869140625,4818.3955078125,4933.119210379465,45322700
2024-04-24,4864.28466796875,4910.1741459684545,4772.505711969339,4864.28466796875,44771200
2024-04-25,4864.28466796875,4887.229406968602,4795.450450969192,4864.28466796875,35922300
2024-04-26,4726.6162109375,4841.339905377731,4680.726733161408,4772.5056887135925,80482400
2024-04-29,4795.45068359375,4795.45068359375,4634.837502803529,4703.671723142195,41068600
2024-04-30,4818.3955078125,4910.174469866071,4795.450767299108,4887.229729352679,73658500
2024-05-02,4432.923828125,4818.395465353261,4414.5680358760355,4772.505984730849,183458300
2024-05-03,4432.923828125,4478.8133087474125,4359.500659129141,4451.279620373965,89058400
2024-05-06,4414.56787109375,4487.991037348947,4405.38997531185,4478.813141567048,81862000
2024-05-07,4313.61083984375,4414.567689286901,4295.255049035904,4396.211898479056,82580800
2024-05-08,4286.0771484375,4377.856102365498,4240.187671473502,4295.2550438303,58548300
2024-05-13,4387.0341796875,4387.0341796875,4221.832055766214,4221.832055766214,54329600
2024-05-14,4524.70263671875,4533.880532533595,4387.03419949607,4396.212095310915,70014900
2024-05-15,4611.892578125,4680.726795708955,4451.279403762438,4478.81309079602,85730700
2024-05-16,4772.505859375,4841.340078500601,4680.726900540865,4703.671640249399,118382400
2024-05-17,4749.56103515625,4841.339992357337,4703.671556555706,4772.505774456522,67679700
2024-05-20,4570.59228515625,4818.39548133942,4543.058596691453,4772.506000564759,76605300
2024-05-21,4377.8564453125,4570.5922636595915,4368.678549200734,4570.5922636595915,87501700
2024-05-22,4368.67822265625,4405.3898043592435,4331.9666409532565,4331.9666409532565,60859500
2024-05-27,4286.0771484375,4396.211893151098,4249.365566866301,4377.856102365498,60499200
2024-05-28,4322.7890625,4396.212231289809,4304.4332703025475,4313.611166401274,25799600
2024-05-29,4157.5869140625,4304.43325098303,4130.0532258899,4295.255354925496,111830200
2024-05-30,4120.875,4185.120267260579,4010.740256124722,4130.05289532294,81608700
2024-05-31,4038.274169921875,4194.298399214311,4038.274169921875,4166.764711692116,145978300
2024-06-03,4240.18798828125,4258.543780438312,4084.1637549462257,4093.341651024756,53865700
2024-06-04,4258.54345703125,4313.610829320447,4221.831875505119,4267.721352412783,52885400
2024-06-05,4231.009765625,4276.899242475596,4203.476079514642,4249.365556365238,46536400
2024-06-06,4377.8564453125,4377.8564453125,4249.365899747772,4286.077484194838,69154900
2024-06-07,4313.61083984375,4387.034003075133,4276.899258228058,4377.85610767121,45575300
2024-06-10,4231.009765625,4276.899242475596,4175.942393404284,4267.721347105477,65704900
2024-06-11,4111.697265625,4249.36570085798,4111.697265625,4185.12043108259,95286400
2024-06-12,4065.807861328125,4093.3415488766227,4047.4520696291265,4065.807861328125,112781100
2024-06-13,4111.697265625,4148.408848353795,4093.341474260603,4130.053056989397,47763900
2024-06-14,3955.673095703125,4111.697324535963,3955.673095703125,4111.697324535963,65046900
2024-06-19,3946.4951171875,4029.0961777797966,3909.7835347020346,3955.673012808866,60373800
2024-06-20,4038.274169921875,4047.4520657626063,3946.4952115145593,3964.8510031960227,50579900
2024-06-21,4166.7646484375,4231.009918347329,4038.2741086178416,4038.2741086178416,108982500
2024-06-24,4166.7646484375,4221.8320226459255,4093.3414828262667,4166.7646484375,49112400
2024-06-25,4111.697265625,4157.586744035993,4056.6298915318084,4148.408848353795,44861500
2024-06-26,4056.6298828125,4157.586735099689,4056.6298828125,4111.69725678733,34063700
2024-06-27,4203.47607421875,4231.009760294419,4065.807643840407,4084.1634345575194,85462100
2024-06-28,4276.8994140625,4350.322579969153,4212.6541438941795,4212.6541438941795,95384300
2024-07-01,4322.7890625,4331.966958598726,4267.721685907643,4304.4332703025475,43250900
2024-07-02,4322.7890625,4341.1448546974525,4286.077478105096,4322.7890625,35142800
2024-07-03,4267.7216796875,4350.322744455645,4249.365887516801,4341.144848370296,41531700
2024-07-04,4322.7890625,4377.856439092357,4276.899582006369,4304.4332703025475,61435900
2024-07-05,4313.61083984375,4387.034003075133,4304.432944439827,4341.144526055518,67585600
2024-07-08,4286.0771484375,4350.3224161870985,4286.0771484375,4341.144520794299,36004700
2024-07-09,4460.45751953125,4469.635415661973,4286.077493047518,4286.077493047518,87456600
2024-07-10,4423.74560546875,4497.168769044995,4423.74560546875,4451.279291809842,48700200
2024-07-11,4469.63525390625,4478.813149704825,4432.923670711948,4451.279462309099,37573700
2024-07-12,4611.892578125,4703.671534903607,4515.5246735074625,4515.5246735074625,151520700
2024-07-15,4611.892578125,4657.782056514304,4570.592047574627,4634.837317319651,94794900
2024-07-16,4570.59228515625,4634.837558240775,4570.59228515625,4634.837558240775,66371200
2024-07-17,4588.94775390625,4657.781970214844,4588.94775390625,4634.837231445313,59615300
2024-07-18,4657.7822265625,4703.671706627156,4579.770110452587,4579.770110452587,86127800
2024-07-19,4680.72705078125,4680.72705078125,4611.892829446232,4657.782310336244,66907300
2024-07-22,4680.72705078125,4726.616531671262,4634.837569891238,4703.671791226257,32378000
2024-07-23,4634.83740234375,4703.6716211904395,4634.83740234375,4680.726881574877,30554100
2024-07-24,4680.72705078125,4680.72705078125,4588.9480890012255,4634.837569891238,23442100
2024-07-25,4611.892578125,4657.782056514304,4570.592047574627,4634.837317319651,52463300
2024-07-26,4588.94775390625,4657.781970214844,4579.7698583984375,4588.94775390625,41982600
2024-07-29,4611.892578125,4634.837317319651,4588.947838930349,4611.892578125,19854800
2024-07-30,4543.05859375,4588.94807449495,4543.05859375,4588.94807449495,36234500
2024-07-31,4561.4140625,4611.892487738934,4515.524585010061,4561.4140625,34106000
2024-08-01,4657.7822265625,4657.7822265625,4533.880630387931,4533.880630387931,54207300
2024-08-02,4680.72705078125,4726.616531671262,4611.892829446232,4634.837569891238,75959300
2024-08-05,4552.236328125,4634.837390530494,4478.813161542339,4611.892650973412,65485300
2024-08-06,4611.892578125,4657.782056514304,4533.880464863184,4588.947838930349,51827100
2024-08-07,4588.94775390625,4634.837231445313,4570.591962890625,4611.892492675782,32547900
2024-08-08,4611.892578125,4680.726795708955,4561.414151896766,4588.947838930349,51493100
2024-08-09,4703.67138671875,4772.505602134146,4634.837171303354,4634.837171303354,33031700
2024-08-12,4703.67138671875,4726.616125190549,4657.781909775153,4726.616125190549,14296000
2024-08-13,4749.56103515625,4772.505774456522,4703.671556555706,4749.56103515625,26196400
2024-08-14,4841.33984375,4933.118798133886,4795.450366558057,4818.395105154029,93112500
2024-08-15,4818.3955078125,4887.229729352679,4795.450767299108,4864.284988839286,33034700
2024-08-16,4864.28466796875,4910.1741459684545,4841.339928968897,4864.28466796875,33604900
2024-08-19,4910.17431640625,5001.953275591413,4841.340097017378,4864.284836813668,55661900
2024-08-20,5024.89794921875,5047.8426887129,4933.118991242151,4933.118991242151,69978300
2024-08-21,5001.953125,5093.732081422018,4979.008385894495,5024.897864105505,92703900
2024-08-22,4841.33984375,4979.008275325829,4795.450366558057,4979.008275325829,72626600
2024-08-23,5001.953125,5047.842603211009,4864.284690366972,4864.284690366972,69905300
2024-08-26,5070.78759765625,5093.732337917138,5001.9533768735855,5001.9533768735855,68435700
2024-08-27,4956.06396484375,5093.732408311632,4910.17448368779,5070.787667733652,57135700
2024-08-28,4933.119140625,4979.008621002907,4841.340179869186,4956.063880813954,48476500
2024-08-29,4864.28466796875,4979.008362968013,4864.28466796875,4979.008362968013,40749200
2024-08-30,4910.17431640625,4956.063795998832,4864.284836813668,4864.284836813668,86718500
2024-09-02,4910.17431640625,4956.063795998832,4887.22957660996,4910.17431640625,22988100
2024-09-03,4933.119140625,4956.063880813954,4887.229660247093,4933.119140625,20288700
2024-09-04,4910.17431640625,4933.119056202541,4864.284836813668,4887.22957660996,47278700
2024-09-05,5001.953125,5001.953125,4910.174168577982,4933.118907683486,62221800
2024-09-06,5185.51123046875,5208.455970426576,5024.898050763965,5047.842790721792,139365300
2024-09-09,5254.34521484375,5277.289953773199,5162.566259125955,5185.510998055404,78827500
2024-09-10,5231.400390625,5300.234606291118,5231.400390625,5277.289867735745,55033900
2024-09-11,5185.51123046875,5277.290190300055,5185.51123046875,5231.400710384402,33792600
2024-09-12,5139.62158203125,5185.511060442243,5116.676842825754,5162.566321236747,43318600
2024-09-13,5162.56640625,5185.511145833334,5116.676927083334,5139.621666666667,34311700
2024-09-17,5185.51123046875,5231.400710384402,5139.621750553098,5139.621750553098,40776200
2024-09-18,5231.400390625,5231.400390625,5139.621436403509,5231.400390625,64489200
2024-09-19,5346.12451171875,5369.069252112393,5277.290290537822,5323.179771325107,93847800
2024-09-20,5277.2900390625,5346.124256963315,5277.2900390625,5346.124256963315,47673600
2024-09-23,5323.1796875,5369.069167564656,5254.345467403017,5277.290207435345,48008700
2024-09-24,5323.1796875,5346.124427532328,5277.290207435345,5323.1796875,39900400
2024-09-25,5139.62158203125,5277.29001726423,5001.953146798271,5277.29001726423,120885200
2024-09-26,5139.62158203125,5162.566321236747,5001.953146798271,5139.62158203125,59306200
2024-09-27,5001.953125,5139.621559633028,4956.063646788991,5139.621559633028,79718100
2024-09-30,4910.17431640625,5001.953275591413,4887.22957660996,4956.063795998832,69417600
2024-10-01,4933.119140625,5001.9533611918605,4910.174400436046,4933.119140625,40085600
2024-10-02,4910.17431640625,4956.063795998832,4864.284836813668,4887.22957660996,27716400
2024-10-03,4933.119140625,4956.063880813954,4864.2849200581395,4933.119140625,42597000
2024-10-04,4887.2294921875,4979.008449787265,4818.395273987676,4956.063710387324,35822100
2024-10-07,4772.505859375,4910.174297626202,4772.505859375,4887.229557917668,52624000
2024-10-08,4910.17431640625,4956.063795998832,4680.726918443342,4726.616398035923,90686900
2024-10-09,4887.2294921875,4979.008449787265,4841.340013387618,4910.174231587441,70831500
2024-10-10,4887.2294921875,4956.063710387324,4887.2294921875,4910.174231587441,25892500
2024-10-11,4933.119140625,4979.008621002907,4887.229660247093,4979.008621002907,14488900
2024-10-14,4979.00830078125,5001.953039494528,4933.1188233546945,4933.1188233546945,36808100
2024-10-15,5047.8427734375,5070.787513316762,4979.008553799716,5001.953293678977,44248600
2024-10-16,5024.89794921875,5047.8426887129,5001.9532097246,5047.8426887129,26629100
2024-10-17,5047.8427734375,5116.676993075284,5024.898033558238,5047.8427734375,48570900
2024-10-18,5185.51123046875,5185.51123046875,5093.732270637444,5093.732270637444,58870300
2024-10-21,5162.56640625,5277.290104166667,5139.621666666667,5231.400625,50980600
2024-10-22,5185.51123046875,5208.455970426576,5116.677010595271,5185.51123046875,59956900
2024-10-23,5208.4560546875,5208.4560546875,5139.621833700441,5208.4560546875,63163700
2024-10-24,5162.56640625,5231.400625,5162.56640625,5185.511145833334,26445200
2024-10-25,5185.51123046875,5185.51123046875,5093.732270637444,5162.566490510923,20200300
2024-10-28,5047.8427734375,5208.45595259233,4979.008553799716,5185.511212713068,48523000
2024-10-29,4864.28466796875,5047.842579967571,4841.339928968897,4956.06362396816,77068500
2024-10-30,4795.45068359375,4887.229644045305,4772.505943480861,4864.2849039324165,58411700
2024-10-31,4818.3955078125,4864.284988839286,4749.561286272322,4772.506026785714,50040800
2024-11-01,4772.505859375,4818.395338792067,4749.561119666467,4818.395338792067,21870200
2024-11-04,4864.28466796875,4887.229406968602,4726.616233969634,4795.450450969192,31669500
2024-11-05,4956.06396484375,5001.95344599971,4818.395521375868,4841.340261953848,32446400
2024-11-06,4703.67138671875,4979.008248380335,4680.726648246951,4979.008248380335,67214100
2024-11-07,4611.892578125,4749.5610132929105,4611.892578125,4726.616274098259,63745800
2024-11-08,4570.59228515625,4703.671779402767,4561.414389001317,4657.782298628106,51133100
2024-11-11,4579.77001953125,4611.892654938783,4405.389998747495,4543.058436208355,44028300
2024-11-12,4524.70263671875,4588.947907422667,4469.635261829678,4552.236324163287,70220900
2024-11-13,4552.236328125,4611.892650973412,4506.346849010837,4524.702640656502,64548800
2024-11-14,4543.05859375,4561.41438604798,4506.34700915404,4552.23648989899,33431400
2024-11-15,4506.3466796875,4533.880366121436,4469.635097775586,4515.524575165478,32785700
2024-11-18,4469.63525390625,4524.7026286977025,4432.923670711948,4524.7026286977025,22240200
2024-11-19,4451.279296875,4487.990878704897,4405.389819587629,4460.457192332474,28214800
2024-11-20,4451.279296875,4497.168774162371,4405.389819587629,4469.635087789949,24693600
2024-11-21,4331.966796875,4451.279441704184,4322.788901118909,4423.74575443591,45727200
2024-11-22,4442.1015625,4460.457354080579,4350.322604597108,4359.500500387397,50258400
2024-11-25,4579.77001953125,4657.782134092404,4442.101582070391,4451.279477901115,98405900
2024-11-26,4543.05859375,4634.837555239899,4543.05859375,4611.892814867424,37322800
2024-11-28,4611.892578125,4657.782056514304,4543.058360541045,4611.892578125,28337000
2024-11-29,4570.59228515625,4634.837558240775,4533.8807005365215,4611.892817853445,48885400
2024-12-02,4322.7890625,4588.948049363057,4322.7890625,4570.592257165606,49318100
2024-12-03,4387.0341796875,4442.101554327929,4341.144700820476,4350.322596593881,60101100
2024-12-04,4543.05859375,4570.59228219697,4396.212255366162,4405.390151515152,46942200
2024-12-05,4423.74560546875,4543.058246280148,4414.56771002172,4543.058246280148,33537600
2024-12-06,4460.45751953125,4478.8133117926955,4387.034350485468,4423.745935008359,25735100
2024-12-09,4588.94775390625,4634.837231445313,4478.8130078125005,4487.990903320313,43938100
2024-12-10,4680.72705078125,4680.72705078125,4524.702815755209,4579.770192823224,39158900
2024-12-11,4657.7822265625,4749.561186691811,4634.837486530173,4634.837486530173,39770900
2024-12-12,4478.81298828125,4611.892472564196,4478.81298828125,4611.892472564196,45911900
2024-12-13,4341.14453125,4432.923485399049,4331.966635835095,4405.3897991543345,72851000
2024-12-16,4258.54345703125,4331.966620083513,4221.831875505119,4231.0097708866515,83736700
2024-12-17,4102.51953125,4258.543763982103,4065.8079470777407,4240.1879718959735,119873700
2024-12-18,4065.807861328125,4157.5868198231165,4047.4520696291265,4102.519444726122,56470100
2024-12-19,3955.673095703125,4010.7404705853032,3946.495199889429,4001.562574771607,71247000
2024-12-20,3909.78369140625,4001.5626512984154,3909.78369140625,3974.0289633307657,83872500
2024-12-23,4019.91845703125,4029.0963530518693,3964.8510809075347,3964.8510809075347,43668100
2024-12-24,4019.91845703125,4038.2742490724886,3983.2068729487733,4019.9184570312505,21458900
2024-12-27,4001.5625,4065.807769495413,4001.5625000000005,4019.918291284404,22838700
2024-12-30,3992.384765625,4019.918453663793,3918.961597521552,3983.206869612069,43899600
2025-01-02,4212.654296875,4212.654296875,4001.562687227669,4001.562687227669,56985400
2025-01-03,4166.7646484375,4249.365709750137,4166.7646484375,4221.8320226459255,76388000
2025-01-06,4065.807861328125,4185.120507371614,4047.4520696291265,4175.942611522115,26008100
2025-01-07,4001.5625,4047.451978211009,3983.2067087155965,4010.740395642202,36973900
2025-01-08,4010.740478515625,4065.807853506686,3992.384686851938,3992.384686851938,39476000
2025-01-09,4019.91845703125,4047.452145093108,3992.3847689693926,4001.562664990012,25545500
2025-01-10,3992.384765625,4056.6300377155176,3992.384765625,4019.918453663793,28235300
2025-01-13,3863.89404296875,3974.028790036743,3854.7161473797505,3964.8508944477435,54029800
2025-01-14,3790.470947265625,3891.427800582627,3772.1151557534427,3827.1825302899892,71568000
2025-01-15,4047.4521484375,4065.807940493906,3808.8268517042234,3808.8268517042234,82038200
2025-01-16,4130.05322265625,4221.832183159722,4111.697430555555,4221.832183159722,113849300
2025-01-17,4102.51953125,4194.298491680649,4019.918466862416,4084.16373916387,40130000
2025-01-20,4240.18798828125,4276.899572595374,4120.8753392603485,4148.409027495942,67692300
2025-01-21,4350.32275390625,4423.74592274855,4267.721688958663,4304.433273379813,96008700
2025-01-22,4396.2119140625,4414.567704935412,4368.678227753131,4396.2119140625,55899500
2025-01-23,4267.7216796875,4423.745913138441,4267.7216796875,4396.212224882393,86704800
2025-01-24,4231.009765625,4313.610823956074,4231.009765625,4276.899242475596,42140900
2025-01-30,4258.54345703125,4286.0771431758485,4203.476084742053,4231.0097708866515,23980100
2025-01-31,4377.8564453125,4478.813302541928,4276.899588083072,4276.899588083072,78958600
2025-02-03,4387.0341796875,4405.38997123431,4258.543638859833,4377.856283914095,63072700
2025-02-04,4313.61083984375,4387.034003075133,4313.61083984375,4377.85610767121,44266700
2025-02-05,4130.05322265625,4295.2553515624995,4111.697430555555,4267.721663411458,52077600
2025-02-06,3937.3173828125,4139.2310947516025,3909.783694820804,4130.053198754371,72520900
2025-02-07,3918.96142578125,3992.3845906670813,3818.0045740632318,3900.6056345597917,69268900
2025-02-10,3808.82666015625,3955.672989222515,3808.82666015625,3918.961406955949,46856100
2025-02-11,3735.403564453125,3827.1825218106956,3717.0477729816107,3808.8267303391813,52994400
2025-02-12,3946.4951171875,3946.4951171875,3762.937204760174,3790.470891624273,57782300
2025-02-13,3900.605712890625,3946.495191865809,3863.894129710478,3928.139400275735,38173200
2025-02-14,4010.740478515625,4029.096270179312,3946.49520769272,3955.673103524564,61932800
2025-02-17,4194.29833984375,4212.654131265385,3992.3846342057577,4010.7404256273935,52492800
2025-02-18,4359.50048828125,4359.50048828125,4221.8320518092105,4221.8320518092105,73992700
2025-02-19,4148.40869140625,4359.50028411055,4111.697110066371,4359.50028411055,72328000
2025-02-20,4093.341552734375,4175.942615457714,4038.274177585482,4148.408927883268,49467500
2025-02-21,3946.4951171875,4074.9856558866277,3946.4951171875,4047.451969022529,70115400
2025-02-24,3854.71630859375,3964.851060267857,3854.71630859375,3946.4952683221723,61467000
2025-02-25,3882.25,3928.1394799054374,3772.1152482269504,3882.25,45778400
2025-02-26,3992.384765625,3992.384765625,3863.8942214439658,3900.6058054956898,42114300
2025-02-27,3983.206787109375,4010.740474577873,3854.716245589718,3992.384682932208,58362900
2025-02-28,3698.69189453125,3918.961387009538,3680.336103491393,3918.961387009538,156574800
2025-03-03,3909.78369140625,3955.6731713523327,3781.293147557218,3836.3605234925176,156616300
2025-03-04,3873.072021484375,3937.3172919829312,3827.182542556835,3891.427813055391,71340000
2025-03-05,4093.341552734375,4166.764719599565,3900.6057397132495,3900.6057397132495,101995600
2025-03-06,4212.654296875,4313.611153662854,4166.764816516885,4175.942712588508,104226000
2025-03-07,4166.7646484375,4212.654126944521,4093.3414828262667,4212.654126944521,61630700
2025-03-10,4084.16357421875,4166.764635270365,4047.4519915291435,4166.764635270365,43038000
2025-03-11,4084.16357421875,4093.341469891152,4001.562513167135,4019.9183045119385,44323600
2025-03-12,4157.5869140625,4175.942706177566,4111.697433774834,4120.875329832367,44656600
2025-03-13,4157.5869140625,4221.832186465232,4074.985849544702,4221.832186465232,48947400
2025-03-14,4065.807861328125,4148.408923973618,4038.2741737796277,4102.519444726122,50335900
2025-03-17,3974.02880859375,4093.341451807881,3909.7835391707563,4065.8077649123125,60911900
2025-03-18,3845.538330078125,3955.6730793882384,3698.6919976646404,3946.4951836123955,80141500
2025-03-19,3827.1826171875,3900.6057849033273,3781.293137365108,3845.538409116457,110420100
2025-03-20,3744.58154296875,3918.961565803079,3717.047855152803,3891.4278779871324,109598400
2025-03-21,3460.066650390625,3753.7593103707313,3460.066650390625,3744.581414746353,246727700
2025-03-24,3414.17724609375,3515.134100144909,3331.576183688256,3460.0667252079134,135658700
2025-03-25,3579.37939453125,3606.9130821814906,3432.5330603966345,3460.066748046875,157671900
2025-03-26,3900.605712890625,3928.139400275735,3671.158318014706,3680.3362138097427,229422000
2025-03-27,3891.427734375,3928.1393167747638,3772.115091575766,3900.6056299749407,101189600
2025-04-08,3698.69189453125,3744.5813721308937,3313.2202826942466,3377.465551333747,185281600
2025-04-09,3707.869873046875,3799.6488303005103,3643.62460296933,3698.6919773215113,81414200
2025-04-10,3909.78369140625,4038.2742352552814,3873.0721074493836,4019.9184432768484,131182600
2025-04-11,4029.09619140625,4038.274087058656,3854.7161740105353,3891.4277566201595,90221600
2025-04-14,4175.9423828125,4175.9423828125,4074.985533997253,4084.163429344094,162128800
2025-04-15,4280.0,4350.0,4270.0,4280.0,156480600
2025-04-16,4100.0,4290.0,4090.0,4280.0,109735100
2025-04-17,4040.0,4150.0,4040.0,4110.0,68392500
2025-04-21,3990.0,4050.0,3950.0,4040.0,67071400
2025-04-22,4010.0,4050.0,3960.0,3990.0,84001100
2025-04-23,4150.0,4170.0,4030.0,4080.0,128948700
2025-04-24,4170.0,4250.0,4120.0,4200.0,145433700
2025-04-25,4200.0,4210.0,4140.0,4200.0,102065100
2025-04-28,4190.0,4250.0,4170.0,4210.0,68481300
2025-04-29,4140.0,4220.0,4120.0,4210.0,61824000
2025-04-30,4180.0,4180.0,4080.0,4160.0,85510000
2025-05-02,4200.0,4230.0,4160.0,4220.0,81966800
2025-05-05,4210.0,4280.0,4180.0,4210.0,60392100
2025-05-06,4180.0,4230.0,4170.0,4220.0,66444400
2025-05-07,4160.0,4200.0,4140.0,4190.0,57689300
2025-05-08,4120.0,4220.0,4080.0,4160.0,77995600
2025-05-09,4100.0,4140.0,4060.0,4120.0,37787800
2025-05-14,4370.0,4370.0,4160.0,4180.0,179465400
2025-05-15,4500.0,4530.0,4390.0,4390.0,120598100
2025-05-16,4500.0,4530.0,4360.0,4530.0,88956700
2025-05-19,4460.0,4520.0,4430.0,4480.0,60120200
2025-05-20,4450.0,4570.0,4420.0,4460.0,81048500
2025-05-21,4520.0,4580.0,4470.0,4480.0,79967600
2025-05-22,4470.0,4540.0,4470.0,4520.0,42314700
2025-05-23,4510.0,4520.0,4480.0,4510.0,21621500
2025-05-26,4500.0,4520.0,4420.0,4510.0,36713800
2025-05-27,4530.0,4530.0,4460.0,4500.0,40871300
2025-05-28,4490.0,4540.0,4470.0,4520.0,63745800
2025-06-02,4370.0,4480.0,4300.0,4480.0,68993300
2025-06-03,4370.0,4380.0,4260.0,4350.0,42954800
2025-06-04,4300.0,4420.0,4300.0,4420.0,35499900
2025-06-05,4420.0,4420.0,4310.0,4310.0,36143400
2025-06-10,4520.0,4520.0,4450.0,4470.0,45818600
2025-06-11,4540.0,4540.0,4480.0,4530.0,35008700
2025-06-12,4540.0,4540.0,4480.0,4530.0,29571100
2025-06-13,4540.0,4540.0,4450.0,4480.0,30548300
2025-06-16,4400.0,4490.0,4360.0,4490.0,90223800
2025-06-17,4360.0,4420.0,4350.0,4400.0,44876400
2025-06-18,4300.0,4360.0,4250.0,4350.0,40711200
2025-06-19,4130.0,4300.0,4100.0,4300.0,87781700
2025-06-20,4110.0,4140.0,4050.0,4120.0,178503500
2025-06-23,4060.0,4100.0,3970.0,4060.0,53486300
2025-06-24,4140.0,4210.0,4140.0,4160.0,51925200
2025-06-25,4110.0,4200.0,4060.0,4200.0,33883900
2025-06-26,4120.0,4120.0,4050.0,4110.0,31912200
2025-06-30,4120.0,4130.0,4050.0,4130.0,53732100
2025-07-01,4010.0,4130.0,4000.0,4120.0,55711200
2025-07-02,4020.0,4040.0,3970.0,4010.0,31192900
2025-07-03,3970.0,4060.0,3970.0,4010.0,49947500
2025-07-04,4000.0,4010.0,3950.0,3970.0,30396500
2025-07-07,4000.0,4010.0,3930.0,4000.0,28005400
2025-07-08,3970.0,4020.0,3950.0,3980.0,27867600
2025-07-09,4000.0,4000.0,3950.0,3960.0,27904300
2025-07-10,4110.0,4140.0,3980.0,3980.0,44060900
2025-07-11,4180.0,4220.0,4120.0,4130.0,48939300
2025-07-14,4040.0,4190.0,4000.0,4190.0,68377100
2025-07-15,4050.0,4070.0,4010.0,4040.0,30497400
2025-07-16,4130.0,4150.0,4080.0,4130.0,66349800
2025-07-17,4110.0,4140.0,4090.0,4140.0,25818000
2025-07-18,4120.0,4150.0,4100.0,4120.0,35072000
2025-07-21,4070.0,4140.0,4070.0,4140.0,35004100
2025-07-22,4050.0,4090.0,4040.0,4090.0,32607800
2025-07-23,4100.0,4100.0,4040.0,4080.0,23315700
2025-07-24,4220.0,4250.0,4080.0,4100.0,57276100
2025-07-25,4090.0,4180.0,4070.0,4160.0,48597600
2025-07-28,4210.0,4220.0,4090.0,4110.0,45451600
2025-07-29,4150.0,4200.0,4120.0,4200.0,27287100
2025-07-30,4120.0,4160.0,4090.0,4150.0,33919100
2025-07-31,4010.0,4110.0,4010.0,4100.0,50384500
2025-08-01,4010.0,4070.0,4010.0,4050.0,32295500
2025-08-04,4010.0,4030.0,3990.0,4000.0,30440700
2025-08-05,4220.0,4230.0,4040.0,4040.0,93772600
2025-08-06,4100.0,4230.0,4100.0,4220.0,27975700
2025-08-07,4120.0,4140.0,4100.0,4120.0,21207800
2025-08-08,4070.0,4100.0,4070.0,4090.0,43531000
2025-08-11,4200.0,4220.0,4080.0,4090.0,61703500
2025-08-12,4360.0,4420.0,4210.0,4220.0,120908000
2025-08-13,4370.0,4420.0,4310.0,4390.0,54042400
2025-08-14,4390.0,4400.0,4360.0,4400.0,43156900
2025-08-15,4370.0,4450.0,4370.0,4370.0,62301400
2025-08-19,4330.0,4360.0,4280.0,4360.0,34407300
2025-08-20,4430.0,4450.0,4290.0,4290.0,52897600
2025-08-21,4490.0,4490.0,4400.0,4420.0,60899400
2025-08-22,4390.0,4500.0,4380.0,4500.0,32633000
2025-08-25,4450.0,4520.0,4440.0,4460.0,53434200
2025-08-26,4540.0,4540.0,4370.0,4430.0,85603900
2025-08-27,4450.0,4500.0,4400.0,4500.0,45966700
2025-08-28,4460.0,4500.0,4450.0,4480.0,37274600
2025-08-29,4380.0,4460.0,4350.0,4440.0,60711900
2025-09-01,4320.0,4400.0,4150.0,4170.0,60513100
2025-09-02,4310.0,4430.0,4290.0,4340.0,28513000
2025-09-03,4410.0,4410.0,4320.0,4320.0,29754100
2025-09-04,4370.0,4410.0,4340.0,4410.0,17346200
2025-09-08,4180.0,4440.0,4050.0,4430.0,55687200
2025-09-09,4080.0,4200.0,4020.0,4160.0,102884200
2025-09-10,4100.0,4140.0,4080.0,4100.0,64536400
2025-09-11,4420.0,4430.0,4210.0,4210.0,130159900
2025-09-12,4520.0,4530.0,4330.0,4430.0,109797000
2025-09-15,4410.0,4600.0,4410.0,4550.0,74523200
2025-09-16,4370.0,4450.0,4320.0,4440.0,52083500
2025-09-17,4450.0,4450.0,4330.0,4390.0,54546000
2025-09-18,4340.0,4490.0,4250.0,4480.0,90929900
2025-09-19,4270.0,4290.0,4210.0,4250.0,100584800
2025-09-22,4210.0,4280.0,4170.0,4270.0,63520200
2025-09-23,4200.0,4240.0,4170.0,4210.0,39154400
2025-09-24,4190.0,4230.0,4170.0,4220.0,28653700
2025-09-25,4190.0,4190.0,4140.0,4180.0,35633900
2025-09-26,4180.0,4180.0,4110.0,4150.0,39380500
2025-09-29,4170.0,4170.0,4110.0,4160.0,41037000
2025-09-30,4100.0,4170.0,4100.0,4170.0,60162600
2025-10-01,4050.0,4120.0,4050.0,4050.0,37812400
2025-10-02,4040.0,4100.0,4040.0,4050.0,34730200
2025-10-03,4040.0,4080.0,4010.0,4060.0,26763100
2025-10-06,4000.0,4090.0,4000.0,4040.0,35060200
2025-10-07,3990.0,4040.0,3970.0,4030.0,41251900
2025-10-08,3940.0,4010.0,3930.0,4000.0,28812600
2025-10-09,4100.0,4150.0,3860.0,3910.0,106114200
2025-10-10,3970.0,4090.0,3950.0,4090.0,48778300
2025-10-13,3900.0,3940.0,3870.0,3920.0,38351600
2025-10-14,3800.0,3940.0,3800.0,3910.0,69452000
2025-10-15,3770.0,3840.0,3720.0,3810.0,84578200
2025-10-16,3850.0,3890.0,3760.0,3790.0,55980800
2025-10-17,3800.0,3900.0,3800.0,3870.0,60733400
2025-10-20,4040.0,4110.0,3860.0,3870.0,146203400
2025-10-21,4050.0,4130.0,4030.0,4110.0,88064800
2025-10-22,4030.0,4150.0,4000.0,4070.0,81226400
2025-10-23,4240.0,4250.0,4020.0,4030.0,130641200
2025-10-24,4370.0,4440.0,4210.0,4220.0,177603900
2025-10-27,4370.0,4450.0,4270.0,4440.0,102355700
2025-10-28,4370.0,4440.0,4340.0,4390.0,58463900
2025-10-29,4440.0,4440.0,4320.0,4380.0,71743700
2025-10-30,4410.0,4530.0,4370.0,4420.0,91042600
2025-10-31,4380.0,4450.0,4350.0,4400.0,69141700
2025-11-03,4430.0,4460.0,4380.0,4390.0,40455000
2025-11-04,4450.0,4510.0,4430.0,4430.0,73342900
2025-11-05,4460.0,4480.0,4380.0,4400.0,43447700
2025-11-06,4440.0,4480.0,4430.0,4450.0,31809500
2025-11-07,4500.0,4500.0,4440.0,4440.0,36148800
2025-11-10,4420.0,4520.0,4410.0,4520.0,45518800
2025-11-11,4420.0,4450.0,4370.0,4450.0,48792200
2025-11-12,4460.0,4480.0,4400.0,4410.0,35386800
2025-11-13,4420.0,4480.0,4420.0,4470.0,20207300
2025-11-14,4390.0,4450.0,4370.0,4410.0,34602500
2025-11-17,4390.0,4440.0,4380.0,4390.0,28453300
2025-11-18,4460.0,4470.0,4400.0,4400.0,36957300
2025-11-19,4460.0,4470.0,4410.0,4470.0,34300600
2025-11-20,4460.0,4560.0,4450.0,4470.0,54706000
2025-11-21,4390.0,4450.0,4370.0,4450.0,45565700
2025-11-24,4390.0,4440.0,4350.0,4400.0,76652700
2025-11-25,4420.0,4450.0,4370.0,4420.0,36142900
2025-11-26,4410.0,4420.0,4370.0,4420.0,31686100
2025-11-27,4350.0,4420.0,4300.0,4420.0,33618200
2025-11-28,4260.0,4350.0,4260.0,4330.0,40758200
2025-12-01,4310.0,4350.0,4240.0,4240.0,19335100
2025-12-02,4270.0,4360.0,4250.0,4340.0,39091800
2025-12-03,4260.0,4290.0,4240.0,4270.0,28263900
2025-12-04,4310.0,4320.0,4240.0,4260.0,23544900
2025-12-05,4290.0,4360.0,4290.0,4330.0,28877500
2025-12-08,4310.0,4360.0,4290.0,4360.0,28219300
2025-12-09,4320.0,4330.0,4260.0,4310.0,34461400
2025-12-10,4310.0,4350.0,4270.0,4350.0,19908000
2025-12-11,4230.0,4390.0,4190.0,4350.0,43389300
2025-12-12,4240.0,4290.0,4170.0,4290.0,23240100
2025-12-15,4440.0,4450.0,4230.0,4270.0,57531500
2025-12-16,4400.0,4460.0,4330.0,4440.0,36287500
2025-12-17,4370.0,4420.0,4340.0,4400.0,27653900
2025-12-18,4380.0,4440.0,4360.0,4360.0,45694900
2025-12-19,4340.0,4410.0,4320.0,4380.0,47290300
2025-12-22,4330.0,4360.0,4290.0,4330.0,28113800
2025-12-23,4290.0,4320.0,4250.0,4290.0,26801700
2025-12-24,4270.0,4330.0,4260.0,4260.0,18160600
2025-12-29,4260.0,4320.0,4260.0,4270.0,24490400
2025-12-30,4370.0,4380.0,4250.0,4260.0,44229200
