Price,Close,High,Low,Open,Volume
Ticker,BBRI.JK,BBRI.JK,BBRI.JK,BBRI.JK,BBRI.JK
Date,,,,,
2021-01-04,2897.6181640625,2904.34104576124,2790.049890249648,2790.049890249648,106226854
2021-01-05,2870.725830078125,2890.8948344142914,2850.556645189224,2890.8948344142914,106964857
2021-01-06,2823.6650390625,2890.895120350303,2796.772970436828,2877.448995761091,128299616
2021-01-07,2877.44921875,2884.172281565612,2830.388140146248,2864.003273671542,141798389
2021-01-08,2951.40185546875,2951.40185546875,2890.8948422953004,2911.0638466864502,205011531
2021-01-11,3126.199951171875,3132.9230122966615,2964.847748046052,2971.570628618117,422093240
2021-01-12,3173.260986328125,3206.875930511744,3139.646042144506,3146.369103202317,260390447
2021-01-13,3220.322265625,3253.9372120319695,3193.430380720517,3206.876142620027,231181533
2021-01-14,3206.8759765625,3247.2139823831853,3173.26103189617,3240.4912823342743,146980798
2021-01-15,3079.13916015625,3206.8762496503628,3058.9699749756387,3206.8762496503628,225189839
2021-01-18,3106.03076171875,3126.199945053636,3052.2469950366035,3079.138878377677,182568723
2021-01-19,3106.03076171875,3159.8148895063377,3099.308061712563,3159.8148895063377,152430182
2021-01-20,3287.552490234375,3307.7213134565573,3126.200098929619,3139.646221814713,277723446
2021-01-21,3220.322265625,3327.8905274538574,3206.876142620027,3307.721342946398,177275431
2021-01-22,3173.260986328125,3267.38311892661,3146.369103202317,3267.38311892661,183332136
2021-01-25,3213.599365234375,3220.3224270739183,3099.3083972785853,3220.3224270739183,165278734
2021-01-26,3126.199951171875,3220.3220847079983,3106.030767797516,3213.5990235832123,163850580
2021-01-27,3106.03076171875,3173.2610117295953,3025.3547505900888,3126.199945053636,198692361
2021-01-28,3005.185791015625,3126.199990001245,2971.5706655268937,3079.1389226486554,176270344
2021-01-29,2810.21875,3099.308425668271,2810.21875,3072.4161780637655,308226863
2021-02-01,2958.125,2985.017066792597,2662.312445834178,2810.218722917089,355113743
2021-02-02,2931.23291015625,3018.6319911303294,2864.0028339798246,3018.6319911303294,167527833
2021-02-03,2944.678955078125,3011.9090294590023,2931.232831870309,3011.9090294590023,124241205
2021-02-04,3018.6318359375,3079.1390277724254,2937.9558208945714,2991.739951291677,162519997
2021-02-05,3005.185791015625,3052.2470389209384,2971.5706655268937,3052.2470389209384,99005120
2021-02-08,2998.462890625,3045.5241410543667,2991.740009608862,3045.5241410543667,120218986
2021-02-09,3106.03076171875,3206.875956182297,3025.3547505900888,3025.3547505900888,464366860
2021-02-10,3126.199951171875,3166.53795681515,3092.585006653386,3112.7538289223025,202155881
2021-02-11,3146.36962890625,3166.5384543441082,3112.754318000655,3159.815392162989,99681961
2021-02-15,3166.538818359375,3213.5998979317014,3159.8157554053937,3166.538818359375,93158189
2021-02-16,3139.646240234375,3186.707309502844,3132.923178752385,3186.707309502844,71623667
2021-02-17,3112.754150390625,3179.984407476221,3106.0310885715176,3166.538283838006,101529553
2021-02-18,3139.646240234375,3206.876132843353,3126.200117270395,3159.8150635748834,152089286
2021-02-19,3220.322265625,3220.322265625,3092.585180394146,3092.585180394146,109884637
2021-02-22,3220.322265625,3274.1063965394287,3200.1530811175408,3260.660273534456,157619632
2021-02-23,3220.322265625,3247.214150529483,3186.7073192180305,3233.768388629973,107810772
2021-02-24,3179.984375,3240.491569648547,3166.538251499106,3220.322384397206,105582023
2021-02-25,3179.984375,3206.876260896312,3139.646365602794,3206.876260896312,131635423
2021-02-26,3166.538818359375,3193.431070175299,3159.8157554053937,3179.9849442673367,161796404
2021-03-01,3247.21435546875,3247.2143554687495,3173.2613964849807,3227.0455307938514,127020403
2021-03-02,3227.04541015625,3280.8295424544926,3227.04541015625,3274.1064807790285,75195758
2021-03-03,3260.660400390625,3260.660400390625,3186.707443197056,3227.045452675864,85026738
2021-03-04,3200.153564453125,3260.6607660087525,3179.984738004927,3260.6607660087525,117897176
2021-03-05,3206.8759765625,3206.8759765625,3159.8149095874605,3186.7071542048798,71188389
2021-03-08,3179.984375,3240.491569648547,3179.984375,3227.045446147653,69917647
2021-03-09,3079.13916015625,3193.430487302097,3065.6930367025093,3193.430487302097,165527119
2021-03-10,3112.754150390625,3132.923335847948,3085.862264219674,3126.20027402884,77405916
2021-03-12,3079.13916015625,3153.0921169408743,3052.247274354243,3153.0921169408743,152360111
2021-03-15,3072.416015625,3112.7540237936023,3065.6929540793226,3079.139077170678,95483079
2021-03-16,3173.260986328125,3206.875930511744,3099.3080369030745,3132.922981086694,151028868
2021-03-17,3139.646240234375,3159.8150635748834,3092.585170965906,3146.369301716365,116245827
2021-03-18,3200.153564453125,3206.87662697103,3153.092487933307,3166.538612969117,95635541
2021-03-19,3139.646240234375,3193.430370984834,3139.646240234375,3193.430370984834,166398004
2021-03-22,3112.754150390625,3159.815222018898,3106.0310885715176,3159.815222018898,67100278
2021-03-23,3139.646240234375,3173.261186538864,3126.200117270395,3173.261186538864,115036356
2021-03-24,3139.646240234375,3179.984248020854,3126.200117270395,3179.984248020854,120514341
2021-03-25,3106.03076171875,3159.8148895063377,3079.138878377677,3159.8148895063377,95145043
2021-03-26,3173.260986328125,3173.260986328125,3106.0307368554477,3112.7537979132594,106978057
2021-03-29,3173.260986328125,3213.598991569556,3173.260986328125,3213.598991569556,106807554
2021-03-30,3025.354736328125,3159.814874610509,3011.9087947209746,3159.814874610509,214898061
2021-03-31,2958.125,3011.909133585193,2864.002856502282,2991.740128628931,323139711
2021-04-01,2884.171630859375,2937.955760144347,2830.387501574403,2924.509637546741,340183845
2021-04-05,2823.6650390625,2911.0641266813686,2796.772970436828,2904.3410643867624,345533898
2021-04-06,2891.762939453125,2912.41835864305,2857.33711753184,2871.1073353560846,167319270
2021-04-07,2891.762939453125,2919.303375101614,2864.22231889752,2912.41835864305,116953800
2021-04-08,2995.039794921875,3001.9249957347215,2912.418124796122,2926.1883415147136,158572578
2021-04-09,2995.039794921875,3029.465614079006,2995.039794921875,3015.695397360414,125277643
2021-04-12,2898.647705078125,3022.5803944003133,2891.7626892153535,3022.5803944003133,115119078
2021-04-13,2864.221923828125,2933.0733732667245,2836.6813070712674,2898.6475560938798,120186645
2021-04-14,2995.039794921875,2995.039794921875,2905.5329239832754,2946.843759046152,113531640
2021-04-15,3036.350830078125,3036.350830078125,2946.8437737847557,3022.5804283835596,86272180
2021-04-16,2988.155029296875,3070.7767063428228,2967.499610035388,3063.8916898604048,74495706
2021-04-19,3015.695556640625,3015.695556640625,2967.4995182193284,3001.9251542876195,62185614
2021-04-20,2967.499755859375,2981.269974408001,2905.5333101227448,2953.7293524036236,98216076
2021-04-21,2912.418212890625,2953.729049203067,2912.418212890625,2919.3032290046276,51954007
2021-04-22,2891.762939453125,2933.0737778329744,2891.762939453125,2912.41835864305,118813822
2021-04-23,2926.1884765625,2946.8438950472155,2884.8776395930695,2891.7628407236775,120513461
2021-04-26,2850.45166015625,2926.188313655188,2843.5666443160553,2919.3031129078936,157367288
2021-04-27,2871.10693359375,2891.762534800392,2857.3367176964116,2891.762534800392,146082083
2021-04-28,2843.566650390625,2905.5329025273495,2843.566650390625,2871.107083624436,126586116
2021-04-29,2864.221923828125,2891.762540584983,2850.451522996151,2884.877340168996,124711354
2021-04-30,2788.485595703125,2864.2222542960476,2788.485595703125,2857.3370530856605,257497837
2021-05-03,2760.94482421875,2802.2556593992717,2754.0596233862957,2795.3706434739192,124235705
2021-05-04,2795.37060546875,2802.2556213004955,2760.9447866816254,2767.8299874204704,84287635
2021-05-05,2816.02587890625,2843.566495547468,2809.1406785191734,2829.7960947733145,117321536
2021-05-06,2829.79638671875,2843.5667889135734,2802.2557672362113,2843.5667889135734,86226199
2021-05-07,2788.485595703125,2850.4518518752734,2781.6003944927384,2850.4518518752734,83358229
2021-05-10,2788.485595703125,2816.0262156375616,2788.485595703125,2788.485595703125,81377755
2021-05-11,2747.1748046875,2781.600628731322,2740.2897878044373,2774.715426941132,167031505
2021-05-17,2685.208251953125,2754.0597076632857,2685.208251953125,2726.5190883978003,214824800
2021-05-18,2685.208251953125,2726.5190883978003,2678.3230509099767,2726.5190883978003,127276708
2021-05-19,2664.552978515625,2712.749018622295,2650.7825756810807,2650.7825756810807,135307947
2021-05-20,2671.437744140625,2705.8633757968896,2630.126727283186,2643.8971278713616,164832677
2021-05-21,2678.322998046875,2719.6340185832855,2657.6675802322216,2698.9784158615284,121124632
2021-05-24,2781.60009765625,2795.3704986075254,2692.0932311013275,2733.40406414097,147190132
2021-05-25,2795.37060546875,2850.45165665821,2781.6002039910604,2802.2556213004955,168676803
2021-05-27,2719.63427734375,2884.8778204902305,2719.63427734375,2850.4519975856165,622692705
2021-05-28,2802.256103515625,2871.107568030806,2767.8304637116,2781.6006826517837,274099434
2021-05-31,2933.073486328125,2946.8437027838104,2829.796215735644,2843.5666170984273,326538660
2021-06-02,2933.073486328125,3015.695339783529,2912.4180691910483,2995.039737739355,312257333
2021-06-03,3001.925048828125,3001.925048828125,2905.532975371845,2939.958795137847,173444725
2021-06-04,2988.155029296875,3022.5806664303145,2953.729207256319,3015.6956499478965,138144236
2021-06-07,2926.1884765625,2995.0399331472545,2898.6478569471765,2988.154916923756,152755788
2021-06-08,2891.762939453125,2946.843995657219,2884.877738087445,2946.843995657219,108888570
2021-06-09,2905.532958984375,2939.9587785562117,2822.9111029562278,2822.9111029562278,107433795
2021-06-10,2960.614013671875,2974.38422970675,2933.073396695033,2946.843612729908,106984877
2021-06-11,2946.84423828125,2995.040281994929,2946.84423828125,2995.040281994929,57809408
2021-06-14,2995.039794921875,2995.039794921875,2946.843759046152,2981.2695782032833,133363443
2021-06-15,2912.418212890625,2995.039885515509,2898.6478108484066,2995.039885515509,200713646
2021-06-16,2760.94482421875,2871.107113002509,2760.94482421875,2857.336896244702,481002668
2021-06-17,2774.715087890625,2802.255706778989,2705.863633123268,2740.2894529604987,336253477
2021-06-18,2692.09326171875,2795.37053039953,2692.09326171875,2795.37053039953,325605954
2021-06-21,2712.7490234375,2733.4044428188627,2657.6677818157873,2671.438184674774,159544775
2021-06-22,2781.60009765625,2802.2555141760713,2698.9782466698734,2712.748647621149,132832794
2021-06-23,2712.7490234375,2802.255902392445,2712.7490234375,2788.4856844405754,178751767
2021-06-24,2747.1748046875,2760.9452082678795,2726.5193842240574,2754.06000647769,55421157
2021-06-25,2747.1748046875,2781.600628731322,2747.1748046875,2774.715426941132,83150216
2021-06-28,2705.86376953125,2747.174607492805,2705.86376953125,2740.289591103955,155357663
2021-06-29,2685.208251953125,2692.0934529962733,2657.6676326876395,2657.6676326876395,133952393
2021-06-30,2712.7490234375,2733.4044428188627,2678.32320119715,2685.2084026266434,124133954
2021-07-01,2712.7490234375,2733.4044428188627,2692.093604056137,2712.7490234375,105240907
2021-07-02,2747.1748046875,2774.715426941132,2733.4045860142473,2754.06000647769,93832940
2021-07-05,2685.208251953125,2726.5190883978003,2671.4380347739357,2705.8636701754626,93466744
2021-07-06,2678.322998046875,2719.6340185832855,2678.322998046875,2719.6340185832855,60849751
2021-07-07,2630.127197265625,2712.7490608372746,2623.2419957412076,2698.9786577884392,163599005
2021-07-08,2664.552978515625,2685.208397860324,2630.127156336382,2678.323196443052,162349164
2021-07-09,2616.356689453125,2664.552724973767,2602.5862879288843,2657.667524211647,140611578
2021-07-12,2588.81591796875,2630.126750280313,2581.93071761446,2616.3565344788212,131702194
2021-07-13,2602.586669921875,2616.3570734672576,2588.816451283619,2616.3570734672576,175683484
2021-07-14,2554.390380859375,2616.356821020328,2547.505364658132,2602.5864188036235,115704508
2021-07-15,2623.241943359375,2643.897547520169,2568.160886985274,2581.93110485202,139855425
2021-07-16,2643.8974609375,2657.6676783532976,2623.2418574531384,2650.7824771918436,108336691
2021-07-19,2602.586669921875,2650.7827125164604,2602.586669921875,2650.7827125164604,69326497
2021-07-21,2630.127197265625,2671.4382215050096,2623.2419957412076,2650.7826169317573,111008747
2021-07-22,2685.208251953125,2692.0934529962733,2643.89741550845,2664.552833730788,93842180
2021-07-23,2664.552978515625,2719.634220039567,2637.012357753654,2712.749018622295,95960267
2021-07-26,2637.01220703125,2685.208244383203,2630.127006007512,2685.208244383203,90198037
2021-07-27,2616.356689453125,2657.667524211647,2595.701272073864,2657.667524211647,99741692
2021-07-28,2568.160888671875,2623.24194508215,2561.275687280422,2616.3569285978133,77777283
2021-07-29,2595.701171875,2643.8972055351865,2581.9307708823226,2588.8159713786613,102817895
2021-07-30,2554.390380859375,2637.0122394382756,2554.390380859375,2637.0122394382756,113633172
2021-08-02,2575.045654296875,2595.7012564589786,2547.5052212282676,2595.7012564589786,105807637
2021-08-03,2581.93115234375,2602.5865719773606,2561.275732710139,2575.045950830173,87862477
2021-08-04,2650.7822265625,2650.7822265625,2595.7011772000687,2609.4713933139033,91847406
2021-08-05,2788.485595703125,2816.0262156375616,2685.2083171757668,2685.2083171757668,294149590
2021-08-06,2705.86376953125,2795.370831657438,2685.2083505504725,2788.4856303614743,152456913
2021-08-09,2650.7822265625,2719.633861852951,2630.126809938202,2712.7486613424876,102404178
2021-08-10,2630.127197265625,2678.323238122307,2623.2419957412076,2678.323238122307,94349949
2021-08-12,2623.241943359375,2650.7825639999837,2616.35692687956,2650.7825639999837,94464021
2021-08-13,2664.552978515625,2671.438179932897,2630.127156336382,2630.127156336382,104829940
2021-08-16,2705.86376953125,2705.86376953125,2643.8975125889174,2664.552931569695,70083530
2021-08-18,2802.256103515625,2816.02650736294,2705.8640162129454,2747.174857940628,247351372
2021-08-19,2671.437744140625,2767.829808629505,2657.66734355245,2754.0594080413293,218214729
2021-08-20,2705.86376953125,2712.7489708272137,2637.0123112929537,2671.4381328656586,88330535
2021-08-23,2726.51904296875,2747.1744608469285,2705.8636250905715,2740.2894448256047,68133856
2021-08-24,2678.322998046875,2726.519034583434,2637.0121624175677,2719.6340185832855,150882016
2021-08-25,2678.322998046875,2685.208198954127,2650.782379324969,2650.782379324969,86571495
2021-08-26,2664.552978515625,2685.208397860324,2643.8975591709263,2678.323196443052,69144334
2021-08-27,2643.8974609375,2678.323096930549,2637.012259776046,2678.323096930549,79498923
2021-08-30,2712.7490234375,2712.7490234375,2643.8975638639176,2650.782580386294,128539860
2021-08-31,2705.86376953125,2719.6341721231774,2664.552931569695,2712.7489708272137,134879489
2021-09-01,2678.322998046875,2705.8636167687805,2671.437982046726,2705.8636167687805,97691477
2021-09-02,2664.552978515625,2678.323196443052,2643.8975591709263,2657.667777098353,81242343
2021-09-03,2705.86376953125,2705.86376953125,2623.2419087010257,2650.782528977767,165056860
2021-09-06,2650.7822265625,2740.28927847725,2650.7822265625,2719.633861852951,188929693
2021-09-07,2692.09326171875,2698.9782773655998,2664.552644410069,2678.3228606108623,140380354
2021-09-08,2825.025634765625,2938.632563777647,2817.4518394981565,2893.189792172838,228087900
2021-09-09,2825.025634765625,2855.3208158354973,2764.4352726258794,2802.3042489632203,306319600
2021-09-10,2862.89453125,2870.468326306217,2779.5827856316137,2809.8779658564813,177033000
2021-09-13,2802.30419921875,2840.1731748838683,2772.0090186866555,2809.877994351774,169825000
2021-09-14,2802.30419921875,2825.025584617821,2772.0090186866555,2817.4517894847972,216363400
2021-09-15,2772.009033203125,2779.582828375811,2741.7138525123805,2779.582828375811,263544000
2021-09-16,2756.861328125,2772.0089178399726,2734.139943552541,2764.435122982486,194782800
2021-09-17,2734.14013671875,2756.861522896468,2703.844955148459,2749.2877275038954,346529100
2021-09-20,2718.992431640625,2718.992431640625,2658.4020710469617,2718.992431640625,357971300
2021-09-21,2703.844970703125,2711.418766139268,2650.8284026501224,2658.402198086266,410533900
2021-09-22,2734.14013671875,2764.435318289041,2665.9759781855955,2665.9759781855955,416087300
2021-09-23,2855.32080078125,2855.32080078125,2718.992486685593,2726.56628191313,432390800
2021-09-24,2893.189697265625,2923.4848773417048,2855.320722170525,2870.4683122085653,634549600
2021-09-27,2840.173095703125,2878.0420703125,2825.025505859375,2855.320685546875,380151200
2021-09-28,2817.451416015625,2855.320386660996,2794.730033628402,2855.320386660996,306827400
2021-09-29,2832.599609375,2840.173405121992,2794.73063064004,2817.4520178810158,143081800
2021-09-30,2915.9111328125,2931.0587231128247,2840.1731813108768,2847.746976461039,416099000
2021-10-01,2953.780029296875,2968.927619190705,2900.7634646684696,2915.9110545623,359864700
2021-10-04,3006.796875,3037.0920576196477,2946.2065097607056,2953.780305415617,335762600
2021-10-05,2976.50146484375,3014.3704402234416,2961.3538746918734,2991.6490549956266,236562700
2021-10-06,3120.403564453125,3143.1249496311816,2968.92766326608,2968.92766326608,446708800
2021-10-07,3120.403564453125,3158.272539749886,3082.534589156364,3143.1249496311816,264905400
2021-10-08,3150.69873046875,3211.289090670072,3127.977345393254,3173.4201155442456,196631600
2021-10-11,3165.84619140625,3180.993780838816,3127.9772178248354,3150.698601973684,146720100
2021-10-12,3196.141357421875,3211.2889467935424,3165.8461786785397,3165.8461786785397,241196000
2021-10-13,3241.583984375,3256.7315730870328,3196.141218238902,3203.7150125949183,264629400
2021-10-14,3218.86279296875,3294.6007410386032,3203.7152033547795,3241.584177389706,196989500
2021-10-15,3271.879638671875,3279.4534341317635,3196.141684072989,3218.8630704526545,318189600
2021-10-18,3340.043701171875,3340.043701171875,3287.0271344866073,3294.60092972736,286829000
2021-10-19,3332.469970703125,3370.3389476429334,3302.1747891512787,3370.3389476429334,161256300
2021-10-21,3302.17431640625,3377.9122594430905,3271.879139191514,3370.3384651394063,319230200
2021-10-22,3332.469970703125,3332.469970703125,3271.879607599432,3287.0271983753555,160459300
2021-10-25,3256.73193359375,3309.748499954578,3256.73193359375,3279.453319176962,128240100
2021-10-26,3294.6005859375,3309.748174838362,3234.0102303340514,3241.5840247844826,108782400
2021-10-27,3249.157958984375,3287.026932865312,3226.4365746558133,3279.4531380891244,258038300
2021-10-28,3211.288818359375,3256.7315846569136,3180.993640827683,3188.567435210606,159645200
2021-10-29,3218.86279296875,3256.731767003677,3196.141408547794,3256.731767003677,155011100
2021-11-01,3203.71484375,3279.452783318558,3196.1410497931442,3279.452783318558,102079300
2021-11-02,3188.567626953125,3234.010395983336,3188.567626953125,3234.010395983336,124799700
2021-11-03,3249.157958984375,3256.7317537605627,3188.567600774876,3218.8627798796256,100486300
2021-11-04,3218.86279296875,3287.026946231618,3218.86279296875,3279.4531514246323,119591100
2021-11-05,3211.288818359375,3234.0102015081443,3188.567435210606,3234.0102015081443,74347000
2021-11-08,3203.71484375,3226.4362256205673,3196.1410497931442,3218.8624316637115,79465600
2021-11-09,3218.86279296875,3218.86279296875,3196.141408547794,3203.7152033547795,92453200
2021-11-10,3218.86279296875,3226.4365877757355,3188.567613740809,3203.7152033547795,69475400
2021-11-11,3218.86279296875,3256.731767003677,3203.7152033547795,3249.1579721966914,149637700
2021-11-12,3196.141357421875,3249.1579202227117,3188.567562736041,3234.010330851044,80234400
2021-11-15,3150.69873046875,3196.1415006197417,3135.5511404184194,3196.1415006197417,220142300
2021-11-16,3127.9775390625,3158.2727210388925,3120.403743568402,3120.403743568402,163555000
2021-11-17,3180.994140625,3180.994140625,3150.698958333333,3158.27275390625,126523700
2021-11-18,3165.84619140625,3173.419986122533,3135.5510125411183,3143.1248072574012,114881200
2021-11-19,3241.583984375,3249.1577787310166,3196.141218238902,3196.141218238902,182167700
2021-11-22,3241.583984375,3264.3053674430494,3218.862601306951,3264.3053674430494,151514000
2021-11-23,3188.567626953125,3241.5841908217044,3180.9938321147565,3241.5841908217044,104294200
2021-11-24,3188.567626953125,3203.715216629862,3173.420037276388,3180.9938321147565,111072800
2021-11-25,3196.141357421875,3218.8627414793764,3165.8461786785397,3165.8461786785397,123609400
2021-11-26,3150.69873046875,3196.1415006197417,3143.1249354435845,3173.4201155442456,148652500
2021-11-29,3158.272705078125,3173.4202959897707,3090.108545975719,3143.1251141664793,164312800
2021-11-30,3097.6826171875,3196.141966878056,3097.6826171875,3143.1253939677567,316653200
2021-12-01,3090.108154296875,3165.846099255132,3082.5343598010495,3097.681948792701,163457900
2021-12-02,3180.994140625,3196.1417317708333,3074.9610026041664,3074.9610026041664,139281800
2021-12-03,3158.272705078125,3196.141682357239,3158.272705078125,3188.5678869014164,93227100
2021-12-06,3112.82958984375,3196.1413306911495,3112.82958984375,3180.993741446168,106610000
2021-12-07,3203.71484375,3203.71484375,3150.6982860520097,3173.419667922577,182048000
2021-12-08,3188.567626953125,3218.862806306599,3158.2724475996515,3218.862806306599,143230200
2021-12-09,3173.420166015625,3196.141551452491,3150.698780578759,3196.141551452491,90471500
2021-12-10,3127.9775390625,3150.6989255447943,3127.9775390625,3127.9775390625,122999200
2021-12-13,3150.69873046875,3180.993910569411,3150.69873046875,3158.272525493915,86848900
2021-12-14,3127.9775390625,3150.6989255447943,3127.9775390625,3143.1251300506965,100110000
2021-12-15,3180.994140625,3203.7155273437497,3135.5513671874996,3143.1251627604165,124522800
2021-12-16,3135.55126953125,3196.141632227506,3120.4036788571857,3196.141632227506,136646600
2021-12-17,3112.82958984375,3135.5509737112225,3097.6820005987684,3097.6820005987684,153165400
2021-12-20,3120.403564453125,3127.977359512477,3074.9607940970113,3082.534589156364,89198900
2021-12-21,3090.108154296875,3120.403332280178,3090.108154296875,3105.2557432885264,109561800
2021-12-22,3067.38720703125,3112.82998046875,3067.38720703125,3105.256184895833,104738000
2021-12-23,3105.25634765625,3112.830143626143,3074.9611637766766,3097.6825516863564,72736800
2021-12-24,3082.53466796875,3120.4036442337224,3067.387077462761,3105.2560537277336,59795000
2021-12-27,3074.9609375,3112.8299145628075,3074.9609375,3082.5347329125616,65491200
2021-12-28,3097.6826171875,3112.8302094475853,3082.5350249274143,3097.6826171875,52952500
2021-12-29,3090.108154296875,3105.2557432885264,3082.5343598010495,3097.681948792701,27676500
2021-12-30,3112.82958984375,3135.5509737112225,3074.9606167312954,3090.1082059762775,146989400
2022-01-03,3165.84619140625,3173.419986122533,3097.6820389597037,3120.4034231085525,90842500
2022-01-04,3150.69873046875,3188.567705594576,3150.69873046875,3180.993910569411,93950000
2022-01-05,3188.567626953125,3203.715216629862,3127.9772682461776,3165.8462424380195,174376400
2022-01-06,3150.69873046875,3211.289090670072,3135.5511404184194,3211.289090670072,137280000
2022-01-07,3173.420166015625,3180.9939611612467,3143.1249854331368,3158.2725757243807,101275000
2022-01-10,3165.84619140625,3188.5675755550988,3165.84619140625,3173.419986122533,70722600
2022-01-11,3143.125,3165.8463855421687,3127.9774096385545,3165.8463855421687,99404900
2022-01-12,3150.69873046875,3165.8463205190806,3127.977345393254,3158.272525493915,65907000
2022-01-13,3173.420166015625,3173.420166015625,3158.2725757243807,3165.846370870003,103522400
2022-01-14,3165.84619140625,3188.5675755550988,3150.698601973684,3173.419986122533,110213800
2022-01-17,3188.567626953125,3188.567626953125,3165.8462424380195,3180.9938321147565,102957100
2022-01-18,3173.420166015625,3211.289141743735,3135.551190287515,3211.289141743735,120275000
2022-01-19,3127.9775390625,3188.5679030152846,3127.9775390625,3188.5679030152846,109954700
2022-01-20,3127.9775390625,3150.6989255447943,3112.829948074304,3127.9775390625,86394600
2022-01-21,3158.272705078125,3158.272705078125,3112.829932343188,3127.9775232548336,84972500
2022-01-24,3120.403564453125,3150.698744690534,3105.2559743344204,3135.5511545718296,76709900
2022-01-25,3082.53466796875,3112.829848980728,3029.518101197789,3105.2560537277336,185007800
2022-01-26,3097.6826171875,3105.256413317543,3052.2398404072433,3052.2398404072433,97589500
2022-01-27,3135.55126953125,3135.55126953125,3074.9609068349937,3082.534702172026,80682900
2022-01-28,3135.55126953125,3158.272655542346,3097.6822928460897,3158.272655542346,84812100
2022-01-31,3082.53466796875,3158.272620498695,3082.53466796875,3158.272620498695,78498500
2022-02-02,3082.53466796875,3120.4036442337224,3074.9608727157556,3120.4036442337224,81546300
2022-02-03,3127.9775390625,3165.8465165329903,3127.9775390625,3165.8465165329903,157898800
2022-02-04,3188.567626953125,3188.567626953125,3143.1248579229145,3158.2724475996515,236602900
2022-02-07,3332.469970703125,3340.043766091087,3196.1416537198156,3211.289244495739,468016600
2022-02-08,3362.7646484375,3446.0763852231134,3332.4694714245493,3370.3384426907373,310878100
2022-02-09,3370.3388671875,3408.2078432233143,3317.3223007373595,3332.4698911516853,149000100
2022-02-10,3385.486328125,3408.2077128775168,3370.3387382899887,3408.2077128775168,112521600
2022-02-11,3370.3388671875,3370.3388671875,3317.3223007373595,3347.617481566011,103418200
2022-02-14,3340.043701171875,3370.3388821348854,3317.3223154496172,3370.3388821348854,105260000
2022-02-15,3355.19140625,3370.3389972488712,3324.8962242522575,3362.7652017494356,96658500
2022-02-16,3347.61767578125,3385.4866540140697,3340.0438801346863,3385.4866540140697,89636300
2022-02-17,3332.469970703125,3340.043766091087,3287.0271983753555,3324.8961753151634,118305100
2022-02-18,3355.19140625,3362.7652017494356,3309.748633253386,3332.470019751693,127058000
2022-02-21,3400.634033203125,3400.634033203125,3362.7650573322658,3377.9126476806096,133717300
2022-02-22,3355.19140625,3385.4865882477425,3347.6176107505644,3362.7652017494356,109060900
2022-02-23,3393.06005859375,3423.355237688337,3377.9124690464564,3423.355237688337,160827800
2022-02-24,3324.896484375,3385.486853110763,3309.7488921910594,3385.486853110763,217523600
2022-02-25,3446.0771484375,3446.0771484375,3340.044005408654,3370.3391891311812,301346400
2022-03-01,3506.6669921875,3680.864272576944,3506.6669921875,3673.290477777403,494657800
2022-03-02,3453.650390625,3552.1097219366775,3446.076595908717,3544.5359272203946,186635200
2022-03-04,3536.962158203125,3582.4049268310023,3491.5193895752477,3574.8311320596895,292022600
2022-03-07,3423.35546875,3506.6672168832965,3423.35546875,3468.7982404590707,224515800
2022-03-08,3355.19140625,3453.6507477426635,3355.19140625,3408.20797474605,214870200
2022-03-09,3461.22412109375,3476.371710245145,3408.2075590638674,3430.92894279096,191967100
2022-03-10,3461.22412109375,3514.240683123632,3415.781353639565,3514.240683123632,225575800
2022-03-11,3464.572021484375,3496.068130770597,3440.949939519709,3464.572021484375,275965300
2022-03-14,3559.06005859375,3574.8081119503595,3472.4457651323974,3496.0678451673116,212052100
2022-03-15,3629.9267578125,3653.548840835141,3566.9345364187907,3582.682591767218,357755700
2022-03-16,3661.4228515625,3669.2968792002684,3629.9267410114244,3661.4228515625,226817000
2022-03-17,3661.4228515625,3700.792989751344,3629.9267410114244,3692.918962113575,224068000
2022-03-18,3606.3046875,3700.7930199235807,3606.3046875,3700.7930199235807,257863400
2022-03-21,3614.178466796875,3645.6745754399853,3590.5563853145427,3622.0524939576526,118791900
2022-03-22,3653.549072265625,3708.667269476529,3653.549072265625,3692.9192131305563,177758500
2022-03-23,3661.4228515625,3692.918962113575,3637.8007686491933,3685.0449344758063,146545100
2022-03-24,3724.415283203125,3724.415283203125,3637.800974291424,3653.549030457188,206271600
2022-03-25,3708.6669921875,3748.0371301088107,3661.4228266819264,3748.0371301088107,137104800
2022-03-28,3724.415283203125,3732.289311286007,3677.1711147058336,3724.415283203125,106801800
2022-03-29,3692.9189453125,3740.163110924174,3677.1708901086085,3740.163110924174,93155100
2022-03-30,3708.6669921875,3732.2890749402864,3692.918937018975,3732.2890749402864,83364400
2022-03-31,3669.297119140625,3740.1633725145857,3669.297119140625,3700.793231751274,158650000
2022-04-01,3724.415283203125,3724.415283203125,3645.675002374306,3692.9191708715975,145105000
2022-04-04,3700.79248046875,3724.4145601313166,3669.2963742519946,3724.4145601313166,103902000
2022-04-05,3700.79248046875,3732.2885866855054,3677.1704008061834,3724.4145601313166,76154300
2022-04-06,3622.052490234375,3692.918734608526,3622.052490234375,3692.918734608526,111009800
2022-04-07,3645.67431640625,3677.1704228114877,3637.8002898049403,3677.1704228114877,91942500
2022-04-08,3629.9267578125,3661.422868509355,3622.0527301382863,3645.6748131609274,125657900
2022-04-11,3598.4306640625,3637.8008026189823,3598.4306640625,3622.052747196389,109861100
2022-04-12,3629.9267578125,3629.9267578125,3582.682591767218,3582.682591767218,96961200
2022-04-13,3629.9267578125,3653.548840835141,3614.1787024640726,3653.548840835141,112327600
2022-04-14,3574.80810546875,3629.926292116946,3566.9340788047216,3622.052265452918,150659600
2022-04-18,3582.682861328125,3606.3049461280907,3574.8088330614696,3582.682861328125,82795100
2022-04-19,3598.4306640625,3622.052747196389,3574.8085809286104,3582.682608639907,148475600
2022-04-20,3818.9033203125,3834.6513752416236,3622.0526336984535,3629.9266611630155,404383100
2022-04-21,3779.533447265625,3818.903587341309,3748.0373352050783,3818.903587341309,208253300
2022-04-22,3740.1630859375,3818.903361430921,3716.541003289474,3740.1630859375,174349500
2022-04-25,3811.02880859375,3818.9028350577864,3677.170358705126,3700.7924380972363,235752400
2022-04-26,3889.76953125,3921.2656408147773,3803.155229946862,3811.0292573380566,262734300
2022-04-27,3818.9033203125,3881.8955400289947,3818.9033203125,3858.273457635309,191955100
2022-04-28,3834.651123046875,3881.895284727124,3826.777096100167,3834.651123046875,193821200
2022-05-09,3566.934814453125,3748.037465076573,3566.934814453125,3740.163436788597,561600400
2022-05-10,3566.934814453125,3566.934814453125,3354.3360506777735,3354.3360506777735,435782800
2022-05-11,3535.4384765625,3606.304726649499,3527.564448775056,3582.6826432871662,205233800
2022-05-12,3401.579833984375,3535.438299673575,3385.83177919741,3535.438299673575,207373600
2022-05-13,3346.46142578125,3433.075721507353,3346.46142578125,3346.46142578125,336711300
2022-05-17,3503.9423828125,3559.0605775983145,3362.209881934691,3362.209881934691,272650400
2022-05-18,3503.9423828125,3566.9346054248595,3488.19432715941,3543.3125219452245,129716500
2022-05-19,3496.068115234375,3511.816169807503,3385.83173322248,3425.2018696552996,132614900
2022-05-20,3488.1943359375,3535.4385030156604,3472.44628024478,3496.06836378386,122101000
2022-05-23,3409.45361328125,3496.067908306871,3401.579586460739,3472.4458278453376,175709000
2022-05-24,3511.816162109375,3543.3122711865894,3401.5797803391256,3401.5797803391256,165758600
2022-05-25,3425.201416015625,3503.9416784527657,3425.201416015625,3488.1936259653376,138961700
2022-05-27,3574.80810546875,3574.8081054687495,3496.067838828469,3543.3119988126373,209962100
2022-05-30,3488.1943359375,3574.8086422474607,3456.69822455206,3574.8086422474607,193724500
2022-05-31,3645.67431640625,3645.67431640625,3503.941837582681,3519.6898907852997,379626500
2022-06-02,3527.564208984375,3622.052536010742,3527.564208984375,3574.8083724975586,225697500
2022-06-03,3559.06005859375,3598.4301919852737,3551.1860319154453,3566.9340852720547,117643300
2022-06-06,3488.1943359375,3551.1865587083803,3464.57225239842,3519.69044732294,157277700
2022-06-07,3464.572021484375,3511.8161854137074,3464.572021484375,3511.8161854137074,133318000
2022-06-08,3519.690673828125,3519.690673828125,3448.8244186503775,3464.5724753565437,150604000
2022-06-09,3535.4384765625,3559.060559924833,3527.564448775056,3543.3125043499444,161768800
2022-06-10,3464.572021484375,3519.690212735263,3433.0759121981537,3519.690212735263,222410400
2022-06-13,3417.328125,3425.202152937788,3354.335901497696,3354.335901497696,164017200
2022-06-14,3433.07568359375,3472.445817579917,3385.8315228103497,3385.8315228103497,150381800
2022-06-15,3503.9423828125,3503.9423828125,3433.0761323735956,3433.0761323735956,160729900
2022-06-16,3488.1943359375,3566.9346144011006,3472.44628024478,3480.3203080911403,240023000
2022-06-17,3440.9501953125,3464.5722790331806,3425.2021394987128,3440.9501953125,185763100
2022-06-20,3464.572021484375,3472.4460488059303,3417.3278575550426,3464.572021484375,95058800
2022-06-21,3448.82373046875,3488.1938643782105,3448.82373046875,3488.1938643782105,103964600
2022-06-22,3401.579833984375,3472.446080525716,3393.7058065908923,3472.446080525716,106208500
2022-06-23,3393.705810546875,3433.0759475601794,3385.8317831442137,3385.8317831442137,127600700
2022-06-24,3417.328125,3425.202152937788,3393.706041186636,3401.580069124424,66083900
2022-06-27,3370.083984375,3409.454124379381,3362.209956374124,3393.7060683776285,152306100
2022-06-28,3385.83154296875,3409.45362350109,3370.0834892805233,3401.5795966569767,178535800
2022-06-29,3291.343505859375,3393.7058636971065,3291.343505859375,3370.0837811191686,228536100
2022-06-30,3267.7216796875,3322.8398766942773,3244.0995952560243,3244.0995952560243,239939100
2022-07-01,3259.847412109375,3307.0915775022645,3236.22532941293,3267.7214396748564,154659500
2022-07-04,3181.107177734375,3244.09939907565,3118.1149563931003,3220.477316072672,246853600
2022-07-05,3220.47705078125,3275.5952399144257,3181.106915686125,3181.106915686125,180648400
2022-07-06,3212.603271484375,3228.3513267367493,3165.3591057272515,3188.9811886058133,125309100
2022-07-07,3188.981201171875,3236.225367115162,3181.1071735146606,3181.1071735146606,172127500
2022-07-08,3307.091552734375,3307.091552734375,3188.9811401367188,3220.4772501627604,112914000
2022-07-11,3244.099365234375,3283.4695031619767,3228.3513100633345,3267.721447990936,80867700
2022-07-12,3236.225341796875,3259.8474245837137,3228.351314201262,3244.099369392488,56085200
2022-07-13,3196.85546875,3251.973666487069,3173.2333840055417,3236.2256099907636,165745200
2022-07-14,3204.729248046875,3220.4773033198326,3157.4850822280023,3157.4850822280023,188729700
2022-07-15,3236.225341796875,3244.099369392488,3188.981176223198,3196.855203818811,91362800
2022-07-18,3259.847412109375,3259.847412109375,3212.6032467164855,3236.22532941293,135284500
2022-07-19,3236.225341796875,3267.721452179326,3236.225341796875,3267.721452179326,122905900
2022-07-20,3385.83154296875,3385.83154296875,3275.595167151163,3291.3432208393897,220223600
2022-07-21,3393.705810546875,3393.705810546875,3330.713591325587,3385.8317831442137,130405400
2022-07-22,3362.20947265625,3409.4536338645344,3362.20947265625,3409.4536338645344,86561100
2022-07-25,3346.46142578125,3385.8315602022058,3346.46142578125,3346.46142578125,60952800
2022-07-26,3409.45361328125,3425.2016669222717,3354.335425537673,3362.209452358184,97709800
2022-07-27,3401.579833984375,3448.823998345269,3385.83177919741,3448.823998345269,88570800
2022-07-28,3433.07568359375,3464.5717907826834,3417.327629999283,3417.327629999283,136421400
2022-07-29,3433.07568359375,3488.1938711743833,3417.327629999283,3456.69776398545,228669400
2022-08-01,3433.07568359375,3472.445817579917,3409.4536032020496,3456.69776398545,200791700
2022-08-02,3464.572021484375,3464.572021484375,3385.8317482688212,3433.0759121981537,173931000
2022-08-03,3448.82373046875,3480.3198375963184,3425.2016501230733,3472.4458108144263,103412300
2022-08-04,3433.07568359375,3456.69776398545,3425.2016567965165,3448.8237371882165,120175700
2022-08-05,3433.07568359375,3464.5717907826834,3401.579576404816,3433.07568359375,168879400
2022-08-08,3440.9501953125,3464.5722790331806,3417.3281115918194,3433.076167405606,107242600
2022-08-09,3472.446044921875,3519.690208798363,3456.697990296379,3464.5720176091268,181747100
2022-08-10,3393.705810546875,3440.9499749628408,3385.8317831442137,3425.2019201575185,205341100
2022-08-11,3425.201416015625,3472.4455734779094,3417.327389771911,3448.823494746767,193329000
2022-08-12,3401.579833984375,3425.201916164822,3401.579833984375,3417.3278887713395,103916700
2022-08-15,3385.83154296875,3425.201677189317,3385.83154296875,3409.45362350109,135099400
2022-08-16,3370.083984375,3425.2021803811335,3362.209956374124,3425.2021803811335,205432400
2022-08-18,3409.45361328125,3417.327640101761,3393.705559640228,3409.45361328125,138795300
2022-08-19,3385.83154296875,3417.3276503452034,3385.83154296875,3417.3276503452034,84552100
2022-08-22,3362.20947265625,3409.4536338645344,3362.20947265625,3401.5796069964867,121124400
2022-08-23,3385.83154296875,3393.7055698128634,3354.3354355922966,3354.3354355922966,107799500
2022-08-24,3377.957763671875,3409.4538733564614,3370.0837362507286,3385.831791093022,75055900
2022-08-25,3362.20947265625,3385.831553260392,3362.20947265625,3370.083499524297,117653800
2022-08-26,3362.20947265625,3377.957526392345,3362.20947265625,3370.083499524297,87375200
2022-08-29,3346.46142578125,3362.2094795496323,3322.8393451286765,3346.46142578125,88409800
2022-08-30,3354.335693359375,3385.8318031561766,3346.4616659101744,3346.4616659101744,157219500
2022-08-31,3417.328125,3425.202152937788,3338.58784562212,3346.461873559908,191475700
2022-09-01,3456.6982421875,3456.6982421875,3393.7060190952448,3401.5800469817764,139929300
2022-09-02,3503.9423828125,3503.9423828125,3448.8241880266855,3472.44627150632,220616600
2022-09-05,3614.178466796875,3622.0524939576526,3480.3200050636574,3488.194032224435,261126600
2022-09-06,3590.556884765625,3692.9192520944694,3582.6828565095598,3677.1711955823394,188042700
2022-09-07,3511.816162109375,3582.682407533107,3511.816162109375,3551.186298455893,231936700
2022-09-08,3622.052490234375,3637.8005445397416,3527.564164402174,3527.564164402174,250373200
2022-09-09,3629.9267578125,3653.548840835141,3598.4306471156456,3653.548840835141,119286700
2022-09-12,3590.556884765625,3645.6750825580793,3590.5568847656245,3629.92702604595,97988000
2022-09-13,3606.3046875,3653.5488537117903,3590.5566320960697,3590.5566320960697,141828800
2022-09-14,3606.3046875,3629.926770605895,3551.1864935862445,3559.060521288209,149960600
2022-09-15,3629.9267578125,3700.793006880423,3614.1787024640726,3622.0527301382863,295664100
2022-09-16,3543.3125,3637.8008333333332,3543.3125,3629.926805555556,282492200
2022-09-19,3598.4306640625,3622.052747196389,3543.312470083424,3559.0605255060173,134432000
2022-09-20,3535.4384765625,3622.0527822243876,3535.4384765625,3598.4306988620547,138695500
2022-09-21,3582.682861328125,3582.682861328125,3519.6906351948833,3535.4386917281936,159976900
2022-09-22,3590.556884765625,3606.3049412777546,3543.312715229235,3543.312715229235,100425300
2022-09-23,3527.564208984375,3590.556427001953,3527.564208984375,3574.8083724975586,139074000
2022-09-26,3574.80810546875,3574.8081054687495,3472.445758836385,3527.5639454845814,280747500
2022-09-27,3566.934814453125,3582.682871029077,3527.5646730132453,3543.3127295891973,213704600
2022-09-28,3559.06005859375,3590.556165306969,3527.563951880531,3551.1860319154453,161815300
2022-09-29,3527.564208984375,3574.8083724975586,3511.8161544799805,3559.060317993164,169368600
2022-09-30,3535.4384765625,3551.186532137389,3472.4462542629453,3503.9423654127227,224229200
2022-10-03,3566.934814453125,3582.682871029077,3527.5646730132453,3543.3127295891973,159559600
2022-10-04,3653.549072265625,3661.423100438611,3590.5568468817346,3590.5568468817346,256367100
2022-10-05,3574.80810546875,3669.296425437087,3574.8081054687495,3669.296425437087,182246200
2022-10-06,3551.1865234375,3598.4306900464244,3551.1865234375,3574.808606741962,123346200
2022-10-07,3496.068115234375,3535.4382516671944,3488.1940879478107,3527.5642243806305,133678600
2022-10-10,3440.9501953125,3488.1943627538617,3417.3281115918194,3480.320334846968,193923600
2022-10-11,3488.1943359375,3488.1943359375,3440.95016885934,3456.69822455206,133742200
2022-10-12,3464.572021484375,3519.690212735263,3464.572021484375,3519.690212735263,128741800
2022-10-13,3425.201416015625,3480.3195997216235,3425.201416015625,3456.6975209904813,104269900
2022-10-14,3362.20947265625,3456.6977950728187,3362.20947265625,3448.8237682047716,180841100
2022-10-17,3385.83154296875,3401.5795966569767,3354.3354355922966,3362.20946243641,145506000
2022-10-18,3377.957763671875,3417.327900777608,3370.0837362507286,3370.0837362507286,161444100
2022-10-19,3385.83154296875,3417.3276503452034,3370.0834892805233,3370.0834892805233,81682300
2022-10-20,3456.6982421875,3464.5722700740316,3370.083935435649,3370.083935435649,149521700
2022-10-21,3488.1943359375,3511.8164194765804,3433.07614101298,3433.07614101298,165052200
2022-10-24,3543.3125,3574.808611111111,3488.1943055555557,3488.1943055555557,186997700
2022-10-25,3614.178466796875,3629.92652111843,3582.682358153765,3590.5563853145427,233948800
2022-10-26,3566.934814453125,3629.927040756933,3543.3127295891973,3622.053012468957,178298500
2022-10-27,3622.052490234375,3622.052490234375,3566.934300165591,3582.6823544709578,131385300
2022-10-28,3645.67431640625,3645.67431640625,3590.5561301970843,3622.052236602322,227256400
2022-10-31,3661.4228515625,3685.0449344758063,3645.674796286962,3645.674796286962,275184000
2022-11-01,3669.297119140625,3700.793231751274,3645.6750346826384,3692.919203598612,230590200
2022-11-02,3629.9267578125,3685.0449515319956,3598.4306471156456,3685.0449515319956,163816900
2022-11-03,3661.4228515625,3669.2968792002684,3614.178685735887,3645.674796286962,174423000
2022-11-04,3661.4228515625,3669.2968792002684,3629.9267410114244,3661.4228515625,85292300
2022-11-07,3692.9189453125,3692.9189453125,3629.926724496935,3661.4228349047175,112070500
2022-11-08,3637.80029296875,3692.918479225852,3629.9262663605923,3692.918479225852,80916300
2022-11-09,3661.4228515625,3661.4228515625,3622.052713373656,3622.052713373656,126493900
2022-11-10,3566.934814453125,3606.304955893005,3559.0607861651492,3590.556899317053,196277400
2022-11-11,3661.4228515625,3661.4228515625,3614.178685735887,3637.8007686491933,153238500
2022-11-14,3606.3046875,3653.5488537117903,3582.6826043941046,3637.80079830786,140187600
2022-11-15,3606.3046875,3629.926770605895,3590.5566320960697,3606.3046875,87986300
2022-11-16,3559.06005859375,3629.9262986984927,3535.4379785588358,3614.178245341883,245789200
2022-11-17,3677.1708984375,3677.1708984375,3543.312428901231,3559.060484140792,214514600
2022-11-18,3629.9267578125,3685.0449515319956,3629.9267578125,3677.170923857782,105313200
2022-11-21,3614.178466796875,3645.6745754399853,3590.5563853145427,3637.8005482792078,82279300
2022-11-22,3614.178466796875,3677.1706840830952,3598.4304124753203,3598.4304124753203,154866000
2022-11-23,3677.1708984375,3677.1708984375,3645.6747879583777,3653.548815578158,147280600
2022-11-24,3716.541015625,3732.2890707759534,3677.1708777476165,3700.7929604740466,156735700
2022-11-25,3740.1630859375,3740.1630859375,3692.9189206414476,3700.7929481907895,177861100
2022-11-28,3795.28125,3803.1552774896268,3724.415002593361,3724.415002593361,214611600
2022-11-29,3818.9033203125,3826.777347777062,3771.659155525129,3795.2812379188144,184916300
2022-11-30,3921.265625,3921.265625,3779.5331325301204,3787.407159889558,560639800
2022-12-01,3889.76953125,3956.6987640751518,3858.2734216852223,3937.0136955971657,267382600
2022-12-02,3850.399169921875,3881.895277651297,3826.7770891248083,3858.2731968542303,199981400
2022-12-05,3850.399169921875,3881.895277651297,3826.7770891248083,3866.147223786586,88463000
2022-12-06,3826.77734375,3850.3994261188273,3779.533179012346,3826.7773437500005,151325300
2022-12-07,3748.036376953125,3811.028584969144,3732.28832494912,3811.028584969144,253330100
2022-12-08,3811.02880859375,3811.0288085937495,3708.666464561273,3748.0365968814563,154313900
2022-12-09,3779.533447265625,3811.029559326172,3748.0373352050783,3803.1555313110352,203573100
2022-12-12,3818.9033203125,3818.9033203125,3748.0370731314433,3779.533182989691,139582400
2022-12-13,3913.391357421875,3921.2653842979753,3811.0290080325703,3834.651088660871,194233200
2022-12-14,3921.265625,3937.013679718875,3834.6513240461845,3937.013679718875,201275800
2022-12-15,3866.147705078125,3889.769788815873,3842.525621340377,3858.2736771655423,170702300
2022-12-16,3921.265625,3921.265625,3795.281187248996,3795.281187248996,594601900
2022-12-19,3913.391357421875,3921.2653842979753,3874.021223041373,3913.391357421875,82959800
2022-12-20,3866.147705078125,3913.3918725536214,3850.3996492529595,3881.8957609032905,78671600
2022-12-21,3850.399169921875,3889.7693045836527,3834.6511160571636,3866.147223786586,71277800
2022-12-22,3905.517578125,3913.391605500252,3858.273413873488,3866.14744124874,87321400
2022-12-23,3842.525146484375,3889.769308121478,3842.5251464843745,3874.0212542424433,53350600
2022-12-26,3881.896240234375,3881.896240234375,3850.400124694948,3858.2741535798045,43581100
2022-12-27,3834.651123046875,3897.6433386205404,3826.777096100167,3881.895284727124,74123800
2022-12-28,3795.28125,3842.5254149377593,3787.4072225103737,3834.651387448133,117912500
2022-12-29,3834.651123046875,3834.651123046875,3779.532934419918,3795.2809883133345,106690700
2022-12-30,3889.76953125,3897.643558641194,3834.6513395116394,3834.6513395116394,182091500
2023-01-02,3834.651123046875,3874.021257780416,3795.2809883133345,3866.147230833708,100200100
2023-01-03,3818.9033203125,3858.273457635309,3803.1552653833764,3803.1552653833764,95136500
2023-01-04,3755.9111328125,3818.9033530693137,3755.9111328125,3818.9033530693137,188071000
2023-01-05,3653.549072265625,3748.03741034146,3598.430875054721,3740.1633821684736,292142000
2023-01-06,3637.80029296875,3653.548346185065,3582.6821067116475,3582.6821067116475,175932000
2023-01-09,3614.178466796875,3653.548602600763,3582.682358153765,3606.304439636098,166164900
2023-01-10,3532.056640625,3643.6791981165347,3516.110560983352,3627.733118474887,282510000
2023-01-11,3492.19091796875,3532.056111096247,3476.2448407177512,3516.1100338452484,211610100
2023-01-12,3587.867919921875,3603.813999565972,3516.1105615234374,3571.921840277778,210887800
2023-01-13,3571.92138671875,3611.7865807669505,3524.0831538609095,3595.8405031476705,134592100
2023-01-16,3603.8134765625,3611.786515227461,3524.083089912887,3532.056128577848,172170900
2023-01-17,3635.706298828125,3651.652379086143,3595.84109818308,3603.8141383120887,150577400
2023-01-18,3667.597900390625,3683.5439782184103,3635.7057447350544,3635.7057447350544,178026000
2023-01-19,3675.5712890625,3691.5173684076735,3651.6521700447397,3659.6252097173265,117204100
2023-01-20,3707.46337890625,3723.4094579553093,3683.5442603326615,3691.517299857191,116038300
2023-01-24,3683.543701171875,3731.381931057224,3659.6245862292003,3715.4358544287743,81964700
2023-01-25,3635.706298828125,3683.544539602179,3627.733258699116,3683.544539602179,84009300
2023-01-26,3659.625,3683.544117647059,3627.7328431372553,3635.7058823529414,113840400
2023-01-27,3699.490478515625,3731.3826378131735,3667.5983192180765,3667.5983192180765,178282600
2023-01-30,3675.5712890625,3731.3825667706074,3643.679130372153,3707.463447752847,185972400
2023-01-31,3651.652099609375,3683.544257684566,3643.6790600905774,3675.571218165768,280039200
2023-02-01,3731.3818359375,3739.3548740484775,3683.5436072716343,3691.5166453826123,181849300
2023-02-02,3667.597900390625,3731.382211701766,3667.597900390625,3707.4630949600883,145413400
2023-02-03,3787.193603515625,3811.1127210115133,3691.5171335320724,3707.4632118626646,198479900
2023-02-06,3779.220947265625,3835.032227077564,3731.3827074268193,3811.1131071581617,141366300
2023-02-07,3787.193603515625,3819.0857601768093,3763.274486019737,3779.2205643503294,140923100
2023-02-08,3819.0859375,3819.0859375,3755.3016212160755,3755.3016212160755,168599500
2023-02-09,3835.031494140625,3858.950609488695,3803.1393403431975,3819.0854172419113,177400700
2023-02-10,3874.897216796875,3890.8432958783433,3803.139860930266,3858.9511377154063,181146600
2023-02-13,3827.05908203125,3906.789479573568,3827.05908203125,3906.789479573568,144569400
2023-02-14,3882.869873046875,3882.869873046875,3835.0316405247368,3843.0046792784265,120995200
2023-02-15,3882.869873046875,3898.8159505542544,3835.0316405247368,3898.8159505542544,84568100
2023-02-16,3882.869873046875,3898.8159505542544,3866.9237955394956,3898.8159505542544,69966200
2023-02-17,3890.843017578125,3898.816056548572,3850.97782272589,3898.816056548572,104019300
2023-02-20,3890.843017578125,3906.7890955190187,3858.950861696337,3906.7890955190187,88432500
2023-02-21,3843.0048828125,3890.843117868257,3843.0048828125,3890.843117868257,59319100
2023-02-22,3795.166015625,3835.0312048647584,3771.246902081145,3819.085129168855,107327900
2023-02-23,3827.05908203125,3835.0321217854816,3771.2478037516275,3835.0321217854816,139144500
2023-02-24,3795.166015625,3858.9503184086134,3795.166015625,3827.0581670168067,46409300
2023-02-27,3835.031494140625,3835.031494140625,3795.1663018938407,3811.1123787925544,89918800
2023-02-28,3723.409423828125,3819.08589724555,3723.409423828125,3795.1667788911936,273125500
2023-03-01,3763.274658203125,3787.193776793399,3747.3285791429425,3771.2476977332167,115578600
2023-03-02,3811.11279296875,3811.11279296875,3763.2745570737447,3787.1936750212476,59377900
2023-03-03,3795.166015625,3827.0581670168067,3771.246902081145,3827.0581670168067,84777000
2023-03-06,3819.0859375,3827.058977035491,3811.1128979645096,3819.0859375,78292000
2023-03-07,3858.950439453125,3866.9234775511686,3803.1391727668192,3803.1391727668192,111953700
2023-03-08,3858.950439453125,3866.9234775511686,3843.0043632570378,3866.9234775511686,125766100
2023-03-09,3835.031494140625,3882.8697248367657,3835.031494140625,3874.896686387409,79549800
2023-03-10,3843.0048828125,3850.9779219884595,3827.0588044605806,3843.0048828125,125140500
2023-03-13,3850.97802734375,3882.8701849200957,3803.1397909792313,3835.031948555577,106769300
2023-03-14,3755.301513671875,3819.0858281291466,3739.355435057557,3803.1397495148285,192444400
2023-03-15,3747.328125,3803.1393949468084,3747.328125,3795.166356382979,107761200
2023-03-16,3771.247802734375,3787.1938822385373,3699.490444965645,3747.3286834781316,155984500
2023-03-17,3906.7890625,3906.7890625,3787.193478954082,3803.1395567602044,267753300
2023-03-20,3890.843017578125,3890.843017578125,3843.004783755443,3858.950861696337,113829400
2023-03-21,3906.7890625,3922.7351403061225,3858.950829081633,3882.8699457908165,214639300
2023-03-24,3991.490478515625,4033.3300013512185,3949.650955680031,3974.7546693813874,266103900
2023-03-27,3966.386962890625,4008.2264878156316,3949.6511529206223,3974.7548678756266,144925200
2023-03-28,3991.490478515625,3999.8583830827433,3966.3867648142686,3966.3867648142686,105217100
2023-03-29,4024.961669921875,4033.329573601546,3991.49005520319,4016.593766242204,141800500
2023-03-30,3974.75439453125,4024.9618184621713,3966.386490542763,4024.9618184621713,98847200
2023-03-31,3958.01904296875,3974.7548528755947,3941.283233061906,3958.01904296875,161561800
2023-04-03,4016.59423828125,4016.59423828125,3983.1226196289062,3991.490524291992,133511700
2023-04-04,4033.329833984375,4033.329833984375,3983.1224086650673,4016.5940255446058,88097800
2023-04-05,4041.69775390625,4083.5372751682194,4016.5940411490683,4024.961945401462,119316500
2023-04-06,4050.065185546875,4066.8009920987215,4033.3293789950285,4066.8009920987215,88012300
2023-04-10,4066.801513671875,4066.801513671875,4033.3298962753984,4066.801513671875,58886800
2023-04-11,4083.537109375,4091.9050132876537,4041.697589811731,4066.801301549692,67275600
2023-04-12,4125.37744140625,4142.113252527573,4091.905819163603,4142.113252527573,194839900
2023-04-13,4167.21630859375,4183.952117061998,4125.37678742313,4142.112595891378,141279800
2023-04-14,4246.71142578125,4267.631186499384,4183.952143626847,4225.791665063116,190097200
2023-04-17,4175.58447265625,4246.7116630722385,4150.480758391784,4246.7116630722385,121231300
2023-04-18,4142.1123046875,4204.87158203125,4142.1123046875,4175.583919270834,95747700
2023-04-26,4204.8720703125,4309.470878031717,4125.376976445896,4309.470878031717,273336000
2023-04-27,4309.47021484375,4309.47021484375,4175.583761567051,4175.583761567051,125947200
2023-04-28,4267.630859375,4414.069173177083,4267.630859375,4330.39013671875,251912000
2023-05-02,4309.47021484375,4330.389973168234,4225.791181545813,4330.389973168234,84246100
2023-05-03,4267.630859375,4372.229654947917,4225.791341145833,4372.229654947917,183524700
2023-05-04,4309.47021484375,4330.389973168234,4246.710939870297,4309.47021484375,140482000
2023-05-05,4372.22998046875,4393.149741140849,4288.550937780353,4372.22998046875,182599600
2023-05-08,4267.630859375,4393.1494140625,4225.791341145833,4393.1494140625,107804200
2023-05-09,4288.55029296875,4288.55029296875,4204.871262862042,4225.7910203887195,102987300
2023-05-10,4309.47021484375,4309.47021484375,4225.791181545813,4246.710939870297,108369600
2023-05-11,4309.47021484375,4330.389973168234,4267.630698194781,4330.389973168234,85618800
2023-05-12,4309.47021484375,4330.389973168234,4267.630698194781,4267.630698194781,92625800
2023-05-15,4309.47021484375,4330.389973168234,4204.871423221329,4309.47021484375,163732600
2023-05-16,4351.310546875,4351.310546875,4267.631497896635,4330.390784630409,73611200
2023-05-17,4351.310546875,4393.150071364183,4330.390784630409,4393.150071364183,115834500
2023-05-19,4518.66845703125,4560.50797978154,4351.310366030093,4372.230127405238,185672200
2023-05-22,4539.587890625,4602.3471702188945,4434.9890913018435,4434.9890913018435,162655900
2023-05-23,4602.34765625,4686.026704545455,4581.427894176137,4581.427894176137,255251600
2023-05-24,4686.02685546875,4686.02685546875,4560.50827898298,4623.267567225865,187436100
2023-05-25,4581.42724609375,4665.106282552083,4560.507486979167,4602.347005208333,224391900
2023-05-26,4686.02685546875,4686.02685546875,4539.588516235352,4539.588516235352,154003100
2023-05-29,4644.18701171875,4706.946295660895,4581.427727776605,4686.026534346847,125049100
2023-05-30,4602.34765625,4686.026704545455,4602.34765625,4602.34765625,67363200
2023-05-31,4665.1064453125,4665.1064453125,4497.748366556894,4665.1064453125,898453700
2023-06-05,4539.587890625,4686.0262096774195,4539.587890625,4686.0262096774195,255472600
2023-06-06,4560.5078125,4602.3473337155965,4476.828770068808,4518.6682912844035,92019300
2023-06-07,4518.66845703125,4581.4277411566845,4476.828934280961,4581.4277411566845,150377000
2023-06-08,4581.42724609375,4581.42724609375,4476.828450520833,4497.748209635417,92794100
2023-06-09,4539.587890625,4560.5076504896315,4497.748370895738,4539.587890625,77251000
2023-06-12,4518.66845703125,4518.66845703125,4497.748695656105,4518.66845703125,92314200
2023-06-13,4644.18701171875,4644.18701171875,4518.668443834459,4518.668443834459,108831400
2023-06-14,4644.18701171875,4665.106773032799,4581.427727776605,4665.106773032799,79137600
2023-06-15,4623.267578125,4623.267578125,4560.508289734163,4581.428052531109,74388400
2023-06-16,4644.18701171875,4644.18701171875,4518.668443834459,4581.427727776605,189062600
2023-06-19,4623.267578125,4623.267578125,4560.508289734163,4602.347815328054,55144200
2023-06-20,4644.18701171875,4644.18701171875,4581.427727776605,4581.427727776605,102926800
2023-06-21,4665.1064453125,4665.1064453125,4602.347165779148,4602.347165779148,84605400
2023-06-22,4581.42724609375,4686.026041666667,4581.42724609375,4644.1865234375,94143200
2023-06-23,4518.66845703125,4581.4277411566845,4518.66845703125,4539.588218406395,123350300
2023-06-26,4560.5078125,4581.427573107799,4497.748530676606,4539.588051892202,85472100
2023-06-27,4539.587890625,4602.3471702188945,4539.587890625,4560.5076504896315,110716500
2023-07-03,4581.42724609375,4644.1865234375,4560.507486979167,4602.347005208333,168559800
2023-07-04,4560.5078125,4602.3473337155965,4539.588051892202,4602.3473337155965,94462600
2023-07-05,4560.5078125,4560.5078125,4518.6682912844035,4518.6682912844035,109632800
2023-07-06,4539.587890625,4581.427410354263,4518.6681307603685,4560.5076504896315,109446200
2023-07-07,4497.7490234375,4539.588549236919,4497.7490234375,4518.668786337209,114043800
2023-07-10,4518.66845703125,4602.347502531829,4518.66845703125,4539.588218406395,78972100
2023-07-11,4539.587890625,4560.5076504896315,4497.748370895738,4497.748370895738,122094700
2023-07-12,4560.5078125,4581.427573107799,4539.588051892202,4560.5078125,104993700
2023-07-13,4560.5078125,4581.427573107799,4539.588051892202,4539.588051892202,134905700
2023-07-14,4623.267578125,4623.267578125,4539.5885269372175,4560.508289734163,127814200
2023-07-17,4665.1064453125,4706.945965001401,4623.266925623599,4644.186685468049,166951300
2023-07-18,4706.9462890625,4769.705572916667,4686.026527777778,4706.9462890625,120810300
2023-07-20,4706.9462890625,4727.866050347222,4644.187005208333,4665.106766493055,111117300
2023-07-21,4706.9462890625,4706.9462890625,4665.106766493055,4686.026527777778,63094600
2023-07-24,4686.02685546875,4727.866380964007,4686.02685546875,4686.02685546875,62962500
2023-07-25,4727.86572265625,4769.705242325775,4706.945962821488,4706.945962821488,111248100
2023-07-26,4748.78564453125,4769.705405079846,4727.865883982654,4769.705405079846,76200300
2023-07-27,4727.86572265625,4811.544761995299,4727.86572265625,4748.785482491013,109859200
2023-07-28,4769.705078125,4769.705078125,4706.94580078125,4706.94580078125,74036700
2023-07-31,4727.86572265625,4769.705242325775,4727.86572265625,4769.705242325775,186727400
2023-08-01,4769.705078125,4811.544596354167,4727.865559895833,4727.865559895833,100137500
2023-08-02,4769.705078125,4790.624837239583,4727.865559895833,4727.865559895833,90611300
2023-08-03,4769.705078125,4811.544596354167,4727.865559895833,4748.785319010417,82775000
2023-08-04,4665.1064453125,4790.625004379204,4665.1064453125,4769.705244534754,150738500
2023-08-07,4769.705078125,4790.624837239583,4665.106282552083,4686.026041666667,88104900
2023-08-08,4706.9462890625,4811.545095486111,4686.026527777778,4769.705572916667,89189600
2023-08-09,4769.705078125,4790.624837239583,4706.94580078125,4727.865559895833,91930000
2023-08-10,4769.705078125,4790.624837239583,4748.785319010417,4748.785319010417,85474200
2023-08-11,4727.86572265625,4769.705242325775,4727.86572265625,4748.785482491013,74321000
2023-08-14,4727.86572265625,4748.785482491013,4665.1064431519635,4727.86572265625,127358400
2023-08-15,4665.1064453125,4748.785484690303,4665.1064453125,4727.865724845852,89597300
2023-08-16,4623.267578125,4665.107103718891,4560.508289734163,4644.187340921946,188191900
2023-08-18,4665.1064453125,4686.026205156951,4602.347165779148,4602.347165779148,121561200
2023-08-21,4602.34765625,4665.1069424715915,4602.34765625,4644.187180397727,91640000
2023-08-22,4665.1064453125,4706.945965001401,4602.347165779148,4602.347165779148,101221500
2023-08-23,4686.02685546875,4706.946618216379,4665.107092721121,4686.02685546875,78686900
2023-08-24,4644.18701171875,4706.946295660895,4644.18701171875,4706.946295660895,74407500
2023-08-25,4686.02685546875,4686.02685546875,4623.267567225865,4644.187329973493,65096500
2023-08-28,4644.18701171875,4706.946295660895,4644.18701171875,4686.026534346847,37126600
2023-08-29,4686.02685546875,4686.02685546875,4623.267567225865,4623.267567225865,57547200
2023-08-30,4623.267578125,4686.026866515837,4602.347815328054,4686.026866515837,171282700
2023-08-31,4644.18701171875,4644.18701171875,4581.427727776605,4623.267250404701,175088200
2023-09-01,4665.1064453125,4686.026205156951,4623.266925623599,4686.026205156951,87366100
2023-09-04,4706.9462890625,4706.9462890625,4665.106766493055,4686.026527777778,43898200
2023-09-05,4706.9462890625,4727.866050347222,4686.026527777778,4706.9462890625,72464300
2023-09-06,4665.1064453125,4727.865724845852,4665.1064453125,4706.945965001401,106367800
2023-09-07,4560.5078125,4644.186854931193,4560.5078125,4623.267094323394,157998600
2023-09-08,4476.82861328125,4560.507652781834,4434.989093530958,4539.587892906688,243324500
2023-09-11,4539.587890625,4539.587890625,4434.9890913018435,4476.828611031106,80474100
2023-09-12,4497.7490234375,4581.428075036337,4497.7490234375,4560.508312136628,121654400
2023-09-13,4518.66845703125,4539.588218406395,4476.828934280961,4476.828934280961,59408000
2023-09-14,4539.587890625,4539.587890625,4455.908851166475,4455.908851166475,76831700
2023-09-15,4497.7490234375,4560.508312136628,4497.7490234375,4518.668786337209,141455400
2023-09-18,4455.9091796875,4518.668463908451,4434.9894182805165,4476.8289410944835,61329000
2023-09-19,4497.7490234375,4497.7490234375,4434.989734738372,4455.909497638081,50612700
2023-09-20,4497.7490234375,4560.508312136628,4476.82926053779,4476.82926053779,98710100
2023-09-21,4476.82861328125,4539.587892906688,4476.82861328125,4539.587892906688,68584900
2023-09-22,4476.82861328125,4539.587892906688,4476.82861328125,4476.82861328125,83184100
2023-09-25,4434.98974609375,4476.829272000295,4351.310694280661,4455.909509047023,120196700
2023-09-26,4351.310546875,4414.069833608774,4351.310546875,4393.150071364183,180280600
2023-09-27,4372.22998046875,4434.989262485048,4330.390459124552,4330.390459124552,119774700
2023-09-29,4372.22998046875,4455.909023157147,4372.22998046875,4434.989262485048,140331100
2023-10-02,4393.150390625,4434.989918154762,4393.150390625,4393.150390625,81674600
2023-10-03,4414.06982421875,4434.989586418838,4393.150062018661,4393.150062018661,54462700
2023-10-04,4393.150390625,4414.070154389881,4351.310863095238,4393.150390625,121445000
2023-10-05,4330.39013671875,4414.069173177083,4330.39013671875,4393.1494140625,116814800
2023-10-06,4330.39013671875,4393.1494140625,4330.39013671875,4351.309895833333,70202300
2023-10-09,4288.55029296875,4372.229323075458,4288.55029296875,4351.3095655487805,144477000
2023-10-10,4330.39013671875,4393.1494140625,4288.550618489583,4288.550618489583,98457000
2023-10-11,4393.150390625,4414.070154389881,4309.471335565476,4309.471335565476,100394800
2023-10-12,4434.98974609375,4497.749034953567,4414.069983140477,4434.98974609375,174022400
2023-10-13,4414.06982421875,4455.909348618928,4393.150062018661,4414.06982421875,84648800
2023-10-16,4393.150390625,4455.909681919643,4393.150390625,4455.909681919643,45782300
2023-10-17,4309.47021484375,4414.069006466171,4309.47021484375,4393.149248141686,127287200
2023-10-18,4309.47021484375,4372.229489817202,4288.550456519266,4288.550456519266,77217600
2023-10-19,4183.951171875,4309.46970703125,4183.951171875,4267.6301953125,195831400
2023-10-20,4225.79150390625,4267.631023746906,4150.48036819307,4167.216176129332,173353600
2023-10-23,4183.951171875,4246.710439453125,4175.58326953125,4183.951171875,82756100
2023-10-24,4267.630859375,4267.630859375,4142.1123046875,4183.951822916667,104021500
2023-10-25,4330.39013671875,4351.309895833333,4267.630859375,4267.630859375,142215000
2023-10-26,4117.00830078125,4330.389828565644,4117.00830078125,4330.389828565644,330618800
2023-10-27,4183.951171875,4225.79068359375,4133.7437578125,4142.11166015625,129599800
2023-10-30,4183.951171875,4204.870927734375,4158.84746484375,4167.2153671875,108523700
2023-10-31,4150.48046875,4183.952085433468,4150.48046875,4167.216277091734,106760300
2023-11-01,4041.69775390625,4150.48050918737,4041.6977539062495,4117.008892177795,191567200
2023-11-02,4183.951171875,4246.710439453125,4108.64005078125,4133.7437578125,208075400
2023-11-03,4267.630859375,4330.39013671875,4204.87158203125,4204.87158203125,125504000
2023-11-06,4351.310546875,4351.310546875,4267.631497896635,4267.631497896635,122333800
2023-11-07,4393.150390625,4414.070154389881,4330.391099330357,4372.230626860119,137039400
2023-11-08,4372.22998046875,4393.149741140849,4330.390459124552,4351.310219796651,86713700
2023-11-09,4351.310546875,4414.069833608774,4351.310546875,4372.230309119592,66236400
2023-11-10,4246.71142578125,4309.470707935653,4225.791665063116,4309.470707935653,113811900
2023-11-13,4204.8720703125,4288.5511164878735,4204.8720703125,4246.711593400187,63126900
2023-11-14,4246.71142578125,4288.550947217518,4225.791665063116,4246.71142578125,85419500
2023-11-15,4393.150390625,4434.989918154762,4330.391099330357,4351.310863095238,193790400
2023-11-16,4393.150390625,4414.070154389881,4330.391099330357,4414.070154389881,99488800
2023-11-17,4372.22998046875,4393.149741140849,4330.390459124552,4330.390459124552,70727500
2023-11-20,4393.150390625,4414.070154389881,4330.391099330357,4330.391099330357,54123600
2023-11-21,4351.310546875,4393.150071364183,4330.390784630409,4372.230309119592,104110500
2023-11-22,4414.06982421875,4434.989586418838,4330.390775418395,4330.390775418395,103585500
2023-11-23,4476.82861328125,4518.668133031541,4434.989093530958,4455.908853406104,174572400
2023-11-24,4518.66845703125,4560.50797978154,4497.748695656105,4518.66845703125,92571400
2023-11-27,4476.82861328125,4560.507652781834,4476.82861328125,4539.587892906688,76019100
2023-11-28,4476.82861328125,4539.587892906688,4455.908853406104,4455.908853406104,147993400
2023-11-29,4434.98974609375,4497.749034953567,4434.98974609375,4476.829272000295,106197800
2023-11-30,4414.06982421875,4497.748873019105,4414.06982421875,4497.748873019105,224426400
2023-12-01,4476.82861328125,4497.748373156396,4414.0693336558115,4414.0693336558115,99499500
2023-12-04,4602.34765625,4665.1069424715915,4560.508132102273,4560.508132102273,235595700
2023-12-05,4560.5078125,4602.3473337155965,4539.588051892202,4539.588051892202,114689900
2023-12-06,4539.587890625,4560.5076504896315,4518.6681307603685,4539.587890625,119716700
2023-12-07,4581.42724609375,4581.42724609375,4518.66796875,4518.66796875,102126600
2023-12-08,4497.7490234375,4560.508312136628,4497.7490234375,4539.588549236919,130542600
2023-12-11,4434.98974609375,4497.749034953567,4434.98974609375,4455.909509047023,124468600
2023-12-12,4455.9091796875,4518.668463908451,4455.9091796875,4497.748702501467,134501600
2023-12-13,4434.98974609375,4476.829272000295,4414.069983140477,4434.98974609375,98881600
2023-12-14,4644.18701171875,4644.18701171875,4539.588205148508,4560.507966462556,239261700
2023-12-15,4644.18701171875,4686.026534346847,4644.18701171875,4665.106773032799,252448800
2023-12-18,4602.34765625,4665.1069424715915,4602.34765625,4665.1069424715915,102780900
2023-12-19,4644.18701171875,4644.18701171875,4560.507966462556,4560.507966462556,135207300
2023-12-20,4644.18701171875,4769.705579603041,4644.18701171875,4769.705579603041,138470900
2023-12-21,4665.1064453125,4686.026205156951,4623.266925623599,4644.186685468049,99049600
2023-12-22,4748.78564453125,4769.705405079846,4686.026362885463,4727.865883982654,109411300
2023-12-27,4706.9462890625,4790.625334201389,4706.9462890625,4769.705572916667,122236700
2023-12-28,4790.62548828125,4811.54525023881,4748.7859643661295,4769.70572632369,121434600
2023-12-29,4790.62548828125,4811.54525023881,4748.7859643661295,4811.54525023881,93126000
2024-01-02,4819.50048828125,4819.50048828125,4777.037928913133,4798.269208597192,91143100
2024-01-03,4755.80615234375,4798.268707275391,4755.80615234375,4777.03742980957,83659700
2024-01-04,4840.7314453125,4840.7314453125,4734.5750539679275,4755.8063322368425,92683500
2024-01-05,4883.19384765625,4968.118958050271,4840.731292459239,4861.962570057744,134929600
2024-01-08,4777.03759765625,4925.656545138889,4777.03759765625,4883.193988715278,152015000
2024-01-09,4840.7314453125,4840.7314453125,4777.037610505757,4777.037610505757,105666200
2024-01-10,4840.7314453125,4840.7314453125,4777.037610505757,4777.037610505757,82626400
2024-01-11,4883.19384765625,4925.656402853261,4840.731292459239,4883.19384765625,116804400
2024-01-12,4968.119140625,4968.119140625,4904.425305488782,4925.6565838675215,109715700
2024-01-15,4946.8876953125,5010.581528299356,4904.4251399879295,4968.118972974786,115126700
2024-01-16,4946.8876953125,4989.3502506370705,4904.4251399879295,4946.8876953125,97074300
2024-01-17,4904.42529296875,4946.88784961783,4883.19401464421,4946.88784961783,107941600
2024-01-18,4883.19384765625,4925.656402853261,4840.731292459239,4925.656402853261,87259100
2024-01-19,4925.65625,4925.65625,4840.7311422413795,4883.193696120689,75370700
2024-01-22,4904.42529296875,4925.65657129329,4840.73145799513,4904.42529296875,97545600
2024-01-23,4840.7314453125,4883.194001850329,4798.268888774672,4840.7314453125,122999700
2024-01-24,4798.2685546875,4840.731108268806,4734.574724315542,4819.499831478153,104225000
2024-01-25,4692.1123046875,4798.26869167138,4692.1123046875,4734.574859481052,120478800
2024-01-26,4607.1875,4649.650057603687,4585.9562211981565,4628.4187788018435,185244400
2024-01-29,4734.57470703125,4734.57470703125,4585.955770039238,4585.955770039238,145629600
2024-01-30,4777.03759765625,4798.268875868055,4649.649928385416,4692.112484809028,150513700
2024-01-31,4840.7314453125,4904.425280119243,4819.500167043586,4861.962723581415,245117200
2024-02-01,4883.19384765625,4925.656402853261,4861.962570057744,4904.425125254756,156633900
2024-02-02,4968.119140625,4968.119140625,4883.194027110043,4925.6565838675215,177209700
2024-02-05,4904.42529296875,4946.88784961783,4883.19401464421,4925.65657129329,113760000
2024-02-06,4946.8876953125,5010.581528299356,4925.656417650214,5010.581528299356,126704300
2024-02-07,4968.119140625,5010.5816973824785,4946.887862246261,4968.119140625,147005300
2024-02-12,5116.73779296875,5116.73779296875,4968.118852924014,4989.350130073262,171514600
2024-02-13,5095.50634765625,5137.9689005533855,5053.0437947591145,5137.9689005533855,145852200
2024-02-15,5201.66259765625,5329.050253109056,5180.431321747449,5329.050253109056,308685100
2024-02-16,5222.89404296875,5265.356596163618,5201.662766371316,5222.89404296875,130814400
2024-02-19,5180.43115234375,5244.124977987321,5159.1998771292265,5201.6624275582735,111382900
2024-02-20,5350.28173828125,5350.28173828125,5244.125354585194,5244.125354585194,160872600
2024-02-21,5350.28173828125,5413.975568498884,5286.587908063616,5371.513015020461,168423000
2024-02-22,5307.81884765625,5350.281398437501,5286.587572265626,5307.81884765625,100256000
2024-02-23,5201.66259765625,5244.125149473852,5137.9687699298465,5201.66259765625,148643000
2024-02-26,5244.125,5265.356275303643,5159.199898785425,5180.431174089069,98920800
2024-02-27,5201.66259765625,5265.356425382653,5201.66259765625,5201.66259765625,99187500
2024-02-28,5286.587890625,5286.587890625,5180.431507279117,5180.431507279117,97236700
2024-02-29,5201.66259765625,5265.356425382653,5201.66259765625,5222.893873565051,173774600
2024-03-01,5201.66259765625,5244.125149473852,5159.200045838648,5244.125149473852,76286400
2024-03-04,5137.96875,5201.662577479338,5137.96875,5201.662577479338,70354900
2024-03-05,5201.66259765625,5244.125149473852,5159.200045838648,5180.431321747449,115084600
2024-03-06,5265.35693359375,5265.35693359375,5180.431821761593,5180.431821761593,84108800
2024-03-07,5286.587890625,5329.050443963353,5265.356613955823,5265.356613955823,117724700
2024-03-08,5392.744140625,5435.206692913385,5307.819036048228,5329.050312192421,163060000
2024-03-13,5435.20703125,5477.669586181641,5392.744476318359,5392.744476318359,195173100
2024-03-14,5421.982421875,5466.063579776423,5333.820106072154,5444.023000825711,271254000
2024-03-15,5267.6982421875,5355.8605558642785,5245.657663768306,5289.738820606695,305995800
2024-03-18,5289.73876953125,5377.901082356771,5267.69819132487,5289.73876953125,110564700
2024-03-19,5289.73876953125,5333.819925944011,5267.69819132487,5289.73876953125,114338600
2024-03-20,5377.90087890625,5377.90087890625,5289.738569415983,5289.738569415983,120885400
2024-03-21,5377.90087890625,5466.063188396516,5377.90087890625,5444.022611023949,136020000
2024-03-22,5399.94189453125,5399.94189453125,5333.820157047194,5333.820157047194,46529200
2024-03-25,5510.14453125,5510.14453125,5399.941640624999,5510.14453125,115729600
2024-03-26,5554.22607421875,5554.22607421875,5466.063755580357,5554.22607421875,120748400
2024-03-27,5510.14453125,5576.2662656249995,5488.103953125,5554.225687499999,73308900
2024-03-28,5333.81982421875,5466.063290934918,5311.779246432722,5377.900979790806,288926900
2024-04-01,5223.6171875,5311.779502900844,5135.454872099156,5289.738924050633,217207800
2024-04-02,5003.2119140625,5245.658306373899,4959.130751824064,5157.4959818970265,412180900
2024-04-03,4959.13037109375,5003.2115299479165,4870.968053385417,4915.0492122395835,333518700
2024-04-04,5025.251953125,5069.3331106085525,4981.1707956414475,4981.1707956414475,131936100
2024-04-05,4981.1708984375,5025.252056830752,4959.130319240874,4959.130319240874,178817800
2024-04-16,4716.68408203125,4915.0493004344335,4716.68408203125,4738.724661853826,600717500
2024-04-17,4672.6025390625,4848.927163178066,4672.6025390625,4826.88658516362,244002000
2024-04-18,4826.88671875,4848.927297374429,4672.602668378996,4672.602668378996,247410700
2024-04-19,4650.56201171875,4738.724324737114,4628.521433464159,4716.683746482523,258211500
2024-04-22,4672.6025390625,4694.643117076946,4540.3590709758255,4584.440227004717,342282800
2024-04-23,4672.6025390625,4760.764851120283,4606.480805019163,4716.683695091391,281403100
2024-04-24,4606.48095703125,4716.683850740132,4540.359220805921,4628.521535773026,471241400
2024-04-25,4540.359375,4584.440533980583,4452.197057038835,4518.318795509709,479170900
2024-04-26,4258.23974609375,4496.277992769798,4258.23974609375,4452.196835977938,782589900
2024-04-29,4205.34228515625,4311.13705962559,4125.996204304245,4143.628666715802,700644800
2024-04-30,4355.21826171875,4452.1968060080335,4249.42348613044,4275.872180027518,565609200
2024-05-02,4196.5263671875,4337.586077008928,4143.628976004465,4328.76984514509,636922100
2024-05-03,4187.7099609375,4258.239812911184,4152.445034950658,4196.52619243421,321697200
2024-05-06,4222.97509765625,4267.05625733951,4170.077706036339,4231.791329592902,262707400
2024-05-07,4117.1796875,4214.158224036402,4117.1796875,4205.341993442184,304013600
2024-05-08,4125.99609375,4178.893479567308,4029.017553084936,4099.547400841346,572275800
2024-05-13,4125.99609375,4143.6285556891025,4081.9149389022436,4099.547400841346,320067100
2024-05-14,4170.07763671875,4240.607491039575,4143.628941348441,4161.261404928647,341458900
2024-05-15,4249.42333984375,4293.504494821382,4196.525953870591,4214.158415861644,298990300
2024-05-16,4267.056640625,4372.851433367769,4267.056640625,4346.402735182077,371295000
2024-05-17,4337.58544921875,4372.850371570122,4249.42314334032,4267.0556045160065,208991800
2024-05-20,4249.42333984375,4452.196652740859,4249.42333984375,4399.299266767699,335150700
2024-05-21,4125.99609375,4293.504482171475,4125.99609375,4240.607096354167,271568800
2024-05-22,4161.26123046875,4205.342387571173,4099.547610525357,4099.547610525357,215066000
2024-05-27,4011.38525390625,4161.26118646978,4011.38525390625,4143.628723815247,363719300
2024-05-28,3993.752685546875,4081.9149964860994,3984.936454452952,4037.833841016487,258070200
2024-05-29,3887.958251953125,3967.3043387276784,3879.142020089286,3949.671875,465008500
2024-05-30,3861.509521484375,3949.671839326484,3799.795898994899,3879.141985052797,502927800
2024-05-31,3826.24462890625,3940.855643136161,3817.428397042411,3905.5907156808034,655144100
2024-06-03,3993.752685546875,4020.201378828642,3879.141681325883,3905.59037460765,345770100
2024-06-04,3923.222900390625,4046.6501377062855,3923.222900390625,4020.2014439957866,332902200
2024-06-05,3879.1416015625,3967.3039106889205,3879.1416015625,3967.3039106889205,240788500
2024-06-06,3967.303955078125,3967.303955078125,3870.325413953993,3923.2228000217015,281534200
2024-06-07,3835.06103515625,3967.3045191271553,3835.06103515625,3958.488286862428,375439600
2024-06-10,3879.1416015625,3905.590294300426,3808.611754261364,3835.06044699929,181387000
2024-06-11,3826.24462890625,3914.4069475446427,3826.24462890625,3861.509556361607,197854400
2024-06-12,3835.06103515625,3843.877267420977,3799.796106097342,3826.2448028915232,187332500
2024-06-13,3799.7958984375,3896.774448049594,3790.979666654582,3879.1419844837583,238349600
2024-06-14,3685.184814453125,3808.612057042464,3676.3685828396005,3790.9795938154157,358893200
2024-06-19,3614.65478515625,3738.082021722561,3605.838553972942,3614.65478515625,410338400
2024-06-20,3764.53076171875,3764.53076171875,3641.1035236296107,3641.1035236296107,387133400
2024-06-21,3914.406982421875,3958.488142133833,3755.714807458826,3773.347271343609,532713300
2024-06-24,3879.1416015625,3976.1201416015624,3879.1416015625,3914.406525213068,303830800
2024-06-25,3861.509521484375,3879.141985052797,3773.347203642266,3808.6121307791095,383572500
2024-06-26,3852.693115234375,3905.5905035442293,3835.0606524644236,3870.3255780043264,150303400
2024-06-27,3932.0390625,3967.303986827354,3861.5092138452915,3887.957907090807,299430600
2024-06-28,4055.46630859375,4090.731233016304,4037.8338463824725,4046.6500774881115,581319300
2024-07-01,4081.915283203125,4117.180210055852,4020.201661210853,4081.915283203125,261421200
2024-07-02,4029.017822265625,4081.9152116170335,4029.017822265625,4064.2827484998975,234403100
2024-07-03,4055.46630859375,4090.731233016304,4020.2013841711955,4081.9150019106655,176310400
2024-07-04,4222.97509765625,4258.240025402858,4108.364082479776,4125.99654635308,422261500
2024-07-05,4231.791015625,4293.504634602865,4222.974784342448,4275.872172037761,218278000
2024-07-08,4187.7099609375,4258.239812911184,4178.89372944079,4231.7911184210525,222042100
2024-07-09,4293.5048828125,4346.402273565837,4187.710101305826,4214.1587966824945,291320400
2024-07-10,4275.8720703125,4337.585687822165,4267.055839239691,4293.504532458119,167619700
2024-07-11,4267.056640625,4337.586502453512,4267.056640625,4328.770269724949,170461300
2024-07-12,4319.95361328125,4390.483468191965,4302.321149553572,4381.667236328125,301125400
2024-07-15,4249.42333984375,4346.40188079454,4240.607108848223,4337.585649799014,188713000
2024-07-16,4170.07763671875,4267.056186409884,4170.07763671875,4249.423722829677,189271400
2024-07-17,4196.5263671875,4240.607526506697,4161.261439732143,4187.71013532366,263325400
2024-07-18,4311.13720703125,4311.13720703125,4187.709965930151,4196.5261974373725,296614900
2024-07-19,4319.95361328125,4328.76984514509,4275.872453962053,4293.504917689732,135104800
2024-07-22,4328.77001953125,4355.218716188264,4302.321322874236,4337.586251750255,140128300
2024-07-23,4222.97509765625,4328.769880896073,4214.158865719598,4319.953648959421,170919500
2024-07-24,4214.15869140625,4231.791154550209,4196.526228262291,4205.342459834271,116037600
2024-07-25,4143.62890625,4196.526296542554,4108.363979388298,4196.526296542554,274397700
2024-07-26,4196.5263671875,4240.607526506697,4178.893903459822,4196.5263671875,192267300
2024-07-29,4214.15869140625,4231.791154550209,4196.526228262291,4231.791154550209,126109900
2024-07-30,4117.1796875,4178.893301659528,4117.1796875,4161.260840471092,201835700
2024-07-31,4117.1796875,4152.444609876873,4099.547226311563,4099.547226311563,168490300
2024-08-01,4187.7099609375,4187.7099609375,4134.812571957236,4152.445034950658,169636700
2024-08-02,4152.44482421875,4187.709748415937,4134.812362120157,4170.077286317343,113328400
2024-08-05,3993.752685546875,4117.1799208617895,3976.1202233590298,4108.363689767867,329430900
2024-08-06,4055.46630859375,4099.5474641219425,3984.936459748641,4011.385153065557,238051800
2024-08-07,4073.098876953125,4090.7313396239174,4046.6501829469357,4090.7313396239174,125937500
2024-08-08,4108.3642578125,4134.812954751207,4046.6506316221835,4055.4668639350857,131343400
2024-08-09,4117.1796875,4170.0770710653105,4117.1796875,4143.628379282655,98730900
2024-08-12,4125.99609375,4161.261017628205,4099.547400841346,4161.261017628205,83552800
2024-08-13,4161.26123046875,4187.709924730204,4134.812536207296,4143.628767627781,109533400
2024-08-14,4249.42333984375,4267.055801834803,4196.525953870591,4205.342184866117,262716500
2024-08-15,4258.23974609375,4293.504671527238,4222.974820660262,4275.872208810494,214394900
2024-08-16,4258.23974609375,4293.504671527238,4258.23974609375,4275.872208810494,149701700
2024-08-19,4249.42333984375,4249.42333984375,4187.7097228750645,4249.42333984375,196203200
2024-08-20,4364.0341796875,4364.0341796875,4267.0556423611115,4284.688103693182,310085500
2024-08-21,4496.27783203125,4496.27783203125,4390.483059512868,4399.299290556066,390307000
2024-08-22,4452.197265625,4540.359587716584,4430.156685102103,4518.319007193688,474043100
2024-08-23,4540.359375,4584.440533980583,4518.318795509709,4540.359375,217759300
2024-08-26,4672.6025390625,4694.643117076946,4584.440227004717,4584.440227004717,361169800
2024-08-27,4562.39990234375,4650.562219297252,4496.278164628623,4628.521640058877,271088700
2024-08-28,4540.359375,4562.399954490291,4430.156477548544,4496.278216019417,277561700
2024-08-29,4518.318359375,4562.39951410061,4496.2777820121955,4518.318359375,160041900
2024-08-30,4540.359375,4562.399954490291,4518.318795509709,4562.399954490291,275298000
2024-09-02,4562.39990234375,4606.481060820502,4540.359323105375,4540.359323105375,136717200
2024-09-03,4562.39990234375,4628.521640058877,4540.359323105375,4606.481060820502,166033900
2024-09-04,4496.27783203125,4562.399564855239,4496.27783203125,4496.27783203125,141890400
2024-09-05,4540.359375,4540.359375,4474.237636529127,4518.318795509709,166436800
2024-09-06,4606.48095703125,4628.521535773026,4540.359220805921,4584.440378289473,170520700
2024-09-09,4562.39990234375,4672.602798535628,4540.359323105375,4650.562219297252,201448700
2024-09-10,4628.521484375,4628.521484375,4518.318591889881,4584.440327380953,202326400
2024-09-11,4562.39990234375,4628.521640058877,4518.318743866999,4606.481060820502,165284900
2024-09-12,4562.39990234375,4606.481060820502,4540.359323105375,4562.39990234375,138542100
2024-09-13,4672.6025390625,4672.6025390625,4562.399648990271,4584.440227004717,259722600
2024-09-17,4672.6025390625,4716.683695091391,4628.521383033609,4716.683695091391,201331600
2024-09-18,4716.68408203125,4738.724661853826,4694.643502208674,4716.68408203125,186877300
2024-09-19,4760.7646484375,4848.926956741899,4760.7646484375,4782.8052255136,332941100
2024-09-20,4738.724609375,4804.846348110465,4738.724609375,4760.765188953488,260437400
2024-09-23,4848.927734375,4848.927734375,4716.684250710227,4716.684250710227,245292000
2024-09-24,4870.96826171875,4915.049422458286,4870.96826171875,4893.008842088519,195415700
2024-09-25,4694.6435546875,4782.805874963321,4584.440654342723,4760.765294894366,607065900
2024-09-26,4452.197265625,4584.440748762376,4430.156685102103,4540.359587716584,855266800
2024-09-27,4496.27783203125,4540.358987247242,4408.115521599265,4452.196676815257,304694300
2024-09-30,4364.0341796875,4452.196486347853,4364.0341796875,4452.196486347853,539169900
2024-10-01,4474.23779296875,4474.23779296875,4381.667355872845,4381.667355872845,197069300
2024-10-02,4355.21826171875,4474.237384255598,4319.953336522647,4408.115649512904,307487600
2024-10-03,4337.58544921875,4372.850371570122,4284.688065691692,4319.952988043065,354814800
2024-10-04,4284.6884765625,4337.585865162037,4275.872245129244,4293.504707995757,289960700
2024-10-07,4249.42333984375,4346.40188079454,4240.607108848223,4284.688263825856,308452200
2024-10-08,4408.11572265625,4452.196879882813,4196.52616796875,4231.79109375,527474400
2024-10-09,4346.40234375,4474.237706801471,4346.40234375,4408.115967292089,309336600
2024-10-10,4284.6884765625,4381.667022328318,4284.6884765625,4337.585865162037,226564700
2024-10-11,4319.95361328125,4355.218540736607,4311.13738141741,4328.76984514509,104875300
2024-10-14,4319.95361328125,4346.402308872768,4293.504917689732,4319.95361328125,125414400
2024-10-15,4337.58544921875,4399.299063333651,4337.58544921875,4346.401679806593,142372200
2024-10-16,4364.0341796875,4381.666641019571,4337.5854876893945,4364.0341796875,118014300
2024-10-17,4390.4833984375,4452.197020503891,4355.21847154242,4372.85093498996,188127700
2024-10-18,4381.6669921875,4452.196843168385,4372.850760814889,4430.156264736859,157113000
2024-10-21,4399.29931640625,4430.156125238758,4381.666854216245,4390.483085311247,110708200
2024-10-22,4319.95361328125,4381.667236328125,4319.95361328125,4372.851004464285,199707500
2024-10-23,4284.6884765625,4311.137170862268,4240.607319396219,4258.239782262732,222147300
2024-10-24,4249.42333984375,4319.9531878079615,4240.607108848223,4249.42333984375,218162100
2024-10-25,4205.34228515625,4284.688366008255,4205.34228515625,4249.423441185141,195647800
2024-10-28,4196.5263671875,4231.791294642857,4152.445207868303,4205.34259905134,191211000
2024-10-29,4143.62890625,4214.158759973404,4143.62890625,4170.077601396277,203658600
2024-10-30,4152.44482421875,4187.709748415937,4081.914975824376,4081.914975824376,296314500
2024-10-31,4231.791015625,4293.504634602865,4152.444934082031,4152.444934082031,307110400
2024-11-01,4143.62890625,4249.423686835106,4143.62890625,4205.342528257979,235656400
2024-11-04,4161.26123046875,4205.342387571173,4099.547610525357,4152.444999048265,209831500
2024-11-05,4152.44482421875,4178.89351736664,4125.9961310708595,4134.812362120157,199499300
2024-11-06,4055.46630859375,4170.0773129670515,4055.46630859375,4152.4448507557745,249059500
2024-11-07,4011.38525390625,4090.7313358516485,4011.38525390625,4064.282641869849,296218600
2024-11-08,3984.93701171875,4090.7317996404868,3984.93701171875,4055.4668703332413,198589900
2024-11-11,3932.0390625,4002.5689111547085,3852.6929827634526,3940.8552935818384,507192300
2024-11-12,3967.303955078125,3984.936417100694,3905.590337999132,3905.590337999132,252380100
2024-11-13,4037.833984375,4064.282678595797,3932.0392074918122,3940.8554388987445,209627200
2024-11-14,3967.303955078125,4046.6500341796873,3967.303955078125,4029.017572157118,159871800
2024-11-15,3940.855712890625,3976.120640970183,3923.223248850846,3923.223248850846,106365600
2024-11-18,3835.06103515625,3932.0395900682474,3835.06103515625,3914.4071255387935,253272300
2024-11-19,3843.876708984375,3887.9578639039205,3835.060478000466,3835.060478000466,294838700
2024-11-20,3817.42822265625,3914.406768728349,3817.42822265625,3879.1418428839493,298734600
2024-11-21,3746.898193359375,3808.6118106617646,3746.898193359375,3773.3468864889705,376788400
2024-11-22,3879.1416015625,3896.7740633877843,3746.8981378728695,3746.8981378728695,280188100
2024-11-25,3940.855712890625,3993.7531050099624,3896.7745527911775,3896.7745527911775,401446400
2024-11-26,3879.1416015625,3940.8552179509943,3861.509139737216,3923.2227561257105,266677500
2024-11-28,3817.42822265625,3870.3256114228493,3817.42822265625,3835.06068557845,277081800
2024-11-29,3746.898193359375,3790.9793485753676,3746.898193359375,3773.3468864889705,412519800
2024-12-02,3676.36865234375,3773.3472019259593,3667.5524205635493,3764.5309701457586,337188900
2024-12-03,3738.082275390625,3746.898507172207,3711.63358004588,3738.082275390625,384146700
2024-12-04,3835.06103515625,3852.6934996857044,3720.450015714799,3738.082480244253,345762200
2024-12-05,3755.714599609375,3826.2444512452316,3746.898368154893,3799.7957568817856,183249300
2024-12-06,3799.7958984375,3799.7958984374995,3720.4498123912413,3746.898507739994,151433000
2024-12-09,3870.325439453125,3870.3254394531255,3790.9793598288015,3799.7955908981708,158897200
2024-12-10,3843.876708984375,3861.509170952193,3782.163092097011,3843.876708984375,196160900
2024-12-11,3861.509521484375,3905.5906804054293,3826.2445943475313,3826.2445943475313,203980300
2024-12-12,3755.714599609375,3843.876914154196,3755.714599609375,3826.2444512452316,226698900
2024-12-13,3676.36865234375,3773.3472019259593,3676.36865234375,3729.2660430249553,287838100
2024-12-16,3746.898193359375,3773.3468864889705,3658.7358829273894,3658.7358829273894,325441900
2024-12-17,3658.736083984375,3782.1633253717996,3658.736083984375,3746.898399261107,327919000
2024-12-18,3658.736083984375,3711.6334731504144,3641.1036209290287,3676.3685470397213,205055500
2024-12-19,3605.838623046875,3623.4710857512605,3570.5736976381036,3605.838623046875,381986300
2024-12-20,3579.389892578125,3632.287280153171,3570.5736613156173,3588.2061238406327,252689600
2024-12-23,3711.63330078125,3711.63330078125,3623.4709895987976,3641.103451835288,167689800
2024-12-24,3702.8173828125,3746.8985421316966,3676.368687220982,3720.4498465401784,199536100
2024-12-27,3734.698974609375,3752.9170183879573,3716.4809308307927,3734.698974609375,143104400
2024-12-30,3716.480712890625,3752.916798311121,3707.3716915355008,3716.480712890625,153934700
2025-01-02,3834.89794921875,3844.0069704758016,3725.5896941341302,3734.698715391182,181361700
2025-01-03,3780.244140625,3862.225338855422,3780.244140625,3844.007294804217,134632300
2025-01-06,3734.698974609375,3807.5711497237044,3734.698974609375,3807.5711497237044,153048700
2025-01-07,3670.935791015625,3725.589921899232,3670.935791015625,3716.480900085298,171997400
2025-01-08,3716.480712890625,3734.698755600873,3670.9356061150047,3670.9356061150047,133655700
2025-01-09,3670.935791015625,3734.698943713167,3670.935791015625,3707.371878271363,99300400
2025-01-10,3652.7177734375,3698.2628828319826,3652.7177734375,3670.9358171952927,132774300
2025-01-13,3506.97314453125,3634.4994406960227,3506.97314453125,3634.4994406960227,413408100
2025-01-14,3461.42822265625,3570.736482319079,3461.42822265625,3479.6462659333883,293621700
2025-01-15,3725.58984375,3725.58984375,3497.864303178484,3497.864303178484,407813500
2025-01-16,3789.35302734375,3862.2252009465146,3762.0259622427134,3834.898135845478,349387500
2025-01-17,3725.58984375,3816.6800599786066,3716.4808221271396,3780.2439734871637,268758600
2025-01-20,3844.007080078125,3844.007080078125,3762.02588642717,3762.02588642717,167348600
2025-01-21,3880.443115234375,3989.7513720015404,3871.334093837111,3889.552136631639,345223800
2025-01-22,3880.443115234375,3935.0972436179577,3853.116051042584,3925.988222220694,193218900
2025-01-23,3916.879150390625,3953.315235510538,3880.4430652707124,3880.4430652707124,216018100
2025-01-24,3816.679931640625,3962.4242727056608,3816.679931640625,3962.4242727056608,276421900
2025-01-30,3752.9169921875,3798.462101315989,3725.5899267104064,3762.0260140131977,220222400
2025-01-31,3844.007080078125,3898.661209178762,3780.2439294607157,3798.461972494261,192622700
2025-02-03,3871.334228515625,3889.5522719439336,3780.244011374081,3825.7891199448527,220285800
2025-02-04,3880.443115234375,3916.8792008234304,3825.7889868507923,3880.443115234375,231917500
2025-02-05,3771.135009765625,3871.3342491555327,3771.135009765625,3871.3342491555327,209834400
2025-02-06,3616.281494140625,3789.352900661209,3588.9544299531644,3752.9168150779283,378545500
2025-02-07,3670.935791015625,3670.935791015625,3588.954594690214,3616.281660132018,259636200
2025-02-10,3616.281494140625,3689.1536653071867,3598.0634513489845,3643.6085583280856,201999400
2025-02-11,3652.7177734375,3680.0448390741894,3552.518532769638,3616.281685921914,276382800
2025-02-12,3670.935791015625,3698.262856457429,3598.0636165041487,3607.172638318083,362571900
2025-02-13,3634.499755859375,3670.935843637414,3607.172690025846,3643.608777803885,341640600
2025-02-14,3516.08251953125,3652.7178506011173,3506.9734974599255,3643.608828529793,524909600
2025-02-17,3670.935791015625,3670.935791015625,3525.191441992672,3525.191441992672,265737100
2025-02-18,3780.244140625,3807.5712067018076,3670.935876317771,3670.935876317771,374350700
2025-02-19,3661.82666015625,3807.571004839086,3652.717638613573,3789.3529617537315,348358600
2025-02-20,3561.62744140625,3661.826678888267,3561.62744140625,3616.2815709418956,312753300
2025-02-21,3543.409423828125,3579.8455104484656,3525.1913805179547,3561.6274671382953,205268800
2025-02-24,3570.736572265625,3588.9546160016744,3525.1914629255025,3552.518528529576,138610800
2025-02-25,3461.42822265625,3570.736482319079,3461.42822265625,3534.300395764803,404555100
2025-02-26,3479.646240234375,3516.0823265195518,3424.99211080661,3461.428197091787,242834100
2025-02-27,3306.574951171875,3461.4283235408056,3288.3569073637655,3452.319301636751,410928000
2025-02-28,3060.631103515625,3224.593484061105,3060.631103515625,3188.157399495443,1000597600
2025-03-03,3343.010986328125,3406.7741386559096,3160.830551105884,3206.375659911444,744626800
2025-03-04,3343.010986328125,3388.556095133685,3279.2478340003404,3352.120008089237,338434700
2025-03-05,3497.8642578125,3552.5183868408203,3379.446978251139,3379.446978251139,441151000
2025-03-06,3598.0634765625,3634.4995624011076,3525.191304885285,3525.191304885285,434485100
2025-03-07,3470.537353515625,3579.8456166184797,3470.537353515625,3579.8456166184797,243793600
2025-03-10,3424.9921875,3470.53729637633,3397.665122174202,3452.319252825798,232192200
2025-03-11,3452.3193359375,3452.3193359375,3333.902050008245,3370.3381379864777,273961800
2025-03-12,3543.409423828125,3570.7364887933804,3470.537250587444,3470.537250587444,271631200
2025-03-13,3461.42822265625,3616.2815905119246,3461.42822265625,3607.1725688733554,209225700
2025-03-14,3415.88330078125,3497.8645,3415.88330078125,3415.88330078125,156131900
2025-03-17,3488.755126953125,3497.864148172324,3397.6649147611374,3443.210020857131,162467700
2025-03-18,3352.119873046875,3516.082258141559,3188.157487952191,3497.864215353261,416894600
2025-03-19,3379.447021484375,3443.2101728331368,3352.11995662062,3379.447021484375,352217700
2025-03-20,3333.90185546875,3424.9920700990438,3315.6838125426916,3397.665005709956,313033000
2025-03-21,3370.337890625,3370.337890625,3233.702570734797,3279.247677364865,627645600
2025-03-24,3288.356689453125,3406.7739663586394,3206.3754977493077,3324.7927746548216,342883200
2025-03-25,3461.42822265625,3497.8643092105262,3333.901919716283,3333.901919716283,331285900
2025-03-26,3643.608642578125,3661.8266857910157,3516.0823400878903,3525.1913616943357,540888800
2025-03-27,3689.15380859375,3689.15380859375,3579.8455475983797,3643.608699845679,322553200
2025-04-08,3315.68408203125,3415.8833262684584,3142.6126601669816,3151.7216823703643,734807100
2025-04-09,3306.574951171875,3379.4471264043127,3279.2478854597107,3288.3569073637655,366649900
2025-04-10,3461.42822265625,3579.845503957648,3434.101157740543,3570.736482319079,417562900
2025-04-11,3498.4365234375,3517.711655798037,3459.886258716426,3469.5238248966944,301200600
2025-04-14,3556.261962890625,3556.261962890625,3488.798998824949,3498.4365651200455,169458300
2025-04-15,3556.261962890625,3643.000059546494,3546.624396595528,3594.8122280710113,254224400
2025-04-16,3517.711669921875,3565.899501016695,3469.5238388270545,3556.261934797731,233772400
2025-04-17,3508.07421875,3536.9869183550827,3479.1615191449177,3536.9869183550827,121059300
2025-04-21,3488.799072265625,3527.34933825751,3440.6112397757684,3488.799072265625,107470200
2025-04-22,3498.4365234375,3517.711655798037,3469.5238248966944,3469.5238248966944,147116900
2025-04-23,3623.724853515625,3652.6375518149516,3508.074060318318,3527.349192517869,432999900
2025-04-24,3594.812255859375,3700.825485924933,3585.1746894897788,3652.637654076952,272537300
2025-04-25,3604.44970703125,3652.6375373391543,3594.812140969669,3633.3624052159926,136517100
2025-04-28,3700.825439453125,3710.4630057017007,3643.00004196167,3652.6376082102456,212945800
2025-04-29,3710.462890625,3729.738022524351,3681.550192775974,3720.1004565746757,160631400
2025-04-30,3710.462890625,3710.462890625,3633.3623630275974,3671.912626826299,226832200
2025-05-02,3739.375732421875,3777.9259977045745,3710.46303345985,3777.9259977045745,205628100
2025-05-05,3720.1005859375,3777.925983646373,3720.1005859375,3758.6508510767485,196917100
2025-05-06,3739.375732421875,3758.6508650632245,3700.825467139175,3700.825467139175,111333800
2025-05-07,3768.288330078125,3768.288330078125,3729.7380658318016,3758.650764016544,119763100
2025-05-08,3652.6376953125,3816.4763254452505,3643.0001288341027,3768.288493053265,224121900
2025-05-09,3700.825439453125,3700.825439453125,3623.724909464518,3671.9127407073975,147638100
2025-05-14,3941.7646484375,3941.7646484375,3816.4762855287286,3855.0265510391196,461642400
2025-05-15,4115.24072265625,4153.790987037105,3980.314797323258,3989.9523634184716,537151700
2025-05-16,4095.965576171875,4173.066104664522,4009.227481617647,4153.79097254136,289337600
2025-05-19,4076.6904296875,4105.60312777039,4047.77773160461,4076.6904296875,145935500
2025-05-20,4057.415283203125,4124.878245156621,4018.8650192296986,4076.6904151898384,209576900
2025-05-21,4105.60302734375,4153.790856303184,4057.4151983843167,4057.4151983843167,256020200
2025-05-22,4144.1533203125,4153.790886173691,4086.3279251453487,4124.878188590116,208291800
2025-05-23,4192.34130859375,4211.616441047055,4173.066176140445,4192.34130859375,108182800
2025-05-26,4163.4287109375,4192.341410319011,4105.6033121744795,4192.341410319011,149418600
2025-05-27,4211.6162109375,4211.6162109375,4124.878119636728,4163.428382437071,180028000
2025-05-28,4288.716796875,4288.716796875,4163.428441011236,4201.978704353933,466133500
2025-06-02,4047.77783203125,4230.89159109933,4047.77783203125,4201.978892299107,389541100
2025-06-03,4047.77783203125,4076.690530831473,3970.6773018973213,4057.415398297991,277902300
2025-06-04,3932.126953125,4076.6904440487133,3932.126953125,4076.6904440487133,279755300
2025-06-05,3951.402099609375,3989.952363995808,3903.214269126334,3961.039665705983,230129500
2025-06-10,3999.590087890625,4009.22765436747,3951.4022555064007,3951.4022555064007,179827500
2025-06-11,3922.489501953125,3989.952466360181,3912.8519356092597,3980.3149000163157,196558700
2025-06-12,3922.489501953125,3951.4022009847204,3912.8519356092597,3922.489501953125,113850500
2025-06-13,3855.0263671875,3903.2141967773437,3835.7512353515626,3874.3014990234374,283826000
2025-06-16,3845.388916015625,3864.664048426731,3816.4762173989666,3835.7513498100725,155450700
2025-06-17,3816.476318359375,3883.9392835828994,3816.476318359375,3864.6641506618926,125769400
2025-06-18,3797.201171875,3816.476304727157,3758.650906170685,3806.8387383010786,140882100
2025-06-19,3662.275146484375,3777.9259405838816,3662.275146484375,3758.6508082339637,355413000
2025-06-20,3652.6376953125,3700.8255277044855,3604.4498629205145,3604.4498629205145,516177900
2025-06-23,3585.174560546875,3614.087258615801,3527.3491644090223,3594.8121265698505,222067700
2025-06-24,3643.0,3758.6507936507937,3633.362433862434,3681.5502645502647,281594300
2025-06-25,3623.724853515625,3691.1878162140542,3594.8121552162984,3691.1878162140542,164257700
2025-06-26,3691.187744140625,3691.187744140625,3614.0872168478704,3642.9999145826537,171427000
2025-06-30,3604.44970703125,3700.8253676470586,3594.812140969669,3700.8253676470586,271933200
2025-07-01,3565.8994140625,3652.6375079180743,3536.9867161106417,3642.9999419341216,212288800
2025-07-02,3546.624267578125,3565.899399467137,3508.074003800102,3517.711569744608,220273500
2025-07-03,3546.624267578125,3594.812097300654,3546.624267578125,3575.5369654116425,119674300
2025-07-04,3536.98681640625,3575.537081435201,3517.7116838917746,3546.6243826634877,91141200
2025-07-07,3565.8994140625,3565.8994140625,3517.7115841427367,3536.9867161106417,78783800
2025-07-08,3536.98681640625,3565.899515177963,3517.7116838917746,3556.2619489207254,115551200
2025-07-09,3546.624267578125,3565.899399467137,3517.711569744608,3517.711569744608,92437900
2025-07-10,3729.738037109375,3739.375603096738,3546.6242833494834,3556.261849336846,290117200
2025-07-11,3739.375732421875,3777.9259977045745,3729.7381661012,3777.9259977045745,255634700
2025-07-14,3643.0,3749.013227513228,3614.0873015873017,3739.3756613756614,167151400
2025-07-15,3739.375732421875,3739.375732421875,3643.0000692151257,3662.275201856475,183209300
2025-07-16,3739.375732421875,3816.4762629872744,3739.375732421875,3806.8386966665994,241966800
2025-07-17,3749.01318359375,3787.5634476924,3739.3756175690874,3787.5634476924,111359500
2025-07-18,3720.1005859375,3797.2011162159974,3720.1005859375,3768.2884173615607,111030000
2025-07-21,3691.187744140625,3758.6507055217853,3691.187744140625,3749.013139610191,89765800
2025-07-22,3700.825439453125,3739.3757044474282,3691.1878732045493,3720.100571950277,84902800
2025-07-23,3662.275146484375,3720.100543534128,3652.637580309416,3700.8254111842107,132305000
2025-07-24,3806.838623046875,3806.838623046875,3681.5502633010287,3691.1878294353246,206654200
2025-07-25,3739.375732421875,3806.8386966665994,3729.7381661012,3806.8386966665994,86263700
2025-07-28,3797.201171875,3806.8387383010786,3777.9260390228424,3797.201171875,94898300
2025-07-29,3777.926025390625,3787.5635917819272,3758.6508926080196,3787.5635917819272,98887100
2025-07-30,3643.0,3768.28835978836,3633.362433862434,3768.28835978836,206358500
2025-07-31,3575.537109375,3652.637640035377,3565.8995430424525,3643.00007370283,163371700
2025-08-01,3604.44970703125,3662.275103400735,3604.44970703125,3662.275103400735,134100500
2025-08-04,3575.537109375,3604.449808372641,3556.2619767099054,3585.174675707547,104446300
2025-08-05,3604.44970703125,3652.6375373391543,3565.8994427849266,3565.8994427849266,184822600
2025-08-06,3575.537109375,3643.00007370283,3575.537109375,3633.362507370283,100168200
2025-08-07,3575.537109375,3614.0873747051887,3565.8995430424525,3594.812242040094,92746000
2025-08-08,3565.8994140625,3594.8121120143583,3565.8994140625,3575.5369800464528,133180100
2025-08-11,3671.912841796875,3671.912841796875,3585.1747431717517,3585.1747431717517,143167900
2025-08-12,3903.21435546875,3903.21435546875,3691.1878966531635,3720.1005955825617,404797800
2025-08-13,3932.126953125,3951.4020852481617,3845.388858570772,3912.8518210018383,292104000
2025-08-14,3912.851806640625,3951.402070745459,3893.5766745882083,3932.126938693042,164408100
2025-08-15,3970.67724609375,3999.5899444876363,3922.4894154372723,3951.402113831159,269255400
2025-08-19,3893.57666015625,3951.4020560991644,3864.6639621847926,3941.7644901086787,208409700
2025-08-20,3999.590087890625,3999.590087890625,3903.2144231221764,3903.2144231221764,173260400
2025-08-21,3999.590087890625,4018.865220844315,3941.764689029556,4009.22765436747,112477700
2025-08-22,3951.402099609375,4018.865062285633,3951.402099609375,4018.865062285633,71971500
2025-08-25,4057.415283203125,4115.240679163265,4018.8650192296986,4028.502585223055,195322200
2025-08-26,4018.864990234375,4067.052819853492,4018.864990234375,4067.052819853492,267465600
2025-08-27,3980.31494140625,3999.590074294416,3922.4895427417528,3980.31494140625,123874000
2025-08-28,3989.952392578125,3999.589958743773,3961.039694081182,3980.3148264124775,60838200
2025-08-29,3903.21435546875,3970.6773196373456,3874.301656539352,3951.4021870177467,217276600
2025-09-01,3835.75146484375,3864.664164327497,3720.100666908763,3787.5636323708386,234206100
2025-09-02,3816.476318359375,3903.2144165039062,3816.476318359375,3835.7514512803823,111856000
2025-09-03,3883.939208984375,3883.939208984375,3806.8386787812115,3874.3016427089797,112507500
2025-09-04,3855.0263671875,3864.663933105469,3816.476103515625,3835.7512353515626,87402700
2025-09-08,3758.65087890625,3922.489506961138,3749.01331255008,3922.489506961138,143993900
2025-09-09,3652.6376953125,3749.013360096471,3614.0874293989114,3729.7382271396764,327167200
2025-09-10,3739.375732421875,3749.01329874255,3681.550334497825,3681.550334497825,117680500
2025-09-11,3932.126953125,3970.6772173713234,3835.751292509191,3855.0264246323527,281910400
2025-09-12,4028.502685546875,4038.1402517802408,3961.039721913315,4028.502685546875,235383800
2025-09-15,3989.952392578125,4067.0529219033065,3970.67726024683,4047.777789572011,157482000
2025-09-16,3980.31494140625,4018.865207182582,3932.1271091858353,4009.227640738499,167511900
2025-09-17,4067.052978515625,4067.052978515625,3970.6773155176243,4009.2275807168244,245154800
2025-09-18,4095.965576171875,4115.240708295037,4057.4153119255516,4115.240708295037,332670300
2025-09-19,4095.965576171875,4095.965576171875,4028.5026137408086,4076.6904440487133,211373200
2025-09-22,4009.2275390625,4095.9656348595254,3961.039708064153,4095.9656348595254,157592800
2025-09-23,3989.952392578125,4018.865091075068,3961.039694081182,3970.67726024683,110771700
2025-09-24,4018.864990234375,4018.864990234375,3951.402028767611,3989.9522924629046,124591600
2025-09-25,3922.489501953125,4018.8651653917764,3903.2143692653945,4018.8651653917764,129656800
2025-09-26,3893.57666015625,3932.126924118193,3855.026396194307,3903.2142261467357,146229200
2025-09-29,3835.75146484375,3893.576863811244,3816.4763318545856,3893.576863811244,126611800
2025-09-30,3758.65087890625,3835.751409755609,3758.65087890625,3835.751409755609,217357100
2025-10-01,3671.912841796875,3797.201206477608,3662.2752752829724,3720.100674366388,223133600
2025-10-02,3575.537109375,3652.637640035377,3575.537109375,3623.724941037736,379620000
2025-10-03,3556.261962890625,3614.087360661204,3546.624396595528,3575.537095480818,214737100
2025-10-06,3527.34912109375,3604.4496483307717,3508.0739892844945,3565.8993847122606,190283900
2025-10-07,3575.537109375,3585.174675707547,3536.9868440448113,3556.2619767099054,155933000
2025-10-08,3585.174560546875,3604.4496925928256,3536.9867304319973,3594.8121265698505,148263700
2025-10-09,3720.1005859375,3787.563549931185,3508.074127671632,3556.261959095693,479239500
2025-10-10,3594.812255859375,3652.637654076952,3556.2619903809905,3652.637654076952,277252300
2025-10-13,3527.34912109375,3575.5369506168886,3527.34912109375,3546.624252903005,181694400
2025-10-14,3421.3359375,3556.2618617957746,3421.3359375,3508.074031690141,278639100
2025-10-15,3373.148193359375,3459.8862897600447,3324.9603620256694,3440.611157226562,468733500
2025-10-16,3402.060791015625,3450.2486209166964,3353.872961114554,3373.1480930749826,227629500
2025-10-17,3373.148193359375,3440.611157226562,3363.510627092634,3402.060892159598,244442400
2025-10-20,3546.624267578125,3594.812097300654,3411.6983443550444,3421.33591029955,391510300
2025-10-21,3623.724853515625,3652.6375518149516,3575.537023016747,3642.999985715176,293000200
2025-10-22,3565.8994140625,3681.5502058699326,3546.6242820945945,3652.6375079180743,329470700
2025-10-23,3681.55029296875,3681.55029296875,3565.899498425229,3585.174630849149,225902700
2025-10-24,3710.462890625,3768.288286323052,3681.550192775974,3681.550192775974,313903600
2025-10-27,3720.1005859375,3787.563549931185,3614.087356804566,3739.375718507124,332539600
2025-10-28,3710.462890625,3720.1004565746757,3642.9999289772727,3710.462890625,239026800
2025-10-29,3749.01318359375,3749.01318359375,3652.637523347124,3691.187787445774,215008600
2025-10-30,3768.288330078125,3845.388858570772,3729.7380658318016,3758.650764016544,287905300
2025-10-31,3835.75146484375,3874.301730822079,3777.9260658762564,3787.5636323708386,348755700
2025-11-03,3893.57666015625,3903.2142261467357,3864.6639621847926,3903.2142261467357,163770500
2025-11-04,3826.11376953125,3903.214298892081,3826.11376953125,3883.9391665518733,241154700
2025-11-05,3835.75146484375,3845.3890313383326,3768.2884993816742,3797.2011988654212,139859100
2025-11-06,3855.0263671875,3864.663933105469,3806.8385375976563,3835.7512353515626,130808100
2025-11-07,3835.75146484375,3864.664164327497,3835.75146484375,3855.026597832915,87287600
2025-11-10,3787.5634765625,3874.301571445611,3787.5634765625,3864.6640053474875,148552900
2025-11-11,3749.01318359375,3816.476145766388,3720.100485519762,3797.201013717063,179000200
2025-11-12,3758.65087890625,3806.8387106870996,3749.01331255008,3749.01331255008,111115400
2025-11-13,3729.738037109375,3768.288301058826,3729.738037109375,3758.6507350714633,99373200
2025-11-14,3758.65087890625,3787.56357797476,3720.1006134815707,3720.1006134815707,100717300
2025-11-17,3797.201171875,3806.8387383010786,3739.3757733185275,3739.3757733185275,140868100
2025-11-18,3826.11376953125,3845.3889018714576,3787.5635048508343,3806.838637191042,205257700
2025-11-19,3855.0263671875,3855.0263671875,3826.1136694335937,3845.388801269531,107451000
2025-11-20,3845.388916015625,3903.2143132489427,3845.388916015625,3874.301614632284,183008400
2025-11-21,3816.476318359375,3855.026584201389,3797.201185438368,3835.7514512803823,112666100
2025-11-24,3835.75146484375,3855.026597832915,3797.2011988654212,3855.026597832915,262302000
2025-11-25,3691.187744140625,3835.75123281454,3691.187744140625,3835.75123281454,396959100
2025-11-26,3652.6376953125,3691.187961226088,3643.0001288341027,3662.275261790897,288419400
2025-11-27,3604.44970703125,3671.912669462316,3585.1745749080883,3662.275103400735,283451800
2025-11-28,3546.624267578125,3614.087229189666,3546.624267578125,3575.5369654116425,353872800
2025-12-01,3536.98681640625,3594.8122139496763,3527.3492501490123,3546.6243826634877,299669500
2025-12-02,3575.537109375,3594.812242040094,3536.9868440448113,3556.2619767099054,277714300
2025-12-03,3527.34912109375,3565.8993847122606,3527.34912109375,3556.261818807633,225357100
2025-12-04,3556.261962890625,3556.261962890625,3517.7116977102387,3527.3492640053355,221121100
2025-12-05,3517.711669921875,3565.899501016695,3517.711669921875,3565.899501016695,156161100
2025-12-08,3536.98681640625,3556.2619489207254,3527.3492501490123,3546.6243826634877,124094700
2025-12-09,3546.624267578125,3565.899399467137,3517.711569744608,3565.899399467137,201089800
2025-12-10,3527.34912109375,3546.624252903005,3517.711555189122,3546.624252903005,172677700
2025-12-11,3488.799072265625,3565.8996042493955,3450.2488062737393,3546.624471253453,327591200
2025-12-12,3498.4365234375,3508.0740896177685,3450.2486925361573,3508.0740896177685,169747600
2025-12-15,3643.0,3671.912698412699,3498.436507936508,3517.7116402116403,312694100
2025-12-16,3556.261962890625,3671.9127584317835,3546.624396595528,3662.275192136687,237949900
2025-12-17,3614.08740234375,3643.0001015625,3546.6244375,3556.26200390625,273544100
2025-12-18,3643.0,3681.5502645502647,3614.0873015873017,3614.0873015873017,262527300
2025-12-19,3633.362548828125,3671.9128145981845,3623.72498238561,3662.2752481556695,228583500
2025-12-22,3623.724853515625,3642.999985715176,3614.0872874158495,3633.3624196154005,161680300
2025-12-23,3633.362548828125,3643.0001152706395,3594.812283058065,3623.72498238561,138427000
2025-12-24,3633.362548828125,3652.6376817131545,3614.087415943095,3633.362548828125,121073600
2025-12-29,3643.0,3652.6375661375664,3623.724867724868,3643.0,238061500
2025-12-30,3660.0,3690.0,3650.0,3690.0,274402200
