Price,Close,High,Low,Open,Volume
Ticker,BMRI.JK,BMRI.JK,BMRI.JK,BMRI.JK,BMRI.JK
Date,,,,,
2021-01-04,2418.155029296875,2427.4556255634016,2315.8484703650843,2362.3514516977166,61058000
2021-01-05,2390.25341796875,2436.7564027541343,2380.952821011673,2436.7564027541343,69928200
2021-01-06,2390.25341796875,2427.4558057970576,2334.449836226289,2390.25341796875,87109000
2021-01-07,2408.8544921875,2427.455685177365,2390.253299197635,2399.5538956925675,80114200
2021-01-08,2436.756591796875,2446.057189475489,2399.554201082419,2408.8547987610327,93635600
2021-01-11,2548.363525390625,2548.363525390625,2436.756363694685,2446.0569605026803,212763000
2021-01-12,2585.56591796875,2604.1671116232014,2539.0629338326216,2566.9647243142986,168626000
2021-01-13,2576.265380859375,2632.068963116257,2576.265380859375,2622.7683660734433,107392200
2021-01-14,2548.363525390625,2622.7682998545847,2539.06292858263,2622.7682998545847,70295000
2021-01-15,2501.860595703125,2576.265371783515,2464.6582076629297,2557.6641777634177,77235600
2021-01-18,2576.265380859375,2585.5659779021885,2455.357619302798,2455.357619302798,119006800
2021-01-19,2594.866455078125,2613.467648304492,2548.363472012209,2604.167051691308,77834600
2021-01-20,2743.676025390625,2771.577815479343,2604.1670749470336,2604.1670749470336,220934600
2021-01-21,2697.173095703125,2743.6760801118,2678.571901939655,2743.6760801118,82052000
2021-01-22,2678.57177734375,2734.3753560384116,2650.6699879964194,2706.4735666910806,117367200
2021-01-25,2715.7744140625,2715.7744140625,2613.4678436697345,2697.1732194456335,100647600
2021-01-26,2743.676025390625,2771.577815479343,2697.173041909428,2715.7742353019066,206712400
2021-01-27,2715.7744140625,2752.976803296233,2669.271427520334,2752.976803296233,171581400
2021-01-28,2622.768310546875,2697.173085314162,2566.9647294714096,2659.9706979305183,135745000
2021-01-29,2446.056884765625,2687.872394286181,2446.056884765625,2641.3694116860743,334227600
2021-02-01,2492.559814453125,2501.860410775711,2306.5478880013993,2473.958621807952,242540200
2021-02-02,2408.8544921875,2529.7622466216217,2380.9527027027025,2529.7622466216217,160482800
2021-02-03,2418.155029296875,2473.958606896034,2399.5538367638223,2455.3574143629808,167044600
2021-02-04,2446.056884765625,2483.2592708457105,2399.553902165518,2446.056884765625,139040400
2021-02-05,2436.756591796875,2492.560177868559,2399.554201082419,2492.560177868559,97199600
2021-02-08,2446.056884765625,2483.2592708457105,2436.7562882456036,2455.3574812856464,125050800
2021-02-09,2418.155029296875,2492.5597994290865,2399.5538367638223,2455.3574143629808,208380400
2021-02-10,2418.155029296875,2446.056818096454,2408.8544330303484,2446.056818096454,102693600
2021-02-11,2418.155029296875,2436.756221829928,2418.155029296875,2436.756221829928,35879400
2021-02-15,2418.155029296875,2446.056818096454,2418.155029296875,2436.756221829928,48995200
2021-02-16,2408.8544921875,2436.756281672297,2399.5538956925675,2418.1550886824325,63202000
2021-02-17,2362.3515625,2408.85454601378,2343.750369094488,2399.5539493110236,117413600
2021-02-18,2325.149169921875,2380.9527500000004,2315.8485732421877,2325.149169921875,113989000
2021-02-19,2371.65234375,2380.9529411764706,2306.548161764706,2325.1493566176473,102020400
2021-02-22,2371.65234375,2418.155330882353,2371.65234375,2399.554136029412,107680600
2021-02-23,2353.051025390625,2371.652219267231,2343.750428452322,2343.750428452322,89107800
2021-02-24,2371.65234375,2380.9529411764706,2353.0511488970587,2362.3517463235294,82498600
2021-02-25,2334.44970703125,2408.8544785700947,2334.44970703125,2390.253285685383,133614800
2021-02-26,2287.946533203125,2353.050702847116,2269.34534187627,2297.2471288665524,246190600
2021-03-01,2446.056884765625,2455.3574812856464,2315.848533485326,2315.848533485326,220785400
2021-03-02,2455.357666015625,2473.9588604551373,2418.1552771366005,2473.9588604551373,163296600
2021-03-03,2455.357666015625,2483.2594576748934,2427.4558743563566,2483.2594576748934,78532200
2021-03-04,2436.756591796875,2473.958982511331,2427.455994118261,2464.6583848327173,120612600
2021-03-05,2408.8544921875,2446.0568781672296,2399.5538956925675,2427.455685177365,87239000
2021-03-08,2390.25341796875,2446.056999711211,2371.6522240545964,2436.7564027541343,54098000
2021-03-09,2390.25341796875,2427.4558057970576,2371.6522240545964,2371.6522240545964,111838800
2021-03-10,2418.155029296875,2418.155029296875,2399.5538367638223,2418.155029296875,51903000
2021-03-12,2501.860595703125,2511.161192713174,2436.7564166327834,2436.7564166327834,159202400
2021-03-15,2473.958740234375,2520.461724073367,2464.658143466577,2520.461724073367,79922400
2021-03-16,2436.756591796875,2501.860775547173,2418.155396439647,2473.958982511331,112248400
2021-03-17,2427.45556640625,2473.9585466056037,2427.45556640625,2455.3573545258623,50841200
2021-03-18,2529.76220703125,2548.3633997300094,2464.658032585593,2464.658032585593,152427600
2021-03-19,2520.461669921875,2529.762266489852,2492.559880217943,2529.762266489852,150713800
2021-03-22,2464.658203125,2539.062979068396,2464.658203125,2511.1611880896226,115979200
2021-03-23,2483.25927734375,2511.1610669768256,2464.6580842550325,2511.1610669768256,97289600
2021-03-24,2471.822265625,2510.294207502432,2462.204280155642,2500.6762220330743,115254200
2021-03-25,2462.204345703125,2491.0583028793335,2433.3503885269165,2481.4403171539307,71666600
2021-03-26,2471.822265625,2491.058236563716,2442.968309216926,2481.4402510943582,84478000
2021-03-29,2452.58642578125,2500.6763556985293,2452.58642578125,2462.2044117647056,79520400
2021-03-30,2433.350341796875,2471.8222839596715,2414.1143707154765,2462.204298418972,41180600
2021-03-31,2366.0244140625,2433.350312023628,2356.4064286394814,2404.496355754573,159155800
2021-04-01,2385.260498046875,2433.3504274429815,2366.0245262884328,2404.4964698053177,77715200
2021-04-05,2394.87841796875,2423.732374811747,2385.260432354418,2423.732374811747,39468400
2021-04-06,2414.1142578125,2423.732242903386,2366.0243323580676,2394.878287630727,29650600
2021-04-07,2433.350341796875,2433.350341796875,2404.4963851747775,2423.732356256176,46420200
2021-04-08,2414.1142578125,2452.586198176046,2385.2603025398407,2404.4962727216134,88449600
2021-04-09,2491.058349609375,2519.9123073268584,2433.3504341744087,2452.586405986064,126420200
2021-04-12,2423.732421875,2500.67630828373,2414.1144360739086,2471.8223508804563,48429000
2021-04-13,2423.732421875,2442.9683934771824,2385.2604786706347,2385.2604786706347,76327000
2021-04-14,2433.350341796875,2462.204298418972,2404.4963851747775,2442.968327337574,80914000
2021-04-15,2423.732421875,2462.204365079365,2394.878464471726,2462.204365079365,68337400
2021-04-16,2423.732421875,2442.9683934771824,2404.4964502728176,2442.9683934771824,63194400
2021-04-19,2394.87841796875,2414.1143891974148,2385.260432354418,2404.496403583082,43598600
2021-04-20,2385.260498046875,2404.4964698053177,2375.642512167654,2385.260498046875,63882600
2021-04-21,2356.406494140625,2375.642465521365,2356.406494140625,2366.024479830995,65425600
2021-04-22,2356.406494140625,2394.8784369021046,2346.7885084502554,2375.642465521365,71452000
2021-04-23,2366.0244140625,2366.0244140625,2317.9344869474085,2327.5524723704266,104928400
2021-04-26,2298.698486328125,2356.406398118789,2289.080501029681,2346.788412820345,115305000
2021-04-27,2327.552490234375,2337.1704757312114,2289.08054824703,2298.6985337438664,96850800
2021-04-28,2385.260498046875,2414.114455684539,2346.78855452999,2346.78855452999,161162600
2021-04-29,2394.87841796875,2414.1143891974148,2366.024461125753,2394.87841796875,82870600
2021-04-30,2375.642333984375,2404.4962894578694,2356.406363668712,2394.878304300038,69941600
2021-05-03,2327.552490234375,2366.02443222172,2308.3165192407027,2346.7884612280477,65334000
2021-05-04,2346.788330078125,2346.788330078125,2298.6984052814423,2327.552360159452,56355200
2021-05-05,2327.552490234375,2366.02443222172,2327.552490234375,2366.02443222172,45851800
2021-05-06,2337.170654296875,2356.406626760224,2317.934681833526,2356.406626760224,37091000
2021-05-07,2289.08056640625,2356.4064654181984,2289.08056640625,2356.4064654181984,65331800
2021-05-10,2298.698486328125,2317.934456925013,2289.080501029681,2317.934456925013,35481400
2021-05-11,2269.844482421875,2308.316422801907,2250.608512231859,2308.316422801907,69381800
2021-05-17,2279.46240234375,2308.316356803797,2260.2264327037183,2298.6983719837813,95099800
2021-05-18,2269.844482421875,2308.316422801907,2240.990527136851,2298.698437706899,73965200
2021-05-19,2183.28271484375,2250.608613539372,2164.046743787858,2231.3726424834804,98436000
2021-05-20,2173.664794921875,2212.1367381948285,2154.4288232853983,2173.664794921875,69610000
2021-05-21,2240.99072265625,2269.844680458691,2183.282807051368,2202.518778919662,140453000
2021-05-24,2212.13671875,2260.2266474184785,2212.13671875,2260.2266474184785,54897600
2021-05-25,2269.844482421875,2289.080452611891,2221.7545569468352,2221.7545569468352,90594400
2021-05-27,2212.13671875,2308.3165760869565,2212.13671875,2308.3165760869565,353889800
2021-05-28,2231.372802734375,2269.8447476091055,2221.7548165156923,2240.9907889530577,78305800
2021-05-31,2308.316650390625,2346.788594563802,2240.990748087565,2260.2267201741533,96660000
2021-06-02,2346.788330078125,2385.2602699154713,2337.1703451187886,2366.024299996798,157335600
2021-06-03,2404.496337890625,2414.1143232421873,2356.4064111328125,2375.6423818359376,86426400
2021-06-04,2356.406494140625,2433.350379663584,2356.406494140625,2404.4964225924746,76307800
2021-06-07,2356.406494140625,2385.260451211735,2337.1705227598854,2385.260451211735,42514400
2021-06-08,2308.316650390625,2366.0245666503906,2308.316650390625,2366.0245666503906,57084000
2021-06-09,2366.0244140625,2375.642399485518,2308.3165015243903,2337.170457793445,47078600
2021-06-10,2385.260498046875,2404.4964698053177,2356.406540409211,2375.642512167654,43543600
2021-06-11,2414.1142578125,2423.732242903386,2394.878287630727,2414.1142578125,77757800
2021-06-14,2414.1142578125,2423.732242903386,2394.878287630727,2423.732242903386,50043400
2021-06-15,2433.350341796875,2433.350341796875,2394.8783996340785,2423.732356256176,107187800
2021-06-16,2414.1142578125,2442.9682130851593,2385.2603025398407,2433.3502279942727,90051600
2021-06-17,2385.260498046875,2414.114455684539,2385.260498046875,2404.4964698053177,146517200
2021-06-18,2385.260498046875,2385.260498046875,2289.0806392546624,2375.642512167654,201335400
2021-06-21,2317.9345703125,2346.7885276192947,2289.0806130057053,2346.7885276192947,138949200
2021-06-22,2375.642333984375,2404.4962894578694,2317.9344230373863,2337.1703933530493,96680600
2021-06-23,2317.9345703125,2394.8784564639523,2317.9345703125,2394.8784564639523,66074200
2021-06-24,2298.698486328125,2346.788412820345,2298.698486328125,2346.788412820345,52248000
2021-06-25,2269.844482421875,2317.9344078969148,2269.844482421875,2308.316422801907,61052000
2021-06-28,2192.900634765625,2269.8445166872257,2183.282649525425,2240.9905609666257,127109000
2021-06-29,2221.754638671875,2250.6085950182633,2192.900682325487,2250.6085950182633,96970800
2021-06-30,2269.844482421875,2289.080452611891,2231.372542041843,2250.608512231859,146560200
2021-07-01,2298.698486328125,2308.3164716265687,2269.844530432793,2289.080501029681,87385400
2021-07-02,2289.08056640625,2317.9345231256566,2279.4625808331143,2298.6985519793857,80422400
2021-07-05,2250.608642578125,2298.6985708383413,2231.3726712740386,2298.6985708383413,29242400
2021-07-06,2221.754638671875,2269.844565915855,2212.136653223079,2269.844565915855,56066200
2021-07-07,2212.13671875,2240.9906759510873,2183.282761548913,2221.7547044836956,96691000
2021-07-08,2269.844482421875,2269.844482421875,2212.1365718518273,2250.608512231859,81459000
2021-07-09,2221.754638671875,2269.844565915855,2221.754638671875,2269.844565915855,50822400
2021-07-12,2231.372802734375,2260.226761390423,2221.7548165156923,2260.226761390423,39692600
2021-07-13,2221.754638671875,2269.844565915855,2221.754638671875,2250.6085950182633,65117000
2021-07-14,2192.900634765625,2240.9905609666257,2173.6646642852247,2231.3725757264256,59225200
2021-07-15,2260.2265625,2269.84454787234,2183.2826795212763,2202.518650265957,94438400
2021-07-16,2260.2265625,2269.84454787234,2240.990591755319,2260.2265625,39567600
2021-07-19,2212.13671875,2250.608661684783,2212.13671875,2231.372690217391,31460200
2021-07-21,2279.46240234375,2289.080387163766,2231.3724782436707,2240.9904630636865,87100200
2021-07-22,2327.552490234375,2346.7884612280477,2289.08054824703,2298.6985337438664,55171400
2021-07-23,2298.698486328125,2327.552442223457,2289.080501029681,2308.3164716265687,37457600
2021-07-26,2231.372802734375,2308.316692483836,2231.372802734375,2298.6987062651533,77160200
2021-07-27,2240.99072265625,2269.844680458691,2212.136764853809,2250.608708590397,79279400
2021-07-28,2269.844482421875,2269.844482421875,2212.1365718518273,2212.1365718518273,41266000
2021-07-29,2212.13671875,2269.844633152174,2212.13671875,2269.844633152174,68168400
2021-07-30,2192.900634765625,2240.9905609666257,2192.900634765625,2240.9905609666257,92132400
2021-08-02,2183.28271484375,2221.7546569555343,2164.046743787858,2221.7546569555343,68571000
2021-08-03,2221.754638671875,2231.372624120671,2173.664711427895,2192.900682325487,70957400
2021-08-04,2240.99072265625,2269.844680458691,2221.754750787956,2240.99072265625,67410400
2021-08-05,2327.552490234375,2337.1704757312114,2250.608606259685,2260.2265917565214,140254000
2021-08-06,2298.698486328125,2346.788412820345,2289.080501029681,2337.1704275219013,63682000
2021-08-09,2231.372802734375,2317.934678702519,2231.372802734375,2308.316692483836,50317400
2021-08-10,2231.372802734375,2260.226761390423,2221.7548165156923,2231.372802734375,54893400
2021-08-12,2279.46240234375,2289.080387163766,2240.9904630636865,2260.2264327037183,51328800
2021-08-13,2308.316650390625,2327.5526224772134,2269.8447062174478,2298.6986643473306,41771600
2021-08-16,2298.698486328125,2327.552442223457,2250.6085598359045,2308.3164716265687,53074000
2021-08-18,2327.552490234375,2375.6424177185563,2279.4625627501937,2308.3165192407027,141229400
2021-08-19,2250.608642578125,2346.7884990985576,2231.3726712740386,2346.7884990985576,101976800
2021-08-20,2269.844482421875,2289.080452611891,2231.372542041843,2269.844482421875,62841600
2021-08-23,2298.698486328125,2308.3164716265687,2269.844530432793,2269.844530432793,46346200
2021-08-24,2240.99072265625,2298.698638261132,2231.372736722103,2289.080652326985,85217600
2021-08-25,2289.08056640625,2298.6985519793857,2250.608624113708,2260.2266096868434,60726800
2021-08-26,2240.99072265625,2279.462666392838,2240.99072265625,2250.608708590397,55050200
2021-08-27,2231.372802734375,2260.226761390423,2221.7548165156923,2240.9907889530577,35765000
2021-08-30,2289.08056640625,2289.08056640625,2240.9906385405725,2250.608624113708,65062000
2021-08-31,2346.788330078125,2346.788330078125,2289.0804203221055,2308.3163902407787,135700400
2021-09-01,2308.316650390625,2346.788594563802,2308.316650390625,2346.788594563802,70082000
2021-09-02,2327.552490234375,2346.7884612280477,2298.6985337438664,2327.552490234375,51554400
2021-09-03,2356.406494140625,2366.024479830995,2308.3165656887754,2346.7885084502554,50760000
2021-09-06,2385.260498046875,2433.3504274429815,2356.406540409211,2385.260498046875,51684400
2021-09-07,2404.496337890625,2442.9682792968747,2394.8783525390622,2404.496337890625,70448400
2021-09-08,2404.496337890625,2423.73230859375,2356.4064111328125,2423.73230859375,84660600
2021-09-09,2442.968505859375,2442.968505859375,2356.4066296675073,2423.7325333722933,93331600
2021-09-10,2385.260498046875,2423.73244156376,2375.642512167654,2414.114455684539,107576800
2021-09-13,2366.0244140625,2394.878370331555,2327.5524723704266,2346.7884432164633,104806600
2021-09-14,2346.788330078125,2385.2602699154713,2337.1703451187886,2366.024299996798,84931400
2021-09-15,2356.406494140625,2385.260451211735,2346.7885084502554,2375.642465521365,135497800
2021-09-16,2366.0244140625,2385.2603849085367,2356.4064286394814,2375.642399485518,61344200
2021-09-17,2327.552490234375,2366.02443222172,2327.552490234375,2356.406446724884,82452800
2021-09-20,2317.9345703125,2337.170541850363,2279.4626272367736,2317.9345703125,57569200
2021-09-21,2298.698486328125,2317.934456925013,2279.4625157312366,2317.934456925013,45153400
2021-09-22,2337.170654296875,2346.7886405285494,2289.0807231385033,2298.6987093701778,26711200
2021-09-23,2337.170654296875,2356.406626760224,2317.934681833526,2356.406626760224,40606000
2021-09-24,2298.698486328125,2346.788412820345,2279.4625157312366,2337.1704275219013,50278400
2021-09-27,2269.844482421875,2317.9344078969148,2269.844482421875,2308.316422801907,68500800
2021-09-28,2289.08056640625,2317.9345231256566,2269.844595259979,2289.08056640625,64652200
2021-09-29,2308.316650390625,2327.5526224772134,2279.462692260742,2289.080678304036,56467400
2021-09-30,2366.0244140625,2366.0244140625,2308.3165015243903,2327.5524723704266,82812000
2021-10-01,2346.788330078125,2385.2602699154713,2327.552360159452,2366.024299996798,74975400
2021-10-04,2491.058349609375,2500.676335515203,2366.024532833615,2375.6425187394425,156691600
2021-10-05,2471.822265625,2519.91219297179,2452.586294686284,2481.4402510943582,94886200
2021-10-06,2539.1484375,2568.0023970170455,2481.440518465909,2491.058504971591,168775800
2021-10-07,2577.6201171875,2625.7100447469684,2548.766160651819,2558.3841461637126,253196600
2021-10-08,2654.564208984375,2683.4181677776837,2587.2383051333222,2587.2383051333222,223592000
2021-10-11,2654.564208984375,2664.1821952488112,2616.0922639266305,2654.564208984375,123020200
2021-10-12,2693.035888671875,2712.2718593052455,2664.181932721819,2683.41790335519,191044200
2021-10-13,2731.5078125,2731.5078125,2673.79990096831,2721.889827244718,134998000
2021-10-14,2760.36181640625,2760.36181640625,2712.2718892911585,2741.1258455602133,104307800
2021-10-15,2750.743896484375,2769.9798677884614,2721.889939528245,2760.3618821364184,84353000
2021-10-18,2760.36181640625,2818.0697289443597,2750.7438309832314,2769.979801829268,152951600
2021-10-19,2769.979736328125,2789.2157067192925,2712.271825154622,2789.2157067192925,99358000
2021-10-21,2760.36181640625,2818.0697289443597,2741.1258455602133,2760.36181640625,189264000
2021-10-22,2769.979736328125,2779.5977215237085,2721.889810350206,2731.50779554579,65782600
2021-10-25,2741.126220703125,2789.216154399671,2741.126220703125,2760.3621941817432,76296200
2021-10-26,2760.36181640625,2769.979801829268,2731.507860137195,2731.507860137195,55872800
2021-10-27,2750.743896484375,2779.597853440505,2741.1259108323316,2769.9798677884614,82925200
2021-10-28,2702.65380859375,2750.7437340135675,2693.0358235097865,2741.125748929604,99023600
2021-10-29,2760.36181640625,2808.4517435213415,2750.7438309832314,2760.36181640625,160952400
2021-11-01,2760.36181640625,2789.215772675305,2750.7438309832314,2789.215772675305,65621400
2021-11-02,2702.65380859375,2769.9797041814945,2693.0358235097865,2760.361719097531,51923400
2021-11-03,2741.126220703125,2789.216154399671,2664.182326788651,2683.41830026727,107556600
2021-11-04,2760.36181640625,2808.4517435213415,2760.36181640625,2789.215772675305,103726400
2021-11-05,2731.5078125,2789.21572403169,2693.035871478873,2789.21572403169,48035600
2021-11-08,2693.035888671875,2769.9797712053573,2693.035888671875,2769.9797712053573,50517400
2021-11-09,2644.946044921875,2731.5079154829546,2635.328059303977,2712.271944247159,120574200
2021-11-10,2750.743896484375,2750.743896484375,2644.946054311899,2644.946054311899,156118000
2021-11-11,2779.59765625,2779.59765625,2702.6537764922145,2741.1257163711075,86362400
2021-11-12,2731.5078125,2798.833709286972,2712.271841989437,2798.833709286972,56807000
2021-11-15,2712.271728515625,2750.743667927194,2712.271728515625,2731.5076982214096,40131000
2021-11-16,2779.59765625,2779.59765625,2702.6537764922145,2712.271761461938,76140200
2021-11-17,2779.59765625,2789.2156412197232,2750.7437013408307,2779.59765625,72789600
2021-11-18,2760.36181640625,2779.5977872522867,2750.7438309832314,2769.979801829268,30911600
2021-11-19,2789.2158203125,2808.451791487069,2750.743877963362,2760.361863550647,101125800
2021-11-22,2827.6875,2885.3954081632655,2779.5975765306125,2827.6875,92374400
2021-11-23,2750.743896484375,2798.8338247445913,2731.5079251802886,2779.597853440505,63127600
2021-11-24,2750.743896484375,2760.3618821364184,2731.5079251802886,2741.1259108323316,56217000
2021-11-25,2827.6875,2837.3054846938776,2760.3616071428573,2779.5975765306125,97473400
2021-11-26,2731.5078125,2818.069679797535,2721.889827244718,2818.069679797535,78633400
2021-11-29,2760.36181640625,2798.833758098323,2664.181962176067,2731.507860137195,112673000
2021-11-30,2693.035888671875,2789.215741838728,2673.7999180385045,2789.215741838728,219340400
2021-12-01,2721.889892578125,2741.1258635504087,2673.799965147416,2693.0359361196997,93119800
2021-12-02,2769.979736328125,2789.2157067192925,2693.0358547634546,2721.889810350206,70416400
2021-12-03,2750.743896484375,2779.597853440505,2731.5079251802886,2769.9798677884614,46109400
2021-12-06,2760.36181640625,2789.215772675305,2731.507860137195,2750.7438309832314,52050400
2021-12-07,2808.451904296875,2808.451904296875,2760.361974428778,2760.361974428778,64289400
2021-12-08,2750.743896484375,2808.4518103966348,2750.743896484375,2798.8338247445913,56064200
2021-12-09,2827.6875,2827.6875,2741.125637755102,2789.21556122449,42688600
2021-12-10,2769.979736328125,2779.5977215237085,2731.50779554579,2769.979736328125,93532200
2021-12-13,2741.126220703125,2779.598167660362,2741.126220703125,2769.9801809210526,50091200
2021-12-14,2760.36181640625,2769.979801829268,2731.507860137195,2741.1258455602133,65061400
2021-12-15,2798.833740234375,2818.0697109576354,2741.1258280645943,2750.7438134262243,75677400
2021-12-16,2789.2158203125,2818.0697770743536,2769.979849137931,2808.451791487069,69082400
2021-12-17,2750.743896484375,2779.597853440505,2721.889939528245,2779.597853440505,83945200
2021-12-20,2721.889892578125,2750.7438490365503,2721.889892578125,2731.507878064267,57932600
2021-12-21,2750.743896484375,2789.215839092548,2731.5079251802886,2750.743896484375,49859600
2021-12-22,2712.271728515625,2769.9796376329787,2712.271728515625,2760.3616527800864,34814400
2021-12-23,2721.889892578125,2750.7438490365503,2712.2719070919834,2712.2719070919834,44565000
2021-12-24,2712.271728515625,2750.743667927194,2673.799789104056,2731.5076982214096,54902200
2021-12-27,2693.035888671875,2731.507829938616,2683.41790335519,2712.2718593052455,34096400
2021-12-28,2712.271728515625,2712.271728515625,2683.417773956948,2712.271728515625,39835400
2021-12-29,2731.5078125,2741.125797755282,2693.035871478873,2721.889827244718,20860200
2021-12-30,2702.65380859375,2741.125748929604,2702.65380859375,2731.5077638456405,34951600
2022-01-03,2712.271728515625,2741.125683074302,2702.6537436627327,2731.5076982214096,30999600
2022-01-04,2760.36181640625,2769.979801829268,2712.2718892911585,2721.8898747141766,44541400
2022-01-05,2702.65380859375,2760.361719097531,2664.181868257896,2750.7437340135675,98910200
2022-01-06,2702.65380859375,2721.889778761677,2673.7998533418595,2721.889778761677,65651200
2022-01-07,2712.271728515625,2731.5076982214096,2702.6537436627327,2702.6537436627327,68452800
2022-01-10,2712.271728515625,2731.5076982214096,2712.271728515625,2721.8897133685173,44378600
2022-01-11,2712.271728515625,2731.5076982214096,2693.0357588098404,2731.5076982214096,50367600
2022-01-12,2750.743896484375,2750.743896484375,2712.2719538762017,2712.2719538762017,34249200
2022-01-13,2741.126220703125,2760.3621941817432,2731.5082339638157,2750.7442074424343,35763800
2022-01-14,2760.36181640625,2779.5977872522867,2721.8898747141766,2721.8898747141766,43651400
2022-01-17,2769.979736328125,2798.833691914876,2750.7437659369575,2789.2157067192925,43188000
2022-01-18,2789.2158203125,2789.2158203125,2731.507906788793,2760.361863550647,64484800
2022-01-19,2702.65380859375,2769.9797041814945,2693.0358235097865,2760.361719097531,103093600
2022-01-20,2760.36181640625,2760.36181640625,2702.6539038681403,2731.507860137195,53067000
2022-01-21,2808.451904296875,2808.451904296875,2741.1260024815388,2760.361974428778,76806800
2022-01-24,2798.833740234375,2798.833740234375,2769.9797841494847,2798.833740234375,44476800
2022-01-25,2779.59765625,2789.2156412197232,2750.7437013408307,2769.9796712802768,69268000
2022-01-26,2875.77783203125,2875.77783203125,2779.597971428198,2808.4519296091134,140636400
2022-01-27,2904.631591796875,2923.867562603477,2846.9236793770697,2875.7776355869723,113618000
2022-01-28,2943.103759765625,2943.103759765625,2904.6318151935257,2933.4857736226004,121145200
2022-01-31,2875.77783203125,2991.1936647549123,2866.159845970945,2991.1936647549123,101700800
2022-02-02,2875.77783203125,2895.0138041518603,2866.159845970945,2895.0138041518603,68769000
2022-02-03,2875.77783203125,2875.77783203125,2827.687901729724,2875.77783203125,60204000
2022-02-04,2875.77783203125,2895.0138041518603,2846.9238738503345,2866.159845970945,36629400
2022-02-07,2885.395751953125,2943.1036669921873,2875.7777661132814,2943.1036669921873,68867800
2022-02-08,2933.485595703125,2971.9575379418543,2904.6316390240777,2923.8676101434426,158581800
2022-02-09,2952.7216796875,2971.9576515421413,2923.867721905537,2962.3396656148207,107360800
2022-02-10,2971.95751953125,2981.575505031351,2943.1035630309466,2962.339534031149,107679400
2022-02-11,2971.95751953125,2991.193490531452,2943.1035630309466,2991.193490531452,81582600
2022-02-14,3000.8115234375,3000.8115234375,2933.4856238731973,2962.3395808293267,76263200
2022-02-15,3039.283447265625,3039.283447265625,2952.7215769321106,3000.811504895174,67804400
2022-02-16,3020.04736328125,3048.9013189813895,2981.575422347731,3048.9013189813895,74785000
2022-02-17,3020.04736328125,3029.66534851463,2952.7214666475916,3029.66534851463,103038800
2022-02-18,3020.04736328125,3058.5193042147694,2981.575422347731,3010.4293780478706,81303200
2022-02-21,3020.04736328125,3048.9013189813895,3020.04736328125,3020.04736328125,31720800
2022-02-22,3029.665283203125,3039.283268229167,2991.1933430989584,3010.4293131510417,69476600
2022-02-23,3029.665283203125,3058.51923828125,3010.4293131510417,3048.9012532552083,85991000
2022-02-24,2962.339599609375,3029.6654996004972,2943.1036281833403,2971.957585322393,170297000
2022-02-25,2962.339599609375,2981.57557103541,2943.1036281833403,2971.957585322393,163299800
2022-03-01,2943.103759765625,3020.0476489098246,2943.103759765625,2952.72174590865,149532200
2022-03-02,2933.485595703125,2971.9575379418543,2904.6316390240777,2943.1035812628074,110824000
2022-03-04,2943.103759765625,2971.9577181946997,2923.8677874795753,2962.339732051675,104914600
2022-03-07,2904.631591796875,2933.4855480067777,2885.395620990273,2904.631591796875,137667600
2022-03-08,2904.631591796875,2962.3395042166803,2904.631591796875,2933.4855480067777,104072200
2022-03-09,2933.485595703125,2971.9575379418543,2914.24962458376,2914.24962458376,115109200
2022-03-10,2952.7216796875,2981.5756374694624,2923.867721905537,2962.3396656148207,105803000
2022-03-11,2943.103759765625,2971.9577181946997,2923.8677874795753,2971.9577181946997,122401600
2022-03-14,2981.575439453125,3010.4293953188003,2933.4855130103324,2943.103498298891,173513400
2022-03-15,2991.193603515625,3029.6655469692023,2991.193603515625,3000.8115893790196,146735400
2022-03-16,3058.51953125,3096.991475039308,3000.8116155660377,3000.8116155660377,291909800
2022-03-17,3058.51953125,3116.2274469339623,3058.51953125,3077.755503144654,235559000
2022-03-18,3048.9013671875,3077.7553233438484,3029.6653964166007,3068.137337958399,212233400
2022-03-21,3083.417724609375,3113.647310144761,3063.2646675857845,3093.4942531211705,162364400
2022-03-22,3093.494384765625,3123.723971587439,3083.41785582502,3103.5709137062295,112672400
2022-03-23,3133.80029296875,3143.8768212419614,3083.417651602693,3093.494179875904,183894800
2022-03-24,3194.259765625,3194.259765625,3103.5710025630915,3103.5710025630915,210909800
2022-03-25,3164.030029296875,3214.4126730754874,3133.8004430297074,3204.336144319765,136083000
2022-03-28,3174.106689453125,3184.183218625992,3143.8771019345236,3174.106689453125,95354400
2022-03-29,3194.259765625,3234.5658825414034,3174.106707166798,3214.412824083202,160112200
2022-03-30,3174.106689453125,3214.412806144593,3164.030160280258,3204.336276971726,82476000
2022-03-31,3184.18310546875,3214.4126919130736,3164.030047839201,3194.2596342835245,69174000
2022-04-01,3174.106689453125,3184.183218625992,3133.8005727616564,3184.183218625992,62912400
2022-04-04,3153.953369140625,3184.1829541483626,3133.8003124688,3153.953369140625,82013800
2022-04-05,3153.953369140625,3174.1064258124497,3143.876840804712,3143.876840804712,82378200
2022-04-06,3093.494384765625,3143.8770294686483,3083.41785582502,3143.8770294686483,129476400
2022-04-07,3103.571044921875,3133.800633021763,3073.3414568219864,3093.4945155552455,136162800
2022-04-08,3103.571044921875,3143.8771623883927,3093.4945155552455,3143.8771623883927,94622400
2022-04-11,3093.494384765625,3123.723971587439,3083.41785582502,3103.5709137062295,107966400
2022-04-12,3103.571044921875,3123.7241036551336,3073.3414568219864,3093.4945155552455,92691200
2022-04-13,3113.647216796875,3123.7237450065736,3083.417632167779,3093.494160377478,90558600
2022-04-14,3093.494384765625,3123.723971587439,3083.41785582502,3113.647442646834,63275600
2022-04-18,3073.34130859375,3113.6474241162914,3053.1882508324798,3093.4943663550207,101496000
2022-04-19,3053.188232421875,3093.4943477013717,3053.188232421875,3073.3412900616236,104508400
2022-04-20,3164.030029296875,3184.18308680832,3073.341270495372,3083.4177992510945,164354800
2022-04-21,3345.407470703125,3385.713584807982,3194.2595428099116,3224.489128388554,337363200
2022-04-22,3335.3310546875,3355.484112419751,3254.7188237584974,3305.101468089124,168301800
2022-04-25,3315.177978515625,3405.866737806326,3234.565748035002,3305.101449705547,179082600
2022-04-26,3365.560546875,3395.7901326253746,3315.17790395771,3325.2544325411677,131930600
2022-04-27,3315.177978515625,3395.790208996248,3315.177978515625,3335.331036135781,118272800
2022-04-28,3607.397216796875,3657.7798594895685,3496.5554028729484,3536.8615170271037,443163800
2022-05-09,3355.48388671875,3496.555281355574,3355.48388671875,3476.402224978885,351637800
2022-05-10,3264.79541015625,3295.0249972873266,3153.9535906756364,3153.9535906756364,498444800
2022-05-11,3224.4892578125,3305.1014892578123,3224.4892578125,3264.795373535156,198922600
2022-05-12,3174.106689453125,3244.6423936631945,3113.6475144159226,3214.412806144593,162727200
2022-05-13,3143.876953125,3184.183067908654,3123.723895733173,3174.1065392127402,165507800
2022-05-17,3164.030029296875,3224.4892018312103,3143.8769717854298,3143.8769717854298,149548800
2022-05-18,3184.18310546875,3234.5657495426226,3143.876990209652,3214.4126919130736,162519200
2022-05-19,3184.18310546875,3194.2596342835245,3123.723932580103,3143.876990209652,127740400
2022-05-20,3224.4892578125,3244.642315673828,3204.3361999511717,3204.3361999511717,106866400
2022-05-23,3174.106689453125,3254.718922836061,3143.8771019345236,3244.6423936631945,144005200
2022-05-24,3194.259765625,3244.6424117705046,3184.183236395899,3204.3362948541007,134555000
2022-05-25,3164.030029296875,3244.642259342655,3153.9535005411526,3184.18308680832,132635400
2022-05-27,3264.79541015625,3274.871939199942,3204.336235894097,3224.4892939814818,155078600
2022-05-30,3305.101318359375,3305.101318359375,3224.489091082317,3305.101318359375,117617200
2022-05-31,3426.019775390625,3426.019775390625,3315.1779591279874,3335.331016630285,262054000
2022-06-02,3305.101318359375,3365.5604888171683,3244.6421479015817,3355.483960407536,203021800
2022-06-03,3305.101318359375,3345.407431997904,3305.101318359375,3335.3309035882717,147960000
2022-06-06,3284.948486328125,3365.560719121453,3234.5658408322947,3305.101544526457,148785000
2022-06-07,3345.407470703125,3365.5605277555533,3284.9482995458397,3305.101356598268,132673800
2022-06-08,3385.713623046875,3395.7901516868956,3284.9483366466707,3315.177922566732,153409200
2022-06-09,3395.7900390625,3426.01962397997,3365.5604541450293,3385.7135107566764,216804400
2022-06-10,3295.02490234375,3355.484074863819,3284.9483735904055,3335.3310173571294,165119600
2022-06-13,3264.79541015625,3264.79541015625,3204.336235894097,3224.4892939814818,122467200
2022-06-14,3305.101318359375,3305.101318359375,3224.489091082317,3224.489091082317,100136600
2022-06-15,3345.407470703125,3355.483999229339,3274.871771019625,3274.871771019625,142400800
2022-06-16,3375.63720703125,3426.0198519123137,3345.407620102612,3426.0198519123137,186692600
2022-06-17,3254.718505859375,3325.254201032798,3254.718505859375,3295.0246173870455,156836200
2022-06-20,3325.254638671875,3325.254638671875,3244.6424050071023,3264.7954634232956,74978200
2022-06-21,3325.254638671875,3365.560755504261,3305.1015802556817,3345.4076970880683,62996600
2022-06-22,3284.948486328125,3335.3311318239553,3274.8719572289588,3305.101544526457,88306600
2022-06-23,3284.948486328125,3315.1780736256233,3264.795428129793,3284.948486328125,48817400
2022-06-24,3345.407470703125,3345.407470703125,3284.9482995458397,3305.101356598268,60638400
2022-06-27,3315.177978515625,3385.71368018617,3254.7188056551577,3385.71368018617,76574400
2022-06-28,3274.871826171875,3305.1014122596152,3224.4891826923076,3284.9483548677886,110131200
2022-06-29,3204.3359375,3274.8716342374214,3204.3359375,3264.7951061320755,113216400
2022-06-30,3194.259765625,3264.7954702287066,3184.183236395899,3224.4893533123027,125507600
2022-07-01,3063.264892578125,3194.259772852847,3053.188363326223,3174.106714349044,191672200
2022-07-04,2982.652587890625,3093.494407035209,2932.269942824905,3053.188290982633,246417000
2022-07-05,3083.417724609375,3113.647310144761,3002.8054965150122,3002.8054965150122,90919800
2022-07-06,3033.03515625,3083.417800041528,2962.49945494186,3083.417800041528,180812800
2022-07-07,2992.728759765625,3043.111398818918,2992.728759765625,3022.958343197601,120444800
2022-07-08,3012.882080078125,3043.1116661658652,2982.6524939903848,3043.1116661658652,57156600
2022-07-11,3012.882080078125,3033.0351374699517,2982.6524939903848,3012.882080078125,22860800
2022-07-12,2992.728759765625,3012.8818153869424,2972.5757041443076,3012.8818153869424,51524400
2022-07-13,2932.27001953125,2992.729195191688,2932.27001953125,2982.652665914948,142494200
2022-07-14,2932.27001953125,2972.5761366382085,2902.0404317010307,2922.1934902545104,158438200
2022-07-15,2891.96337890625,2982.652125979965,2891.96337890625,2942.346016169425,191949400
2022-07-18,2962.49951171875,2962.49951171875,2912.1168669616286,2912.1168669616286,152078400
2022-07-19,2992.728759765625,3002.8052875762837,2932.2695929016727,2962.499176333649,128963600
2022-07-20,3184.18310546875,3204.336163098299,3043.1117020619067,3043.1117020619067,215712600
2022-07-21,3184.18310546875,3224.489220727848,3113.6474037653284,3224.489220727848,125699200
2022-07-22,3164.030029296875,3194.2596155640426,3133.8004430297074,3194.2596155640426,54461200
2022-07-25,3133.80029296875,3184.1829343348068,3133.80029296875,3174.1064060615954,30750600
2022-07-26,3224.4892578125,3234.565786743164,3143.8770263671877,3153.9535552978514,58317600
2022-07-27,3264.79541015625,3274.871939199942,3224.4892939814818,3244.642352068866,87439200
2022-07-28,3244.64208984375,3305.1012592197203,3234.5655616144213,3234.5655616144213,94427400
2022-07-29,3335.3310546875,3365.5606412858765,3284.9484103568734,3315.1779969552495,132709400
2022-08-01,3214.412841796875,3315.178134643172,3214.412841796875,3305.101605358542,95909000
2022-08-02,3295.02490234375,3295.02490234375,3214.4126723169916,3224.4892010703365,57458200
2022-08-03,3325.254638671875,3325.254638671875,3244.6424050071023,3295.0250510475853,55822800
2022-08-04,3325.254638671875,3345.4076970880683,3284.9485218394884,3345.4076970880683,75188600
2022-08-05,3325.254638671875,3345.4076970880683,3295.0250510475853,3335.3311678799714,64150800
2022-08-08,3365.560546875,3365.560546875,3315.17790395771,3325.2544325411677,82522000
2022-08-09,3415.943359375,3466.3260047935105,3385.713772123894,3395.7903012075963,117148200
2022-08-10,3466.32568359375,3466.32568359375,3325.2542894940043,3365.5604020939318,79950200
2022-08-11,3436.096435546875,3496.555610365882,3395.7903190008706,3476.4025520928794,106627400
2022-08-12,3415.943359375,3456.2494757098084,3395.7903012075963,3436.096417542404,62626200
2022-08-15,3405.86669921875,3446.172814002404,3385.713641826923,3405.86669921875,44464800
2022-08-16,3436.096435546875,3486.4790812293804,3415.943377273873,3446.172964683376,109260400
2022-08-18,3466.32568359375,3546.9379087936045,3456.249155443768,3536.861380643623,116693200
2022-08-19,3426.019775390625,3486.4789478975185,3426.019775390625,3466.3258903952205,48290200
2022-08-22,3436.096435546875,3446.172964683376,3365.5607315913676,3395.7903190008706,121399800
2022-08-23,3476.40234375,3496.5554008152176,3405.8666440217394,3426.0197010869565,95553400
2022-08-24,3476.40234375,3506.6319293478264,3446.172758152174,3466.325815217391,60958200
2022-08-25,3456.24951171875,3476.402570096119,3395.7903365866437,3446.1729825300654,77254800
2022-08-26,3426.019775390625,3486.4789478975185,3426.019775390625,3476.4024191463695,82356600
2022-08-29,3446.1728515625,3466.3259091739765,3365.5606211165937,3385.71367872807,62683800
2022-08-30,3486.479248046875,3526.785366521405,3456.249659190977,3476.402718428242,109649400
2022-08-31,3567.0908203125,3567.0908203125,3405.8663764565677,3426.019431938559,151631600
2022-09-01,3597.32080078125,3607.397329634979,3496.55551224396,3567.091214220063,120967800
2022-09-02,3567.0908203125,3627.5499867584745,3516.708181607521,3617.4734590174785,90044600
2022-09-05,3607.397216796875,3627.5502738739524,3546.9380455656424,3567.0911026427198,60491000
2022-09-06,3557.0146484375,3627.550349681303,3546.9381196883855,3617.4738209321886,65296200
2022-09-07,3577.167724609375,3577.1677246093755,3516.708551799076,3536.861609402509,97771400
2022-09-08,3607.397216796875,3667.856388028107,3557.014574104181,3587.244159719797,96931000
2022-09-09,3657.77978515625,3667.8563134900137,3607.397143487431,3657.7797851562495,128510800
2022-09-12,3698.0859375,3708.1624659400545,3657.779823739782,3688.0094090599455,110819000
2022-09-13,3808.927734375,3829.080791170635,3718.238978794643,3728.3155071924607,185487800
2022-09-14,3748.468994140625,3788.775112357191,3708.1628759240593,3738.3924645864836,119631200
2022-09-15,3768.6220703125,3829.0812479110964,3748.469011112968,3788.7751295120324,156750600
2022-09-16,3667.8564453125,3748.4686748798076,3637.6268592247598,3738.392146183894,167812600
2022-09-19,3718.239013671875,3748.468599148882,3688.0094281948677,3728.3155421642105,137396600
2022-09-20,3708.16259765625,3778.6982992421026,3708.16259765625,3758.5452416461444,140752200
2022-09-21,3738.39208984375,3738.39208984375,3667.8563900353774,3688.009447123484,71044400
2022-09-22,3708.16259765625,3748.4687128481655,3698.0860688582707,3738.3921840501866,96479200
2022-09-23,3708.16259765625,3728.3156552522078,3688.009540060292,3708.16259765625,61877000
2022-09-26,3728.3154296875,3778.698070629223,3607.3970914273646,3677.9327887457766,133769600
2022-09-27,3768.6220703125,3768.6220703125,3708.162892713904,3728.315951913436,130959400
2022-09-28,3748.468994140625,3869.387348790323,3738.3924645864836,3808.928171465474,133085000
2022-09-29,3728.3154296875,3778.698070629223,3708.1623733108104,3768.6215424408783,67945200
2022-09-30,3798.8515625,3798.8515625,3718.2393277519895,3748.4689157824937,113501000
2022-10-03,3738.39208984375,3778.6982040199628,3718.2390327556436,3758.5451469318564,54662400
2022-10-04,3718.239013671875,3778.698184625889,3718.239013671875,3748.468599148882,90247000
2022-10-05,3738.39208984375,3819.004318196176,3738.39208984375,3748.468618387803,75891600
2022-10-06,3758.545166015625,3758.545166015625,3718.2390516347605,3748.468637420409,43279200
2022-10-07,3798.8515625,3798.8515625,3738.392386438992,3758.545445125995,51267000
2022-10-10,3748.468994140625,3788.775112357191,3738.3924645864836,3778.6985828030497,55465000
2022-10-11,3748.468994140625,3798.8516419113325,3728.315935032342,3798.8516419113325,71925600
2022-10-12,3798.8515625,3829.081150530504,3748.4689157824937,3778.6985038129974,118731400
2022-10-13,3819.00439453125,3849.2339807676453,3758.54522205846,3829.080923276715,58832000
2022-10-14,3788.774658203125,3889.5399416659743,3778.6981298568403,3889.5399416659743,106401600
2022-10-17,3808.927734375,3819.0042627728176,3748.4685639880954,3808.927734375,60905200
2022-10-18,3829.08056640625,3859.3101498252468,3808.927510793586,3829.0805664062505,67904400
2022-10-19,3819.00439453125,3859.31050951311,3758.54522205846,3778.69827954939,71544800
2022-10-20,3990.305419921875,4000.3819487600617,3768.621785481771,3768.621785481771,102422400
2022-10-21,4171.68310546875,4211.989222429801,4000.3821083842845,4030.6116961050725,183987800
2022-10-24,4131.376953125,4232.142244664634,4131.376953125,4161.60654058689,102168000
2022-10-25,4121.30029296875,4211.989052471729,4121.30029296875,4141.4533506360785,83305200
2022-10-26,4111.22314453125,4131.3761991613055,4030.6109260110297,4121.299671846277,80531400
2022-10-27,4111.22314453125,4161.605781106388,4050.763980641085,4111.22314453125,84531200
2022-10-28,4111.22314453125,4121.299671846277,4070.91703527114,4080.9935625861676,102437400
2022-10-31,4252.29541015625,4252.29541015625,4121.300527852859,4151.5301160767185,173874600
2022-11-01,4191.8359375,4272.448167067308,4121.3002366286055,4272.448167067308,111898000
2022-11-02,4060.8408203125,4191.835685483871,4020.534707952078,4181.759157393765,127515400
2022-11-03,4101.14697265625,4111.223500844594,4010.4582189611483,4010.4582189611483,119598600
2022-11-04,4091.07080078125,4091.07080078125,4030.611626385468,4040.6881554514316,70781200
2022-11-07,4131.376953125,4131.376953125,4030.611661585366,4101.14736566311,98034400
2022-11-08,4091.07080078125,4141.453446111068,4060.841213583359,4141.453446111068,39585800
2022-11-09,4091.07080078125,4091.07080078125,4050.7646845173954,4050.7646845173954,68010400
2022-11-10,4070.91748046875,4091.0705373027536,4030.6113668007424,4050.7644236347464,61964000
2022-11-11,4201.912109375,4211.988637215228,4121.299886653178,4151.529470173861,102008200
2022-11-14,4131.376953125,4252.295302972561,4091.0708365091464,4252.295302972561,61055200
2022-11-15,4131.376953125,4151.530011432927,4070.91777820122,4151.530011432927,83000800
2022-11-16,4030.611083984375,4101.146777954102,3990.3049731445312,4070.9171948242188,128257800
2022-11-17,3990.305419921875,4040.6880641128078,3970.152362245502,3970.152362245502,167562600
2022-11-18,4101.14697265625,4121.300029032939,4000.3816907728037,4010.4582189611483,111646200
2022-11-21,4070.91748046875,4111.223594136757,4040.6878952177444,4101.147065719756,52311600
2022-11-22,4080.994140625,4131.376784336419,4050.7645543981484,4050.7645543981484,79850600
2022-11-23,4111.22314453125,4151.52925379136,4080.9935625861676,4080.9935625861676,78250600
2022-11-24,4121.30029296875,4151.529879469743,4111.223764135086,4121.30029296875,59701400
2022-11-25,4101.14697265625,4121.300029032939,4070.917388091216,4121.300029032939,77984800
2022-11-28,4080.994140625,4141.453313078704,4080.994140625,4101.147198109568,64779000
2022-11-29,4161.60595703125,4211.9885957362285,4111.223318326271,4131.3763738082625,72261000
2022-11-30,4242.21875,4353.0605700712595,4161.606517220903,4161.606517220903,347136800
2022-12-01,4191.8359375,4292.601224459135,4191.8359375,4242.218580979567,141493000
2022-12-02,4242.21875,4242.21875,4161.606517220903,4191.836104513064,70811400
2022-12-05,4383.2900390625,4433.672683189655,4262.371693157327,4292.601279633621,146472800
2022-12-06,4393.3662109375,4433.672322964449,4322.830514890338,4383.289682930763,139360200
2022-12-07,4181.75927734375,4312.75414627259,4181.75927734375,4282.524561135166,200886200
2022-12-08,4050.7646484375,4121.300351270989,4020.535061508862,4060.841177413713,279908400
2022-12-09,4000.382080078125,4050.7647259229375,3960.0759634022747,4010.458609247087,241338200
2022-12-12,4010.45849609375,4030.6115538630656,3939.9227939011466,3960.075851670462,183717600
2022-12-13,3990.305419921875,4030.6115352746215,3939.9227757309422,3939.9227757309422,224176000
2022-12-14,4010.45849609375,4070.917669401696,4010.45849609375,4060.8411405170386,162689200
2022-12-15,3990.305419921875,4040.6880641128078,3990.305419921875,3990.305419921875,82673400
2022-12-16,4070.91748046875,4070.91748046875,3960.0756678817297,3960.0756678817297,770252400
2022-12-19,4030.611083984375,4060.840667114258,3990.3049731445312,4030.611083984375,100871400
2022-12-20,4050.7646484375,4050.7646484375,4010.4585325326493,4030.611590485075,56633800
2022-12-21,4030.611083984375,4080.9937225341796,4030.611083984375,4080.9937225341796,37945200
2022-12-22,4010.45849609375,4070.917669401696,4010.45849609375,4070.917669401696,78836200
2022-12-23,4000.382080078125,4030.611667585012,3990.3055509091623,3990.3055509091623,38571200
2022-12-26,4050.7646484375,4050.7646484375,4010.4585325326493,4020.535061508862,19578800
2022-12-27,4010.45849609375,4050.764611632381,3980.228909439777,4050.764611632381,43282000
2022-12-28,4020.534912109375,4030.6114407111527,3970.1522691004852,4030.6114407111527,30258400
2022-12-29,4020.534912109375,4020.5349121093745,3980.2287977022634,3990.305326304041,56981400
2022-12-30,4000.382080078125,4050.7647259229375,4000.3820800781245,4030.611667585012,40655800
2023-01-02,3980.228759765625,4020.5348737885683,3980.2287597656255,4000.381816777097,5985400
2023-01-03,4010.45849609375,4020.535024978408,3970.1523805551196,3970.1523805551196,13815200
2023-01-04,4040.688232421875,4060.841290937695,4020.5351739060548,4040.688232421875,38575800
2023-01-05,3960.075439453125,4050.7641899749524,3919.7693281100906,4050.7641899749524,84945800
2023-01-06,3949.99951171875,3949.9995117187495,3869.387276785714,3919.7699236188614,44097000
2023-01-09,3919.769287109375,3970.1519257611667,3869.3866484575838,3929.8458148397335,67250600
2023-01-10,3738.39208984375,3849.2339038283353,3698.085975667537,3829.080846740229,214538800
2023-01-11,3607.397216796875,3698.0859736437237,3587.244159719797,3657.7798594895685,193915000
2023-01-12,3708.16259765625,3808.9278856360393,3627.5503672724185,3627.5503672724185,219659400
2023-01-13,3698.0859375,3718.238994380109,3647.7032952997274,3677.932880619891,107483800
2023-01-16,3748.468994140625,3768.622053248908,3667.856757707493,3667.856757707493,145710000
2023-01-17,3929.84619140625,3960.0757774939902,3778.698260967548,3788.7747896634614,146238000
2023-01-18,3849.234130859375,3939.922893104753,3829.0810725826245,3889.5402474128764,95360600
2023-01-19,3929.84619140625,3960.0757774939902,3839.157433143029,3869.387019230769,81704200
2023-01-20,4020.534912109375,4030.6114407111527,3949.9992118969294,3970.1522691004852,93227400
2023-01-24,3990.305419921875,4020.5350064364347,3949.999304569129,3970.152362245502,35028000
2023-01-25,3909.69287109375,3970.152039203447,3909.69287109375,3949.9989831668818,72767800
2023-01-26,3960.075439453125,3980.228495124642,3929.845855945849,3939.922383781608,70558600
2023-01-27,4040.688232421875,4091.0708787114245,3990.305586132325,3990.305586132325,216788400
2023-01-30,4010.45849609375,4080.994198286354,3980.228909439777,4040.688082747723,82589400
2023-01-31,4010.45849609375,4070.917669401696,3980.228909439777,4040.688082747723,167297000
2023-02-01,3909.69287109375,4050.7642633497103,3899.6163430754673,4010.458151276579,165628800
2023-02-02,3919.769287109375,3929.8458148397335,3859.3101207272252,3919.769287109375,99351800
2023-02-03,4000.382080078125,4010.458609247087,3929.846375895387,3929.846375895387,108125400
2023-02-06,3980.228759765625,4050.7644593057757,3929.8461172369466,4000.381816777097,109098400
2023-02-07,4101.14697265625,4121.300029032939,3990.305162584459,4010.4582189611483,118132000
2023-02-08,4111.22314453125,4121.299671846277,4070.91703527114,4080.9935625861676,75656000
2023-02-09,4131.376953125,4191.836128048781,4131.376953125,4151.530011432927,121757400
2023-02-10,4151.52978515625,4211.988956784739,4091.0706135277605,4211.988956784739,81114600
2023-02-13,4171.68310546875,4252.295339390852,4131.376988507699,4252.295339390852,56771800
2023-02-14,4181.75927734375,4211.988862481175,4141.453163827184,4211.988862481175,39570600
2023-02-15,4121.30029296875,4171.682937137072,4070.9176488004277,4151.529879469743,75595200
2023-02-16,4101.14697265625,4141.453085409628,4080.9939162795604,4121.300029032939,49569000
2023-02-17,4151.52978515625,4151.52978515625,4070.9175563182644,4101.147142132509,58521000
2023-02-20,4141.45361328125,4151.530142753953,4111.224024863139,4151.530142753953,40696400
2023-02-21,4111.22314453125,4151.52925379136,4101.146617216223,4151.52925379136,52604400
2023-02-22,4030.611083984375,4101.146777954102,4010.4580285644533,4080.9937225341796,75513400
2023-02-23,4060.8408203125,4070.9173484026055,4000.3816517718674,4020.534707952078,177505200
2023-02-24,4080.994140625,4121.300255594136,4060.841083140432,4080.994140625,54138200
2023-02-27,4091.07080078125,4091.07080078125,4050.7646845173954,4060.841213583359,47901800
2023-02-28,4030.611083984375,4091.070250244141,4030.611083984375,4060.840667114258,146440400
2023-03-01,4070.91748046875,4111.223594136757,4050.7644236347464,4091.0705373027536,89565600
2023-03-02,4121.30029296875,4151.529879469743,4091.0707064677563,4091.0707064677563,72991800
2023-03-03,4050.7646484375,4131.376880247201,4040.6881194612874,4111.223822294776,88630600
2023-03-06,4080.994140625,4121.300255594136,4060.841083140432,4101.147198109568,53728800
2023-03-07,4101.14697265625,4141.453085409628,4080.9939162795604,4091.070444467905,80065800
2023-03-08,4141.45361328125,4141.45361328125,4101.147495390435,4131.377083808547,104838200
2023-03-09,4211.98876953125,4232.141825844797,4171.682656904157,4191.835713217703,83286000
2023-03-10,4181.75927734375,4201.912334102033,4141.453163827184,4201.912334102033,107531000
2023-03-13,4171.68310546875,4181.759634709013,4121.300459267437,4141.453517747962,92827600
2023-03-14,4000.382080078125,4141.4534884436,3970.152492571237,4111.223900936712,191898400
2023-03-15,4050.7646484375,4101.147293318563,3970.1524166277986,4050.7646484375,262828600
2023-03-16,3970.15234375,4060.841102871193,3960.0758149587564,4060.841102871193,135467400
2023-03-17,4070.91748046875,4080.994008885752,4000.381781549737,4010.458309966739,224171600
2023-03-20,4030.611083984375,4070.9171948242188,4030.611083984375,4050.764139404297,46333000
2023-03-21,4232.142578125,4232.142578125,4060.8415690104166,4070.9180989583333,131331000
2023-03-24,4393.3662109375,4413.519266950975,4262.3713468499145,4282.524402863389,222156200
2023-03-27,4321.0673828125,4416.385045668658,4321.0673828125,4405.794194240196,151825600
2023-03-28,4289.29541015625,4352.84052734375,4278.704557291667,4321.06796875,103951000
2023-03-29,4384.61279296875,4395.203645125679,4321.067680027174,4342.249384341033,107454600
2023-03-30,4331.65869140625,4405.7946592298285,4331.65869140625,4384.6129541373775,97186200
2023-03-31,4374.021484375,4374.021484375,4321.067229116223,4352.83978227149,92013200
2023-04-03,4458.7490234375,4458.7490234375,4405.794759501187,4405.794759501187,101724400
2023-04-04,4405.794921875,4490.521747295673,4321.068096454327,4448.158334585337,94482600
2023-04-05,4426.9765625,4448.15826854067,4363.43144437799,4363.43144437799,42655500
2023-04-06,4384.61279296875,4426.976201596467,4363.431088654891,4426.976201596467,47999400
2023-04-10,4321.0673828125,4384.612491383272,4278.703977098652,4363.430788526348,74787800
2023-04-11,4321.0673828125,4321.0673828125,4278.703977098652,4321.0673828125,37744800
2023-04-12,4363.43115234375,4426.976266212834,4321.067743097695,4321.067743097695,111901500
2023-04-13,4342.24951171875,4405.79462652439,4342.24951171875,4384.612921589177,67928500
2023-04-14,4426.9765625,4448.15826854067,4363.43144437799,4363.43144437799,142479800
2023-04-17,4342.24951171875,4448.158036394817,4342.24951171875,4426.976331459603,95789900
2023-04-18,4384.61279296875,4448.157905910326,4342.249384341033,4363.431088654891,106962300
2023-04-26,4405.794921875,4596.430279071515,4384.613215519832,4575.248572716347,207338000
2023-04-27,4405.794921875,4426.976628230168,4384.613215519832,4384.613215519832,51076300
2023-04-28,4384.61279296875,4426.976201596467,4363.431088654891,4426.976201596467,116957800
2023-05-02,4448.158203125,4448.158203125,4384.6130859375,4448.158203125,98024100
2023-05-03,4426.9765625,4448.15826854067,4363.43144437799,4448.15826854067,110683000
2023-05-04,4384.61279296875,4426.976201596467,4342.249384341033,4384.61279296875,100945900
2023-05-05,4384.61279296875,4405.794497282609,4342.249384341033,4384.61279296875,64499500
2023-05-08,4342.24951171875,4405.79462652439,4342.24951171875,4384.612921589177,64678000
2023-05-09,4278.7041015625,4342.249211981745,4278.7041015625,4321.067508508663,93531000
2023-05-10,4299.88623046875,4342.249641606373,4278.704524899938,4278.704524899938,58148200
2023-05-11,4321.0673828125,4321.0673828125,4257.522274241728,4299.885679955576,63262300
2023-05-12,4236.3408203125,4299.885932617188,4236.3408203125,4299.885932617188,105407300
2023-05-15,4278.7041015625,4278.7041015625,4236.340694616337,4278.7041015625,76451700
2023-05-16,4227.8681640625,4299.885958440318,4219.395482370992,4299.885958440318,42752200
2023-05-17,4236.3408203125,4299.885932617188,4219.39545703125,4227.868138671875,63396700
2023-05-19,4299.88623046875,4321.067936037562,4257.522819331127,4299.88623046875,78499800
2023-05-22,4426.9765625,4448.15826854067,4299.886326255981,4321.068032296651,120027200
2023-05-23,4342.24951171875,4448.158036394817,4321.067806783536,4405.79462652439,165534100
2023-05-24,4299.88623046875,4363.431347175185,4278.704524899938,4342.249641606373,125575300
2023-05-25,4384.61279296875,4384.61279296875,4278.704271399457,4278.704271399457,76424100
2023-05-26,4342.24951171875,4405.79462652439,4321.067806783536,4384.612921589177,42313700
2023-05-29,4363.43115234375,4384.612856966778,4321.067743097695,4384.612856966778,60646900
2023-05-30,4363.43115234375,4405.794561589806,4321.067743097695,4321.067743097695,49086100
2023-05-31,4278.7041015625,4405.7943224009905,4278.7041015625,4384.612618927908,393735900
2023-06-05,4299.88623046875,4363.431347175185,4299.88623046875,4321.067936037562,149191300
2023-06-06,4278.7041015625,4321.067508508663,4193.977287670174,4278.7041015625,244590500
2023-06-07,4257.5224609375,4299.885868509017,4236.340757151742,4236.340757151742,130408700
2023-06-08,4257.5224609375,4299.885868509017,4236.340757151742,4236.340757151742,173484200
2023-06-09,4342.24951171875,4342.24951171875,4236.340987042683,4257.522691977896,150849200
2023-06-12,4321.0673828125,4342.249085669424,4278.703977098652,4321.0673828125,91080300
2023-06-13,4321.0673828125,4384.612491383272,4278.703977098652,4321.0673828125,143804700
2023-06-14,4278.7041015625,4363.430915454827,4278.7041015625,4342.249211981745,96670300
2023-06-15,4342.24951171875,4363.431216653963,4278.704396913109,4278.704396913109,94097900
2023-06-16,4363.43115234375,4363.43115234375,4299.886038474667,4342.249447720722,103942500
2023-06-19,4342.24951171875,4363.431216653963,4321.067806783536,4321.067806783536,36211300
2023-06-20,4321.0673828125,4342.249085669424,4278.703977098652,4321.0673828125,44316800
2023-06-21,4321.0673828125,4321.0673828125,4278.703977098652,4278.703977098652,58061600
2023-06-22,4299.88623046875,4363.431347175185,4299.88623046875,4321.067936037562,60457300
2023-06-23,4299.88623046875,4342.249641606373,4278.704524899938,4299.88623046875,47276900
2023-06-26,4342.24951171875,4384.612921589177,4299.886101848323,4321.067806783536,74263700
2023-06-27,4405.794921875,4448.158334585337,4363.431509164664,4384.613215519832,101592900
2023-07-03,4532.884765625,4532.884765625,4342.249425014603,4342.249425014603,227354700
2023-07-04,4448.158203125,4575.2484375,4426.976497395834,4575.2484375,119841200
2023-07-05,4469.33984375,4511.7032545912325,4448.158138329384,4490.521549170617,78430000
2023-07-06,4490.52099609375,4532.884401717276,4448.157590470224,4490.52099609375,90981000
2023-07-07,4363.43115234375,4490.521380081917,4363.43115234375,4469.339675458889,128515100
2023-07-10,4384.61279296875,4426.976201596467,4363.431088654891,4384.61279296875,82685700
2023-07-11,4469.33984375,4490.521549170617,4384.613022067536,4405.794727488152,100578900
2023-07-12,4490.52099609375,4554.066104529039,4448.157590470224,4490.52099609375,123947700
2023-07-13,4532.884765625,4554.066470137266,4469.339652088201,4554.066470137266,101281200
2023-07-14,4575.248046875,4596.429750795718,4532.884639033565,4575.248046875,122343600
2023-07-17,4554.06640625,4638.793223110465,4554.06640625,4596.429814680232,99897600
2023-07-18,4532.884765625,4596.429879161799,4490.521356600468,4554.066470137266,65073800
2023-07-20,4681.15673828125,4702.338442979355,4575.248214790724,4575.248214790724,132054000
2023-07-21,4702.3388671875,4723.5205737964525,4617.612040751689,4702.3388671875,111275700
2023-07-24,4659.97509765625,4765.883622602983,4659.97509765625,4702.338507634943,54865000
2023-07-25,4702.3388671875,4723.5205737964525,4659.975453969594,4702.3388671875,65237300
2023-07-26,4723.52001953125,4744.701723654708,4681.156611284333,4702.338315407791,88526700
2023-07-27,4765.88330078125,4829.428411458333,4723.519893663195,4723.519893663195,86556200
2023-07-28,4829.4287109375,4850.6104158100325,4765.883596319901,4765.883596319901,121968500
2023-07-31,4850.6103515625,4914.155465338428,4765.883533194597,4914.155465338428,189375700
2023-08-01,4787.06494140625,4850.610051247926,4744.701534845132,4787.06494140625,114702500
2023-08-02,4829.4287109375,4871.792120682566,4744.701891447368,4765.883596319901,133546200
2023-08-03,4914.1552734375,4935.336977202317,4829.428458378233,4850.61016214305,68587500
2023-08-04,4892.9736328125,4935.337040888799,4871.791928774351,4914.155336850649,47144200
2023-08-07,4977.70068359375,5020.064093666888,4935.337273520611,4956.518978557181,104342100
2023-08-08,4998.88232421875,5041.245733746027,4977.700619455111,4998.88232421875,66473200
2023-08-09,4998.88232421875,5041.245733746027,4956.518914691472,4998.88232421875,64495400
2023-08-10,5062.427734375,5083.609440376569,4998.882616370292,5020.064322371862,78859600
2023-08-11,5020.0634765625,5104.7902862935125,4998.881774129746,5062.426881428006,46568600
2023-08-14,5041.24560546875,5041.24560546875,4914.155380120798,5020.0639012440915,86460500
2023-08-15,4914.1552734375,5020.063792261584,4914.1552734375,4998.882088496767,116815700
2023-08-16,4914.1552734375,4914.1552734375,4808.246754613417,4892.973569672684,163744100
2023-08-18,4892.9736328125,4935.337040888799,4850.610224736201,4850.610224736201,104894600
2023-08-21,4935.33740234375,4977.700813522666,4914.155696754292,4914.155696754292,61845800
2023-08-22,5041.24560546875,5041.24560546875,4914.155380120798,4914.155380120798,93617200
2023-08-23,4956.51904296875,5041.245864216079,4956.51904296875,5041.245864216079,40844700
2023-08-24,5041.24560546875,5041.24560546875,4977.700492794774,4998.882197019432,42648300
2023-08-25,4998.88232421875,5020.064028982389,4935.337209927833,4998.88232421875,65093100
2023-08-28,5083.60888671875,5104.790590413411,4998.882071940104,5041.245479329427,63980400
2023-08-29,5041.24560546875,5104.790718142725,5041.24560546875,5083.609013918067,50839300
2023-08-30,5062.427734375,5168.336264382845,5020.064322371862,5020.064322371862,65727400
2023-08-31,5104.791015625,5147.15442654305,4998.882488329876,5083.609310165975,159062900
2023-09-01,5147.154296875,5189.517706725824,5125.972591949589,5147.154296875,50796000
2023-09-04,5168.3359375,5210.699346823771,5125.972528176229,5147.154232838115,56317700
2023-09-05,5168.3359375,5210.699346823771,5147.154232838115,5168.3359375,24893100
2023-09-06,5125.97216796875,5189.517277489024,5125.97216796875,5125.97216796875,40547800
2023-09-07,4977.70068359375,5104.7909138131645,4935.337273520611,5083.609208776596,124351400
2023-09-08,4998.88232421875,5020.064028982389,4892.973800400556,4998.88232421875,81980400
2023-09-11,5020.0634765625,5020.0634765625,4935.3366668314875,4998.881774129746,74510600
2023-09-12,4977.70068359375,5041.245798703458,4956.518978557181,5041.245798703458,54076800
2023-09-13,4956.51904296875,4956.51904296875,4892.973927033254,4935.337337656918,69884000
2023-09-14,4935.33740234375,4977.700813522666,4892.973991164834,4935.33740234375,59132600
2023-09-15,5020.0634765625,5062.426881428006,4956.51836926424,4998.881774129746,165106200
2023-09-18,4998.88232421875,5041.245733746027,4977.700619455111,4998.88232421875,53450400
2023-09-19,5083.60888671875,5147.153997802734,4977.700368245442,4998.882071940104,84608400
2023-09-20,5147.154296875,5189.517706725824,5125.972591949589,5168.336001800411,64864900
2023-09-21,5083.60888671875,5147.153997802734,5062.427183024089,5125.972294108073,60535000
2023-09-22,5083.60888671875,5125.972294108073,5062.427183024089,5083.60888671875,51069900
2023-09-25,5083.60888671875,5125.972294108073,5062.427183024089,5083.60888671875,40650900
2023-09-26,5020.0634765625,5083.60858386076,4956.51836926424,5062.426881428006,109786400
2023-09-27,5083.60888671875,5125.972294108073,4998.882071940104,5020.063775634765,75050600
2023-09-29,5104.791015625,5125.972721084025,5083.609310165975,5125.972721084025,71554100
2023-10-02,5125.97216796875,5168.335574315599,5104.7904647953255,5104.7904647953255,33296500
2023-10-03,5147.154296875,5147.154296875,5083.609182098766,5083.609182098766,37093100
2023-10-04,5189.517578125,5189.517578125,5062.427351721939,5147.15416932398,69154000
2023-10-05,5189.517578125,5253.0626913265305,5168.33587372449,5210.69928252551,69566800
2023-10-06,5104.791015625,5210.699542920124,5104.791015625,5210.699542920124,25913600
2023-10-09,4998.88232421875,5125.972552800582,4998.88232421875,5104.790848036943,45321700
2023-10-10,5083.60888671875,5147.153997802734,4998.882071940104,4998.882071940104,42820800
2023-10-11,5125.97216796875,5231.880683835873,5041.245355275052,5041.245355275052,72955000
2023-10-12,5147.154296875,5231.8811165766465,5125.972591949589,5147.154296875,91341800
2023-10-13,5147.154296875,5210.699411651235,5104.790887024177,5147.154296875,39914700
2023-10-16,5104.791015625,5147.15442654305,5062.427604706951,5104.791015625,53416400
2023-10-17,5083.60888671875,5104.790590413411,5020.063775634765,5083.60888671875,74702300
2023-10-18,4956.51904296875,5041.245864216079,4935.337337656918,5020.064158904247,80637400
2023-10-19,4850.6103515625,4914.155465338428,4829.428646970524,4892.973760746452,160277800
2023-10-20,4871.7919921875,4914.155400815217,4787.065174932065,4808.246879245924,82132000
2023-10-23,4808.2470703125,4850.6104806236235,4765.883660001377,4829.428775468062,73897500
2023-10-24,4871.7919921875,4914.155400815217,4808.246879245924,4829.428583559783,72469200
2023-10-25,4956.51904296875,4998.882453592415,4892.973927033254,4935.337337656918,90426500
2023-10-26,4829.4287109375,4956.5189401726975,4829.4287109375,4914.155530427632,86348700
2023-10-27,4829.4287109375,4892.973825555098,4829.4287109375,4871.792120682566,90177000
2023-10-30,4850.6103515625,4850.6103515625,4765.883533194597,4829.428646970524,81547000
2023-10-31,4808.2470703125,4956.519006401432,4787.065365156938,4914.155596090309,99449400
2023-11-01,4787.06494140625,4829.428347967367,4765.883238125692,4829.428347967367,74281200
2023-11-02,4998.88232421875,5020.064028982389,4850.610390873278,4871.792095636917,115678200
2023-11-03,4935.33740234375,5062.427635880499,4935.33740234375,5020.064224701583,53379500
2023-11-06,5020.0634765625,5020.0634765625,4956.51836926424,4998.881774129746,58266100
2023-11-07,4977.70068359375,5062.427503740027,4914.155568484042,5041.245798703458,56161300
2023-11-08,4956.51904296875,4956.51904296875,4850.610516409589,4892.973927033254,63442400
2023-11-09,4977.70068359375,4998.882388630319,4914.155568484042,4935.337273520611,45026200
2023-11-10,4892.9736328125,4956.518744926948,4892.9736328125,4956.518744926948,59611500
2023-11-13,4935.33740234375,4956.519107933208,4914.155696754292,4956.519107933208,17444600
2023-11-14,4935.33740234375,4998.882519112125,4914.155696754292,4935.33740234375,50587800
2023-11-15,5020.0634765625,5062.426881428006,4977.700071696993,4998.881774129746,74255700
2023-11-16,5020.0634765625,5020.0634765625,4935.3366668314875,4956.51836926424,36004500
2023-11-17,4998.88232421875,5041.245733746027,4956.518914691472,4977.700619455111,33963900
2023-11-20,4977.70068359375,5020.064093666888,4935.337273520611,4935.337273520611,20014600
2023-11-21,4977.70068359375,5020.064093666888,4935.337273520611,4956.518978557181,55094300
2023-11-22,4977.70068359375,4998.882388630319,4935.337273520611,4935.337273520611,21111100
2023-11-23,4998.88232421875,5041.245733746027,4998.88232421875,5041.245733746027,36725600
2023-11-24,4977.70068359375,5020.064093666888,4956.518978557181,5020.064093666888,27087900
2023-11-27,4998.88232421875,5020.064028982389,4977.700619455111,4998.88232421875,39719300
2023-11-28,4998.88232421875,5020.064028982389,4977.700619455111,4998.88232421875,58255800
2023-11-29,4956.51904296875,5020.064158904247,4935.337337656918,4956.51904296875,36796600
2023-11-30,4956.51904296875,5020.064158904247,4935.337337656918,4956.51904296875,117365000
2023-12-01,4998.88232421875,4998.88232421875,4935.337209927833,4956.518914691472,31365100
2023-12-04,5083.60888671875,5104.790590413411,4998.882071940104,5020.063775634765,66145100
2023-12-05,5062.427734375,5083.609440376569,4977.700910368723,5083.609440376569,58668400
2023-12-06,4914.1552734375,5041.245496026401,4914.1552734375,5020.063792261584,88747200
2023-12-07,4871.7919921875,4935.337105129076,4850.610287873641,4914.155400815217,97966700
2023-12-08,4829.4287109375,4892.973825555098,4787.065301192434,4871.792120682566,98036700
2023-12-11,4892.9736328125,4914.155336850649,4787.0651126217535,4787.0651126217535,68655000
2023-12-12,4914.1552734375,4935.336977202317,4871.791865907867,4914.1552734375,55110500
2023-12-13,4850.6103515625,4892.973760746452,4829.428646970524,4871.792056154476,121450600
2023-12-14,5041.24560546875,5104.790718142725,4914.155380120798,4935.337084345457,171595800
2023-12-15,4998.88232421875,5083.609143273305,4998.88232421875,5041.245733746027,142382200
2023-12-18,5020.0634765625,5041.245178995253,4956.51836926424,4956.51836926424,101458600
2023-12-19,5062.427734375,5062.427734375,5020.064322371862,5041.246028373431,40763200
2023-12-20,5020.0634765625,5062.426881428006,4998.881774129746,4998.881774129746,65361000
2023-12-21,5062.427734375,5062.427734375,5020.064322371862,5041.246028373431,50363900
2023-12-22,5062.427734375,5062.427734375,5020.064322371862,5041.246028373431,29975600
2023-12-27,5083.60888671875,5104.790590413411,5020.063775634765,5083.60888671875,43114900
2023-12-28,5189.517578125,5210.69928252551,5083.609056122449,5125.9724649234695,75118700
2023-12-29,5125.97216796875,5189.517277489024,5083.608761621901,5189.517277489024,63097100
2024-01-02,5189.517578125,5189.517578125,5104.790760522959,5125.9724649234695,26235700
2024-01-03,5168.3359375,5210.699346823771,5125.972528176229,5168.3359375,30053900
2024-01-04,5380.15283203125,5422.516240157481,5168.335791400099,5189.517495463214,135344500
2024-01-05,5443.6982421875,5486.061652632539,5380.153126519942,5422.516536964981,114339400
2024-01-08,5422.51611328125,5591.969741821289,5401.334409713745,5507.2429275512695,151018300
2024-01-09,5401.3349609375,5464.880078125,5380.153255208334,5443.698372395834,77953400
2024-01-10,5443.6982421875,5464.87994741002,5358.971421297422,5401.334831742462,50019800
2024-01-11,5464.88037109375,5507.243784823159,5422.516957364342,5443.698664229046,32120200
2024-01-12,5570.7880859375,5655.514900932747,5528.4246784398765,5570.7880859375,114039700
2024-01-15,5507.2431640625,5613.151686448317,5486.061459585337,5570.788277493991,83066800
2024-01-16,5528.42431640625,5613.151125853089,5507.2426140445405,5528.42431640625,83516800
2024-01-17,5528.42431640625,5613.151125853089,5507.2426140445405,5528.42431640625,80929000
2024-01-18,5528.42431640625,5549.6060187679595,5486.06091168283,5528.42431640625,78209900
2024-01-19,5528.42431640625,5528.42431640625,5443.697506959411,5507.2426140445405,74814000
2024-01-22,5507.2431640625,5549.6065730168275,5464.879755108173,5507.2431640625,96993100
2024-01-23,5507.2431640625,5549.6065730168275,5464.879755108173,5528.424868539664,77037800
2024-01-24,5422.51611328125,5486.061223983765,5380.15270614624,5464.87952041626,97290600
2024-01-25,5316.60791015625,5422.516434262949,5295.42620533491,5358.9713197989295,99094100
2024-01-26,5337.78955078125,5358.971255347843,5274.244437081474,5295.426141648066,77236800
2024-01-29,5486.0615234375,5486.0615234375,5316.607885647925,5380.152999819015,124753000
2024-01-30,5634.33349609375,5676.696905838816,5464.879857113487,5486.06156198602,123330900
2024-01-31,5634.33349609375,5676.696905838816,5634.33349609375,5634.33349609375,128185000
2024-02-01,5549.6064453125,5613.151557281727,5507.243037333015,5570.788149302242,168145800
2024-02-02,5655.51513671875,5655.51513671875,5591.970022823034,5613.15172745494,120116200
2024-02-05,5782.60498046875,5888.513496594551,5655.514761117788,5676.696464342948,150535100
2024-02-06,5803.787109375,5867.3322237112225,5740.2419950387775,5782.605404596259,90146000
2024-02-07,5888.513671875,5888.513671875,5803.786856452338,5824.968560308003,88745500
2024-02-12,6015.60400390625,6100.330820862676,5973.240595428037,6057.9674123844625,162771300
2024-02-13,5952.05908203125,6036.785901704293,5952.05908203125,6015.604196786032,102668900
2024-02-15,6100.3310546875,6248.602990044488,6057.967644585504,6185.057874891493,220530000
2024-02-16,6100.3310546875,6269.784695095486,6100.3310546875,6248.602990044488,142022100
2024-02-19,6057.96728515625,6206.239211716019,6036.785581361998,6057.96728515625,83753500
2024-02-20,6057.96728515625,6142.694100333261,6057.96728515625,6142.694100333261,87312000
2024-02-21,6142.6943359375,6142.6943359375,5994.422403690733,6036.785812904095,128063900
2024-02-22,6015.60400390625,6100.330820862676,6015.60400390625,6079.149116623569,85735800
2024-02-23,5973.24072265625,6015.60413203679,5930.877313275709,5973.24072265625,109404700
2024-02-26,5973.24072265625,5994.42242734652,5888.513903895168,5888.513903895168,65407700
2024-02-27,5994.42236328125,6015.604067745141,5909.695545425685,5909.695545425685,58066100
2024-02-28,6036.78564453125,6036.78564453125,5952.058828467653,5952.058828467653,49888400
2024-02-29,5930.87744140625,6057.967672293527,5930.87744140625,6036.785967145647,150713600
2024-03-01,5952.05908203125,5994.422491867772,5909.695672194729,5973.240786949511,90739400
2024-03-04,5952.05908203125,5973.240786949511,5909.695672194729,5930.87737711299,44707200
2024-03-05,5952.05908203125,6015.604196786032,5930.87737711299,5994.422491867772,92557200
2024-03-06,5994.42236328125,6015.604067745141,5930.877249889576,5930.877249889576,74178100
2024-03-07,6015.60400390625,6036.785708145357,5952.05889118893,5994.422299667143,94950400
2024-03-08,6036.78564453125,6079.149052563048,6015.603940515351,6057.9673485471485,109032400
2024-03-13,6163.8759765625,6163.8759765625,6057.967454628436,6142.694272175687,126022700
2024-03-14,6269.78515625,6269.78515625,6121.513209987331,6142.694916596283,161193000
2024-03-15,6269.78515625,6354.511982685811,6163.876623205237,6312.148569467905,250581100
2024-03-18,6079.14892578125,6290.965961522757,6079.14892578125,6290.965961522757,105778200
2024-03-19,6163.8759765625,6227.421089722938,6121.512567788875,6142.694272175687,100836600
2024-03-20,6278.7255859375,6278.7255859375,6234.195617242908,6278.7255859375,83416700
2024-03-21,6278.7255859375,6412.315492021276,6278.7255859375,6323.255554632092,81774800
2024-03-22,6278.7255859375,6300.990570284796,6189.665648548315,6234.195617242908,65219900
2024-03-25,6456.84521484375,6456.84521484375,6234.195379849139,6456.84521484375,78212700
2024-03-26,6390.05078125,6434.5807518510455,6345.520810648955,6434.5807518510455,74274300
2024-03-27,6390.05078125,6456.845737151569,6390.05078125,6412.315766550523,46295700
2024-03-28,6456.84521484375,6456.84521484375,6345.520297346444,6367.785280845906,90900900
2024-04-01,6145.1357421875,6456.845526211503,6011.545834748641,6456.845526211503,158358600
2024-04-02,6145.1357421875,6145.1357421875,5967.015865602355,6145.1357421875,135764900
2024-04-03,6033.81103515625,6189.665932743312,5944.751093677929,6189.665932743312,115372600
2024-04-04,6122.87060546875,6167.400573508523,6011.545685369319,6011.545685369319,63174900
2024-04-05,6078.34033203125,6145.13528073489,6078.34033203125,6078.34033203125,46111500
2024-04-16,5900.220703125,5989.280638266509,5610.775913915095,5655.30588148585,180012400
2024-04-17,5900.220703125,6033.810605837264,5900.220703125,5967.0156544811325,83840200
2024-04-18,6056.07568359375,6145.1356201171875,5989.280731201172,6056.07568359375,106893900
2024-04-19,5989.28076171875,6056.075714451673,5922.485808985827,5989.28076171875,47943300
2024-04-22,5989.28076171875,6122.870667184596,5855.690856252904,6122.870667184596,121727900
2024-04-23,6078.34033203125,6167.400263636104,5989.280400426396,6100.605314932463,106699200
2024-04-24,6278.7255859375,6278.7255859375,6145.135679853724,6167.400664201019,117586500
2024-04-25,6189.66552734375,6300.990446900292,6167.400543432442,6278.725462988984,111803500
2024-04-26,6011.5458984375,6256.460731336805,6011.5458984375,6234.195746527777,125875000
2024-04-29,6167.40087890625,6189.665864028655,5922.486042559793,5922.486042559793,77938400
2024-04-30,6145.1357421875,6278.725649626358,6033.810819321784,6056.075803894927,189991300
2024-05-02,5633.041015625,6056.075716403162,5388.126188858696,6056.075716403162,501849300
2024-05-03,5477.18603515625,5722.100857866489,5388.126099625254,5610.775938452744,269305400
2024-05-06,5588.5107421875,5699.835657370518,5477.185827004482,5566.245759150896,184234200
2024-05-07,5588.5107421875,5699.835657370518,5566.245759150896,5633.040708260707,130410300
2024-05-08,5588.5107421875,5744.365623443725,5566.245759150896,5633.040708260707,117065300
2024-05-13,5521.71630859375,5588.511263939642,5454.921353247858,5521.71630859375,128638300
2024-05-14,5521.71630859375,5610.776249054939,5499.451323478453,5499.451323478453,94048400
2024-05-15,5677.5712890625,5699.836274509804,5521.716390931373,5521.716390931373,80923000
2024-05-16,5655.30615234375,5788.896061454232,5633.041167492002,5744.366091750738,114806300
2024-05-17,5855.69091796875,5922.485871405655,5655.306057658032,5655.306057658032,133153900
2024-05-20,5633.041015625,5900.220826642787,5521.716094367589,5833.42587388834,168796000
2024-05-21,5365.86083984375,5588.510667223159,5321.330874367868,5543.980701747277,307362900
2024-05-22,5388.1259765625,5477.1859100594,5299.066043065599,5343.5960098140495,171675900
2024-05-27,5187.7412109375,5388.1260645788625,5187.7412109375,5365.861080840933,258450900
2024-05-28,5299.06640625,5365.86136095063,5187.741481748949,5210.00646664916,93701700
2024-05-29,5165.4765625,5232.271518049569,5076.416621767242,5187.74154768319,169386300
2024-05-30,5232.27099609375,5343.595910904255,4920.561234624335,5143.211064245345,236632600
2024-05-31,5254.5361328125,5365.861050880561,5254.5361328125,5343.596067266949,169567000
2024-06-03,5432.65625,5477.186219262295,5365.861296106557,5410.391265368852,92525600
2024-06-04,5477.18603515625,5588.510954569995,5454.921051273501,5477.18603515625,137800600
2024-06-05,5343.5966796875,5477.186596679688,5321.3316935221355,5454.921610514323,102327300
2024-06-06,5499.451171875,5521.716156376518,5410.391233868927,5454.921202871963,85735200
2024-06-07,5588.5107421875,5588.5107421875,5477.185827004482,5566.245759150896,99092800
2024-06-10,5588.5107421875,5655.305691297311,5521.715793077689,5588.5107421875,80154400
2024-06-11,5454.92138671875,5566.246312978316,5454.92138671875,5521.71634247449,56254400
2024-06-12,5276.80126953125,5410.391175089003,5254.536285271624,5388.126190829378,120857200
2024-06-13,5232.27099609375,5343.595910904255,5210.006013131649,5321.330927942154,162616700
2024-06-14,5120.9462890625,5232.271208389945,5031.886353600543,5210.006224524456,203241500
2024-06-19,5120.9462890625,5210.006224524456,5054.151337466033,5143.211272927989,116004200
2024-06-20,5299.06640625,5299.06640625,5120.946527048319,5187.741481748949,82660000
2024-06-21,5454.92138671875,5521.71634247449,5365.861445711097,5388.1264309630105,184240600
2024-06-24,5343.5966796875,5454.921610514323,5343.5966796875,5410.391638183593,58831900
2024-06-25,5276.80126953125,5321.331238050501,5187.741332492748,5276.80126953125,159983800
2024-06-26,5210.00634765625,5365.8612383981035,5210.00634765625,5299.066285223023,92895700
2024-06-27,5343.5966796875,5410.391638183593,5232.271748860677,5254.536735026042,117602400
2024-06-28,5477.18603515625,5566.245970687246,5343.5961318597565,5343.5961318597565,191371600
2024-07-01,5566.24609375,5566.24609375,5432.6561875,5499.451140624999,100408200
2024-07-02,5521.71630859375,5655.306219285534,5477.186338363155,5588.511263939642,159356600
2024-07-03,5543.98095703125,5610.775908320784,5432.656038215362,5588.510924557606,70017100
2024-07-04,5566.24609375,5699.836,5543.9811093749995,5566.24609375,90147800
2024-07-05,5722.1005859375,5788.895534411478,5610.775671814202,5633.040654638861,111646800
2024-07-08,5543.98095703125,5722.100827136672,5521.715973268073,5699.835843373494,138144000
2024-07-09,5677.5712890625,5699.836274509804,5521.716390931373,5543.981376378677,84177600
2024-07-10,5677.5712890625,5744.366245404412,5610.7763327205885,5677.5712890625,59685300
2024-07-11,5699.83642578125,5722.101411819458,5655.306453704834,5699.83642578125,66789800
2024-07-12,5722.1005859375,5833.425500060797,5699.8356031128405,5744.3655687621595,136132200
2024-07-15,5655.30615234375,5744.366091750738,5610.776182640256,5744.366091750738,66071800
2024-07-16,5655.30615234375,5699.836122047244,5610.776182640256,5699.836122047244,64687900
2024-07-17,5744.36572265625,5811.160672919695,5677.570772392805,5744.36572265625,109729800
2024-07-18,5833.42578125,5877.955749045802,5788.895813454199,5833.42578125,132532000
2024-07-19,5811.1611328125,5811.1611328125,5744.366177262931,5788.896147629311,63165500
2024-07-22,5967.015625,5967.015625,5811.160739272388,5855.690706623134,110467000
2024-07-23,5900.220703125,6011.545622051887,5833.425751768868,6011.545622051887,77861700
2024-07-24,5766.630859375,5855.690795427124,5766.630859375,5788.895843388031,63940900
2024-07-25,5855.69091796875,5855.69091796875,5699.836026615969,5744.365995573907,66655400
2024-07-26,5833.42578125,5900.220732943702,5788.895813454199,5855.690765147901,76519500
2024-07-29,5766.630859375,5833.425811414093,5744.365875361969,5833.425811414093,54435300
2024-07-30,5766.630859375,5833.425811414093,5677.570923322876,5766.630859375,86701400
2024-07-31,5699.83642578125,5766.631383895874,5677.571439743042,5699.83642578125,99004100
2024-08-01,6011.5458984375,6011.5458984375,5788.896050347222,5833.426019965277,163086200
2024-08-02,6056.07568359375,6122.870635986328,5944.750762939453,5967.0157470703125,167892400
2024-08-05,5855.69091796875,5989.280824842562,5788.895964531844,5967.015840363593,184384000
2024-08-06,5900.220703125,5967.0156544811325,5811.160767983491,5922.485686910378,95785000
2024-08-07,6033.81103515625,6033.81103515625,5922.486108308349,5989.2810644170895,84582200
2024-08-08,6056.07568359375,6100.605651855469,5989.280731201172,6056.07568359375,81408500
2024-08-09,6100.60546875,6145.135435675182,6056.075501824817,6078.340485287408,79710700
2024-08-12,6145.1357421875,6145.1357421875,6033.810819321784,6122.870757614357,50756000
2024-08-13,6234.1953125,6234.1953125,6100.605412946429,6100.605412946429,68666000
2024-08-14,6300.99072265625,6323.255707541961,6256.460752884828,6300.99072265625,97695100
2024-08-15,6256.46044921875,6300.990416828848,6167.400513998554,6300.990416828848,75955500
2024-08-16,6300.99072265625,6345.520692427673,6256.460752884828,6300.99072265625,64266400
2024-08-19,6367.78564453125,6367.78564453125,6256.460720675808,6300.9906902179855,50246100
2024-08-20,6412.3154296875,6545.905334472656,6367.785461425781,6412.3154296875,102615900
2024-08-21,6456.84521484375,6501.375181842673,6434.580231344289,6501.375181842673,88487800
2024-08-22,6278.7255859375,6390.05050767398,6167.400664201019,6367.785523326685,157323000
2024-08-23,6278.7255859375,6300.990570284796,6211.930632895612,6234.195617242908,111752100
2024-08-26,6278.7255859375,6323.255554632092,6234.195617242908,6278.7255859375,78515400
2024-08-27,6256.46044921875,6278.725433023799,6167.400513998554,6256.46044921875,91686700
2024-08-28,6434.580078125,6434.580078125,6234.195231401384,6256.460214370675,114606200
2024-08-29,6323.25537109375,6501.375240702025,6323.25537109375,6501.375240702025,94475900
2024-08-30,6345.5205078125,6390.050476288377,6300.9905393366225,6323.255523574561,153760500
2024-09-02,6412.3154296875,6479.110382080078,6345.520477294922,6412.3154296875,82176000
2024-09-03,6300.99072265625,6456.845616856228,6278.725737770539,6412.315647084805,75100800
2024-09-04,6390.05078125,6390.05078125,6234.195884146342,6234.195884146342,78789800
2024-09-05,6390.05078125,6434.5807518510455,6345.520810648955,6345.520810648955,59432000
2024-09-06,6456.84521484375,6479.110198343212,6367.785280845906,6390.0502643453665,63619300
2024-09-09,6456.84521484375,6456.84521484375,6412.315247844828,6456.84521484375,71430300
2024-09-10,6456.84521484375,6479.110198343212,6434.580231344289,6456.84521484375,73515700
2024-09-11,6568.17041015625,6590.435394597458,6479.1104723914195,6501.375456832628,91822300
2024-09-12,6501.37548828125,6612.700411025792,6501.37548828125,6568.170441927975,68254300
2024-09-13,6479.1103515625,6501.375335588487,6434.5803835105235,6501.375335588487,45854000
2024-09-17,6612.7001953125,6634.965179135101,6501.375276199495,6523.640260022095,96428000
2024-09-18,6590.43505859375,6634.96502520587,6545.90509198163,6568.1700752876895,47279200
2024-09-19,6590.43505859375,6724.02495843011,6590.43505859375,6634.96502520587,124377800
2024-09-20,6501.37548828125,6612.700411025792,6501.37548828125,6590.435426476884,97901700
2024-09-23,6634.96533203125,6634.96533203125,6501.375426017198,6523.640410352874,79675600
2024-09-24,6612.7001953125,6657.230162957701,6568.170227667298,6590.435211489898,81817100
2024-09-25,6412.3154296875,6545.905334472656,6278.725524902344,6545.905334472656,192197100
2024-09-26,6390.05078125,6412.315766550523,6323.255825348432,6390.05078125,173044000
2024-09-27,6278.7255859375,6345.520538979388,6234.195617242908,6256.460601590204,161405200
2024-09-30,6167.40087890625,6256.460819395871,6122.870908661439,6234.195834273465,166203500
2024-10-01,6278.7255859375,6300.990570284796,6189.665648548315,6234.195617242908,82690100
2024-10-02,6211.9306640625,6323.255586357527,6167.400695144489,6256.460632980511,91076400
2024-10-03,6278.7255859375,6300.990570284796,6145.135679853724,6234.195617242908,86264900
2024-10-04,6189.66552734375,6278.725462988984,6145.1355595211335,6256.460479077676,79485300
2024-10-07,6122.87060546875,6167.400573508523,6056.075653409091,6167.400573508523,103943100
2024-10-08,6300.99072265625,6390.050662199094,6033.810904027717,6078.3408737991385,132141500
2024-10-09,6189.66552734375,6390.050382545526,6189.66552734375,6300.990446900292,76515700
2024-10-10,6189.66552734375,6278.725462988984,6145.1355595211335,6167.400543432442,44291900
2024-10-11,6189.66552734375,6256.460479077676,6167.400543432442,6256.460479077676,45331500
2024-10-14,6167.40087890625,6211.93084915106,6145.135893783845,6167.40087890625,55885300
2024-10-15,6278.7255859375,6323.255554632092,6167.400664201019,6234.195617242908,90358600
2024-10-16,6234.1953125,6300.990262276786,6167.400362723214,6278.725279017857,133022500
2024-10-17,6434.580078125,6456.845061094291,6234.195231401384,6278.725197339966,90219900
2024-10-18,6390.05078125,6501.375707752613,6390.05078125,6479.110722452091,57379200
2024-10-21,6412.3154296875,6456.845397949219,6345.520477294922,6456.845397949219,43056000
2024-10-22,6300.99072265625,6390.050662199094,6300.99072265625,6367.7856773133835,43582700
2024-10-23,6300.99072265625,6345.520692427673,6256.460752884828,6300.99072265625,38222900
2024-10-24,6211.9306640625,6367.785555275538,6211.9306640625,6234.195648521506,65877100
2024-10-25,6278.7255859375,6278.7255859375,6211.930632895612,6211.930632895612,34637500
2024-10-28,6078.34033203125,6300.9901610433835,6056.075349130037,6300.9901610433835,114500800
2024-10-29,6078.34033203125,6100.605314932463,5989.280400426396,6056.075349130037,91268300
2024-10-30,6011.5458984375,6033.810883246528,5855.691004774305,5855.691004774305,122132700
2024-10-31,5967.015625,6078.340543376866,5967.015625,6011.545592350746,126730700
2024-11-01,5922.48583984375,5989.280792924695,5833.4259024024905,5989.280792924695,101423100
2024-11-04,6011.5458984375,6056.0758680555555,5811.161035156249,5877.955989583333,80208800
2024-11-05,6167.40087890625,6189.665864028655,5944.751027682198,5989.280997927008,88661200
2024-11-06,5833.42578125,6167.400539718512,5833.42578125,6167.400539718512,147272800
2024-11-07,5722.1005859375,5833.425500060797,5722.1005859375,5788.895534411478,154758500
2024-11-08,5633.041015625,5811.160889636858,5588.511047122036,5722.100952630929,192423000
2024-11-11,5655.30615234375,5744.366091750738,5477.186273529774,5610.776182640256,125606000
2024-11-12,5677.5712890625,5744.366245404412,5633.041318167892,5677.5712890625,117281700
2024-11-13,5722.1005859375,5833.425500060797,5699.8356031128405,5788.895534411478,102748300
2024-11-14,5677.5712890625,5766.631230851716,5655.306303615196,5677.5712890625,69750600
2024-11-15,5655.30615234375,5699.836122047244,5610.776182640256,5610.776182640256,41079700
2024-11-18,5633.041015625,5722.100952630929,5543.981078619071,5655.305999876482,77471700
2024-11-19,5566.24609375,5677.571015625,5543.9811093749995,5677.571015625,95495700
2024-11-20,5543.98095703125,5655.305875847139,5521.715973268073,5633.040892083961,68707200
2024-11-21,5477.18603515625,5543.980986804497,5454.921051273501,5543.980986804497,76579300
2024-11-22,5566.24609375,5610.7760625,5432.6561875,5454.921171875,80236400
2024-11-25,5855.69091796875,5877.9559024477185,5633.0410731790635,5633.0410731790635,183449100
2024-11-26,5699.83642578125,5877.956314086914,5633.041467666626,5877.956314086914,107194300
2024-11-28,5744.36572265625,5811.160672919695,5655.3057889716565,5655.3057889716565,81883200
2024-11-29,5477.18603515625,5677.570890100991,5454.921051273501,5633.040922335493,157628700
2024-12-02,5343.5966796875,5566.2465413411455,5321.3316935221355,5499.451582845052,114555300
2024-12-03,5588.5107421875,5588.5107421875,5432.655860931275,5432.655860931275,99509800
2024-12-04,5677.5712890625,5744.366245404412,5543.981376378677,5588.511347273285,75260000
2024-12-05,5477.18603515625,5677.570890100991,5477.18603515625,5655.305906218242,69528700
2024-12-06,5543.98095703125,5588.510924557606,5454.921021978539,5521.715973268073,75989700
2024-12-09,5677.5712890625,5677.5712890625,5499.451405484069,5499.451405484069,74220300
2024-12-10,5610.77587890625,5633.040862552703,5543.98092796689,5588.510895259797,92245000
2024-12-11,5610.77587890625,5699.835813492064,5610.77587890625,5610.77587890625,62509600
2024-12-12,5454.92138671875,5543.981327726403,5432.6564014668365,5521.71634247449,96707500
2024-12-13,5365.86083984375,5432.655788057573,5321.330874367868,5365.86083984375,135581400
2024-12-16,5410.39111328125,5432.656097286523,5254.536225244342,5254.536225244342,105375900
2024-12-17,5299.06640625,5410.39133075105,5276.80142134979,5388.12634585084,72109300
2024-12-18,5187.7412109375,5343.5960971030045,5143.211243461641,5276.801145889217,153164600
2024-12-19,5054.1513671875,5098.681335180341,4987.356415198237,5009.621399194658,277793000
2024-12-20,5054.1513671875,5120.946319176762,5009.621399194658,5054.1513671875,148568600
2024-12-23,5187.7412109375,5232.271178413358,5098.681275985783,5165.4762271995705,82910100
2024-12-24,5120.9462890625,5232.271208389945,5120.9462890625,5187.741240658967,41240900
2024-12-27,5165.4765625,5210.0065328663795,5120.9465921336205,5120.9465921336205,46126800
2024-12-30,5076.41650390625,5120.946473238761,5031.8865345737395,5054.151519239995,96782100
2025-01-02,5210.00634765625,5210.00634765625,5076.41644130609,5076.41644130609,82914600
2025-01-03,5165.4765625,5232.271518049569,5143.211577316811,5210.0065328663795,58067100
2025-01-06,5054.1513671875,5187.741271166024,5031.886383191079,5187.741271166024,68443700
2025-01-07,4987.3564453125,5031.886413574219,4942.826477050781,4987.3564453125,96982300
2025-01-08,5120.9462890625,5120.9462890625,4987.356385869565,4987.356385869565,118246100
2025-01-09,5120.9462890625,5143.211272927989,5076.416321331521,5098.68130519701,56491700
2025-01-10,4987.3564453125,5143.211334228516,4987.3564453125,5120.946350097656,77751500
2025-01-13,4920.5615234375,4942.826507706448,4876.031554899604,4898.296539168552,99953900
2025-01-14,4809.23681640625,4965.09171323423,4809.23681640625,4831.50180166739,97351900
2025-01-15,5120.9462890625,5187.741240658967,4853.76648267663,4876.031466542119,194025700
2025-01-16,5232.27099609375,5521.7157746010635,5210.006013131649,5410.390859790558,204359900
2025-01-17,5232.27099609375,5388.125876828457,5120.946081283244,5165.476047207447,114054600
2025-01-20,5343.5966796875,5388.126652018229,5276.801721191407,5343.5966796875,84338400
2025-01-21,5388.1259765625,5499.450893433625,5365.860993188275,5432.6559433109505,115355900
2025-01-22,5477.18603515625,5521.716002921748,5432.6560673907525,5477.18603515625,117929800
2025-01-23,5499.451171875,5610.776094382591,5499.451171875,5521.716156376518,120893700
2025-01-24,5454.92138671875,5566.246312978316,5454.92138671875,5566.246312978316,96161800
2025-01-30,5432.65625,5543.981173155737,5410.391265368852,5432.65625,101400400
2025-01-31,5365.86083984375,5543.980701747277,5365.86083984375,5499.450736271396,107861000
2025-02-03,5165.4765625,5343.596443965517,5076.416621767242,5321.331458782328,182181700
2025-02-04,5054.1513671875,5210.006255162445,5009.621399194658,5187.741271166024,121871500
2025-02-05,4920.5615234375,4987.356476244344,4876.031554899604,4987.356476244344,185656000
2025-02-06,4542.056640625,4831.501426547182,4452.996706495098,4831.501426547182,642118700
2025-02-07,4586.5869140625,4586.5869140625,4408.4670339047325,4452.997003944175,407896100
2025-02-10,4452.9970703125,4586.586982421875,4444.091076171875,4586.586982421875,169384300
2025-02-11,4346.125,4408.466956967213,4230.347079918033,4230.347079918033,316743200
2025-02-12,4399.56103515625,4408.467029154543,4301.5951011750385,4381.749047159667,225073300
2025-02-13,4475.26171875,4519.791686100746,4363.936800373134,4399.560774253731,215271400
2025-02-14,4564.32177734375,4631.116730182927,4426.278874809452,4542.0567930640245,239709300
2025-02-17,4831.50146484375,4876.031432261665,4608.851627754176,4631.116611463133,223837300
2025-02-18,4853.7666015625,4942.826539205848,4786.971648329988,4853.7666015625,157430200
2025-02-19,4608.85205078125,4809.236922554348,4564.322079276117,4786.971936801781,204335500
2025-02-20,4586.5869140625,4653.381869121663,4542.056944023058,4564.321929042779,98363500
2025-02-21,4519.79150390625,4542.056486684113,4452.99655557266,4452.99655557266,152528600
2025-02-24,4475.26171875,4519.791686100746,4435.184748134328,4497.5267024253735,127578500
2025-02-25,4337.21875,4475.261646560574,4328.312756673511,4452.996663244353,224607800
2025-02-26,4381.7490234375,4435.184987137957,4319.407065786967,4328.313059737043,161836900
2025-02-27,4150.19287109375,4408.466676376408,4150.19287109375,4390.65468980519,334919800
2025-02-28,4096.75732421875,4176.911271866508,4052.227353303329,4114.569312584918,464696700
2025-03-03,4363.93701171875,4435.184962930484,4185.817133689413,4230.347103196747,257118300
2025-03-04,4310.5009765625,4381.748926588327,4230.347032783446,4363.93693908187,144346500
2025-03-05,4328.31298828125,4497.526870539159,4328.31298828125,4328.31298828125,252222800
2025-03-06,4337.21875,4435.184676591375,4337.21875,4372.842723305955,194909200
2025-03-07,4310.5009765625,4337.218957822185,4283.782995302815,4337.218957822185,117916600
2025-03-10,4194.72314453125,4239.253114218418,4150.193174844082,4212.535132406118,231152200
2025-03-11,4221.44091796875,4257.064891960047,4132.380982990507,4141.286976488331,150738100
2025-03-12,4346.125,4346.125,4230.347079918033,4230.347079918033,129973900
2025-03-13,4221.44091796875,4399.5607879252375,4194.722937475277,4399.5607879252375,176286000
2025-03-14,4221.44091796875,4274.876878955696,4132.380982990507,4132.380982990507,154331400
2025-03-17,4168.0048828125,4248.158822866587,4150.192896133814,4221.440842848558,135692800
2025-03-18,4034.4150390625,4176.910934481926,3829.577189397075,4168.004941018212,387565100
2025-03-19,4168.0048828125,4185.8168694911865,3954.2610426682695,4034.414982722356,273084900
2025-03-20,4114.5693359375,4248.159249441965,4105.663341703869,4239.253255208334,138209700
2025-03-21,3927.543212890625,4105.663086491107,3900.8252318505524,4096.757092811083,374396400
2025-03-24,3972.0732421875,4034.4151989034476,3785.0473720396585,3874.1073102052974,319017400
2025-03-25,4221.44091796875,4283.78287245352,4007.6970740209654,4007.6970740209654,313034100
2025-03-26,4586.5869140625,4608.85189908222,4390.655045888956,4435.185015928398,582172700
2025-03-27,4631.11669921875,4675.646667480469,4497.526794433594,4586.586730957031,301025300
2025-04-08,4159.09912109375,4301.595022458846,4007.6972258933347,4007.6972258933347,738455000
2025-04-09,4194.72314453125,4265.971096030719,4123.475193031781,4123.475193031781,316821100
2025-04-10,4475.26171875,4653.381588152985,4426.278754664179,4631.116604477612,559966600
2025-04-11,4542.056640625,4608.851591222427,4408.466739430147,4452.996706495098,384917500
2025-04-14,4655.9404296875,4655.9404296875,4557.9206311677635,4557.9206311677635,423716000
2025-04-15,4616.73291015625,4724.554697866905,4616.73291015625,4704.950736464968,230981700
2025-04-16,4538.31689453125,4655.9406585363795,4499.1089731962065,4646.138678202618,201660000
2025-04-17,4508.9111328125,4567.723017153533,4479.505190641984,4538.317074983016,165381400
2025-04-21,4518.712890625,4548.118831344902,4469.702989425163,4508.910910385032,83034600
2025-04-22,4626.53466796875,4626.53466796875,4499.108924995035,4518.712885452529,126426200
2025-04-23,4802.97021484375,4802.97021484375,4646.1385343590555,4685.346454480229,273395600
2025-04-24,4793.16845703125,4925.495193575058,4763.76251557707,4851.980339939609,282970000
2025-04-25,4802.97021484375,4861.78209502551,4802.97021484375,4861.78209502551,134208400
2025-04-28,4822.57421875,4881.386099466464,4793.168278391769,4851.980159108231,90697900
2025-04-29,4842.17822265625,4851.980202864056,4783.3663414094135,4832.376242448444,108857600
2025-04-30,4793.16845703125,4822.574398485429,4714.752613153438,4802.970437515976,278360600
2025-05-02,4861.7822265625,4881.386187153478,4812.772325085056,4881.386187153478,146800800
2025-05-05,4881.38623046875,4999.009995058358,4861.7822697038155,4891.188210851217,154073100
2025-05-06,4881.38623046875,4950.000093146022,4881.38623046875,4925.495142189853,120165500
2025-05-07,4851.98046875,4950.000276199495,4851.98046875,4950.000276199495,100674600
2025-05-08,4695.1484375,4925.494968358559,4695.1484375,4861.782098121085,205199700
2025-05-09,4675.54443359375,4734.3563132615955,4655.940473704468,4695.148393483032,164014200
2025-05-14,4950.0,4950.0,4783.366336633663,4793.168316831683,342468200
2025-05-15,5219.5546875,5293.069542253521,4950.000220070423,4974.50517165493,300147300
2025-05-16,5366.583984375,5366.583984375,5097.029537671233,5317.574084974315,229382100
2025-05-19,5415.59423828125,5464.60414089013,5293.06948175905,5342.07938436793,191440600
2025-05-20,5293.0693359375,5440.099039713542,5244.059434678819,5391.089138454861,145525700
2025-05-21,5342.0791015625,5440.09890159117,5268.564251540997,5293.069201548165,167239400
2025-05-22,5342.0791015625,5391.089001576835,5293.069201548165,5342.0791015625,137585600
2025-05-23,5317.57421875,5366.58411938364,5268.56431811636,5342.07916906682,67336400
2025-05-26,5366.583984375,5366.583984375,5195.049336472603,5317.574084974315,102960800
2025-05-27,5293.0693359375,5391.089138454861,5293.0693359375,5391.089138454861,86083800
2025-05-28,5195.04931640625,5317.574064434699,5195.04931640625,5293.069114829009,190669100
2025-06-02,4974.5048828125,5146.039533943966,4925.494982489224,5097.029633620689,373474500
2025-06-03,4950.0,5023.514851485148,4851.980198019802,4999.009900990099,169321800
2025-06-04,4925.4951171875,5023.5149205146145,4881.386205690299,5023.5149205146145,139577800
2025-06-05,4974.5048828125,4974.5048828125,4900.990032327586,4949.999932650862,69179700
2025-06-10,5146.03955078125,5146.03955078125,4974.504899088542,4974.504899088542,158265000
2025-06-11,5097.02978515625,5195.049588716947,5048.019883375901,5195.049588716947,90666100
2025-06-12,5072.52490234375,5121.534804781853,5023.514999905646,5121.534804781853,72423700
2025-06-13,5048.02001953125,5146.03982573574,4999.0101164290045,5072.524971082373,128071000
2025-06-16,5048.02001953125,5097.029922633495,4999.0101164290045,5048.02001953125,61695600
2025-06-17,4999.009765625,5121.5345147824755,4999.009765625,5072.524615119485,70657700
2025-06-18,4974.5048828125,4999.009832974138,4925.494982489224,4974.5048828125,53353000
2025-06-19,4871.583984375,4949.9998231576965,4812.772105287978,4949.9998231576965,114769600
2025-06-20,4832.37646484375,4891.188348797224,4734.356658254627,4842.178445502662,301154300
2025-06-23,4822.57421875,4832.3761988694105,4704.950457317073,4773.564318152948,119439200
2025-06-24,4925.4951171875,5023.5149205146145,4925.4951171875,4950.000068019279,126563900
2025-06-25,4783.3662109375,4949.999869925076,4783.3662109375,4925.494920073962,139963400
2025-06-26,4925.4951171875,4925.4951171875,4812.772343361318,4851.980264692164,94704500
2025-06-30,4783.3662109375,4949.999869925076,4783.3662109375,4949.999869925076,220479900
2025-07-01,4655.9404296875,4812.772107319079,4616.732510279606,4802.970127467105,319875800
2025-07-02,4675.54443359375,4675.54443359375,4616.732553925904,4636.336513815186,159152200
2025-07-03,4646.138671875,4753.960455399525,4626.534711234177,4685.346593156645,103849000
2025-07-04,4646.138671875,4695.148573477057,4606.930750593354,4655.9406521954115,104170500
2025-07-07,4646.138671875,4655.9406521954115,4587.326789952532,4646.138671875,120538300
2025-07-08,4626.53466796875,4655.940608654992,4606.930707511255,4616.732687740003,132853800
2025-07-09,4616.73291015625,4665.742813661093,4577.524987352375,4626.534890857219,110198500
2025-07-10,4724.5546875,4734.356668179461,4636.336861384855,4655.940822743776,160889700
2025-07-11,4871.583984375,4891.187944070674,4734.356266505281,4753.960226200956,219980300
2025-07-14,4597.12890625,4891.188324560235,4577.524945029318,4881.386343949894,429438700
2025-07-15,4606.9306640625,4646.138584607713,4597.128683926197,4606.9306640625,206958200
2025-07-16,4597.12890625,4665.742770522388,4587.326925639659,4636.336828691365,323831100
2025-07-17,4626.53466796875,4626.53466796875,4587.32674705376,4606.930707511255,120304000
2025-07-18,4646.138671875,4714.75253411788,4626.534711234177,4665.742632515822,161262400
2025-07-21,4587.32666015625,4675.54448054387,4587.32666015625,4675.54448054387,103387400
2025-07-22,4567.72265625,4616.732555995171,4557.920676300966,4587.326616148069,132984400
2025-07-23,4587.32666015625,4597.128640199319,4567.722700070112,4567.722700070112,115298400
2025-07-24,4704.95068359375,4744.158605957032,4587.326916503906,4597.128897094727,273623100
2025-07-25,4597.12890625,4704.950692963753,4597.12890625,4704.950692963753,88471700
2025-07-28,4606.9306640625,4655.940564744015,4597.128683926197,4636.336604471409,112048900
2025-07-29,4616.73291015625,4626.534890857219,4597.128948754313,4606.930929455281,74422700
2025-07-30,4528.5146484375,4626.534446022727,4528.5146484375,4616.732466264205,141263400
2025-07-31,4420.69287109375,4548.118607954546,4420.69287109375,4518.712668678977,155903600
2025-08-01,4440.296875,4518.712713852097,4420.692915286975,4479.504794426049,157949900
2025-08-04,4528.5146484375,4538.316628196023,4420.69287109375,4440.296830610796,174404800
2025-08-05,4655.9404296875,4685.346369243422,4567.722611019737,4597.128550575658,277668300
2025-08-06,4606.9306640625,4655.940564744015,4597.128683926197,4655.940564744015,79277900
2025-08-07,4587.32666015625,4646.138540414664,4587.32666015625,4646.138540414664,61453100
2025-08-08,4577.52490234375,4606.930843900563,4567.722921824813,4587.326882862688,71516700
2025-08-11,4626.53466796875,4685.346549341234,4606.930707511255,4616.732687740003,105204200
2025-08-12,4812.7724609375,4822.574441509674,4655.940771782714,4675.544732927062,301599000
2025-08-13,4773.564453125,4871.584257090605,4763.762472728439,4832.376335504363,180844900
2025-08-14,4753.96044921875,4832.376291680091,4744.158468911082,4812.772331064755,109457100
2025-08-15,4753.96044921875,4832.376291680091,4753.96044921875,4793.16837044942,126685400
2025-08-19,4704.95068359375,4773.564547729492,4685.34672241211,4763.762567138672,116454000
2025-08-20,4851.98046875,4851.98046875,4685.346796085858,4695.148776830808,144622900
2025-08-21,4802.97021484375,4851.980114995216,4763.762294722576,4851.980114995216,132019200
2025-08-22,4793.16845703125,4822.574398485429,4773.5644960617965,4822.574398485429,73104500
2025-08-25,4851.98046875,4881.386410984848,4822.574526515151,4851.98046875,149580800
2025-08-26,4802.97021484375,4851.980114995216,4763.762294722576,4851.980114995216,308891700
2025-08-27,4704.95068359375,4783.366528320313,4704.95068359375,4744.158605957032,113576300
2025-08-28,4675.54443359375,4753.960273150878,4675.54443359375,4695.148393483032,111707400
2025-08-29,4636.33642578125,4655.940385298296,4567.722567471591,4626.534446022727,176485100
2025-09-01,4508.9111328125,4577.524997877038,4371.683402683424,4459.901229194973,320335300
2025-09-02,4479.5048828125,4577.52468331168,4469.702902762582,4518.712803012172,150045600
2025-09-03,4528.5146484375,4567.722567471591,4479.504749644886,4528.5146484375,131617900
2025-09-04,4587.32666015625,4587.32666015625,4528.514779897837,4538.316759940905,88735300
2025-09-08,4401.08935546875,4655.940854894558,4371.683413227311,4655.940854894558,200234500
2025-09-09,4224.6533203125,4391.286977958236,4224.6533203125,4361.8810383736945,509366600
2025-09-10,4312.87109375,4332.475053267046,4263.861194957386,4273.663174715909,293494200
2025-09-11,4391.287109375,4450.09899030413,4361.881168910436,4391.287109375,366697800
2025-09-12,4430.4951171875,4459.90105823078,4391.28719579646,4410.89115649198,216960200
2025-09-15,4440.296875,4548.118653421633,4430.494895143488,4459.900834713024,231346000
2025-09-16,4391.287109375,4479.504930768694,4371.68314906529,4479.504930768694,122027400
2025-09-17,4420.69287109375,4430.494850852273,4352.079012784091,4391.286931818182,232702500
2025-09-18,4332.47509765625,4459.90083582261,4332.47509765625,4450.09885596366,177560100
2025-09-19,4293.267578125,4332.4755012129,4244.257674265125,4263.861635809076,235975900
2025-09-22,4332.47509765625,4332.47509765625,4273.6632185025455,4322.6731177973,107176100
2025-09-23,4322.67333984375,4342.277300568665,4283.46541839392,4303.069379118835,90675500
2025-09-24,4303.0693359375,4342.277256993878,4303.0693359375,4322.673296465689,85439100
2025-09-25,4273.66357421875,4322.673477592818,4273.66357421875,4312.871496918005,73946900
2025-09-26,4332.47509765625,4342.277077515201,4263.861238643594,4263.861238643594,86572900
2025-09-29,4312.87109375,4342.277033025568,4312.87109375,4332.475053267046,63753600
2025-09-30,4312.87109375,4361.880992542614,4293.267134232955,4332.475053267046,108639600
2025-10-01,4293.267578125,4312.87153966895,4263.861635809076,4273.6636165810505,92265100
2025-10-02,4273.66357421875,4352.079419617259,4273.66357421875,4322.673477592818,93387400
2025-10-03,4224.6533203125,4293.267179343097,4214.851340450986,4283.465199481583,102459100
2025-10-06,4175.6435546875,4244.257415914759,4175.6435546875,4234.455435739436,96040500
2025-10-07,4205.04931640625,4234.455255681818,4165.841397372159,4175.643377130682,100237500
2025-10-08,4165.841796875,4205.049719669118,4126.633874080882,4195.247738970588,97466800
2025-10-09,4303.0693359375,4361.881217522067,4116.831710919704,4156.039631976082,183242600
2025-10-10,4165.841796875,4332.47546875,4165.841796875,4322.6734880514705,139911200
2025-10-13,4146.23779296875,4156.039773566785,4116.831851174646,4126.63383177268,79178600
2025-10-14,4009.010009765625,4185.445658117168,4009.010009765625,4136.435755797295,188507000
2025-10-15,3969.802001953125,4058.01982421875,3930.5940809461804,4028.6138834635417,270562400
2025-10-16,4009.010009765625,4067.821892549473,3969.8020879097267,3969.8020879097267,125979600
2025-10-17,3969.802001953125,4028.6138834635417,3950.198041449653,4028.6138834635417,247510000
2025-10-20,4214.8515625,4234.455523255814,3989.4060138081395,4038.4159156976743,331939200
2025-10-21,4263.861328125,4303.069248383621,4214.851427801724,4263.861328125,230858900
2025-10-22,4244.25732421875,4371.683063744948,4205.049404364535,4263.861284145857,216261300
2025-10-23,4342.27734375,4352.079324209933,4224.653578230813,4224.653578230813,202102500
2025-10-24,4459.90087890625,4499.10879872081,4293.267219694368,4293.267219694368,350420300
2025-10-27,4381.4853515625,4508.911100041946,4322.6734676489095,4499.109119389681,245576100
2025-10-28,4420.69287109375,4420.69287109375,4352.079012784091,4401.088911576705,174666600
2025-10-29,4557.9208984375,4557.9208984375,4401.089211609543,4410.891192036291,176978800
2025-10-30,4704.95068359375,4734.356625366211,4557.920974731445,4577.524935913086,390256000
2025-10-31,4626.53466796875,4704.9505097987285,4626.53466796875,4695.148529569981,227378000
2025-11-03,4665.74267578125,4665.74267578125,4606.930793313419,4616.732773724724,129834200
2025-11-04,4636.33642578125,4695.148304332386,4626.534446022727,4665.742365056818,136412400
2025-11-05,4675.54443359375,4675.54443359375,4587.326614091981,4597.1285940366215,102878900
2025-11-06,4655.9404296875,4695.148349095395,4655.9404296875,4695.148349095395,57932600
2025-11-07,4655.9404296875,4685.346369243422,4646.138449835526,4655.9404296875,58845500
2025-11-10,4636.33642578125,4695.148304332386,4636.33642578125,4695.148304332386,88738200
2025-11-11,4587.32666015625,4655.940520457732,4518.712799854768,4646.138540414664,168794500
2025-11-12,4665.74267578125,4695.148617015166,4587.326832490809,4587.326832490809,138539800
2025-11-13,4606.9306640625,4665.742544880319,4597.128683926197,4665.742544880319,108100300
2025-11-14,4655.9404296875,4655.9404296875,4587.326570723684,4597.128550575658,73479600
2025-11-17,4724.5546875,4753.960629538382,4675.544784102697,4685.346764782158,136477100
2025-11-18,4695.1484375,4753.960317719207,4685.346457463465,4714.752397573069,127022100
2025-11-19,4753.96044921875,4753.96044921875,4704.9505476804125,4724.554508295748,107585700
2025-11-20,4842.17822265625,4891.188123695281,4802.970301825026,4842.17822265625,234717700
2025-11-21,4851.98046875,4871.584430239899,4802.970565025253,4842.17848800505,142452600
2025-11-24,4999.009765625,4999.009765625,4773.564227175245,4812.772146905638,303252000
2025-11-25,4925.4951171875,4999.009969682836,4851.980264692164,4974.505018851058,169379300
2025-11-26,4925.4951171875,4925.4951171875,4861.782245024876,4925.4951171875,128492000
2025-11-27,4763.76220703125,4925.494874553916,4753.960227181391,4925.494874553916,170213000
2025-11-28,4734.3564453125,4783.366346402691,4704.950504658385,4704.950504658385,128777200
2025-12-01,4763.76220703125,4812.772106280542,4724.554287631816,4753.960227181391,58603700
2025-12-02,4753.96044921875,4842.178271987758,4724.554508295748,4822.574311372423,104013500
2025-12-03,4783.3662109375,4822.574130699282,4724.554331294826,4753.960271116162,102556300
2025-12-04,4822.57421875,4842.178178988821,4783.366298272358,4832.3761988694105,59392600
2025-12-05,4802.97021484375,4842.178134964924,4773.56427475287,4842.178134964924,53969200
2025-12-08,4851.98046875,4861.782449494949,4812.772545770202,4851.98046875,62947600
2025-12-09,4793.16845703125,4881.3862813937885,4773.5644960617965,4871.584300909061,134575200
2025-12-10,4871.583984375,4871.583984375,4773.56418589663,4851.980024679326,96005900
2025-12-11,4851.98046875,4950.000276199495,4734.356699810606,4900.990372474747,151956700
2025-12-12,4724.5546875,4881.38637837137,4724.5546875,4881.38637837137,111830600
2025-12-15,4891.18798828125,4925.494918058774,4695.1483895525425,4724.554329361848,122451500
2025-12-16,4900.990234375,4950.00013671875,4822.574390625,4925.495185546875,137373200
2025-12-17,4925.4951171875,4925.4951171875,4861.782245024876,4891.18818602301,94254100
2025-12-18,5048.02001953125,5072.524971082373,4925.495261775637,4925.495261775637,150669000
2025-12-19,5072.52490234375,5097.029853562802,4999.010048686594,5072.52490234375,161960800
2025-12-22,4999.009765625,5097.029564950981,4925.494916130515,5072.524615119485,93615600
2025-12-23,4950.0,4999.009900990099,4900.990099009901,4950.0,44307700
2025-12-24,4950.0,4999.009900990099,4925.495049504951,4925.495049504951,40272500
2025-12-29,4974.5048828125,5048.019733297414,4949.999932650862,4974.5048828125,55697500
2025-12-30,4999.009765625,5048.01966528799,4949.99986596201,4974.504815793505,74077800
